$MeshFormat
4.1 0 8
$EndMeshFormat
$Entities
9 8 1 0
1 -2 -2 0 0 
2 2 -2 0 0 
3 2 2 0 0 
4 -2 2 0 0 
5 0 0 0 0 
6 1 0 0 0 
7 0 1 0 0 
8 -1 0 0 0 
9 0 -1 0 0 
1 -2 -2 0 2 -2 0 1 3 2 1 -2 
2 2 -2 0 2 2 0 1 2 2 2 -3 
3 -2 2 0 2 2 0 1 3 2 3 -4 
4 -2 -2 0 -2 2 0 1 1 2 4 -1 
5 5.551115123125783e-17 0 0 1 1 0 1 3 2 6 -7 
6 -1 5.551115123125783e-17 0 0 1 0 1 3 2 7 -8 
7 -1 -1 0 -5.551115123125783e-17 0 0 1 3 2 8 -9 
8 0 -1 0 1 -5.551115123125783e-17 0 1 3 2 9 -6 
1 -2 -2 0 2 2 0 1 5 8 1 2 3 4 -7 -6 -5 -8 
$EndEntities
$Nodes
17 1667 1 1667
0 1 0 1
1
-2 -2 0
0 2 0 1
2
2 -2 0
0 3 0 1
3
2 2 0
0 4 0 1
4
-2 2 0
0 6 0 1
5
1 0 0
0 7 0 1
6
0 1 0
0 8 0 1
7
-1 0 0
0 9 0 1
8
0 -1 0
1 1 0 39
9
10
11
12
13
14
15
16
17
18
19
20
21
22
23
24
25
26
27
28
29
30
31
32
33
34
35
36
37
38
39
40
41
42
43
44
45
46
47
-1.900000000000277 -2 0
-1.800000000000555 -2 0
-1.700000000000832 -2 0
-1.60000000000111 -2 0
-1.500000000001387 -2 0
-1.400000000001664 -2 0
-1.300000000001942 -2 0
-1.200000000002219 -2 0
-1.100000000002496 -2 0
-1.000000000002774 -2 0
-0.9000000000030515 -2 0
-0.8000000000033287 -2 0
-0.7000000000036062 -2 0
-0.6000000000038836 -2 0
-0.5000000000041611 -2 0
-0.4000000000044384 -2 0
-0.3000000000047156 -2 0
-0.2000000000049929 -2 0
-0.1000000000052705 -2 0
-5.504485756091526e-12 -2 0
0.09999999999472964 -2 0
0.1999999999950068 -2 0
0.299999999995284 -2 0
0.3999999999955617 -2 0
0.4999999999958389 -2 0
0.5999999999961165 -2 0
0.6999999999963937 -2 0
0.7999999999966709 -2 0
0.8999999999969486 -2 0
0.9999999999972258 -2 0
1.099999999997503 -2 0
1.199999999997781 -2 0
1.299999999998058 -2 0
1.399999999998336 -2 0
1.499999999998613 -2 0
1.599999999998891 -2 0
1.699999999999168 -2 0
1.799999999999445 -2 0
1.899999999999723 -2 0
1 2 0 39
48
49
50
51
52
53
54
55
56
57
58
59
60
61
62
63
64
65
66
67
68
69
70
71
72
73
74
75
76
77
78
79
80
81
82
83
84
85
86
2 -1.900000000000277 0
2 -1.800000000000555 0
2 -1.700000000000832 0
2 -1.60000000000111 0
2 -1.500000000001387 0
2 -1.400000000001664 0
2 -1.300000000001942 0
2 -1.200000000002219 0
2 -1.100000000002496 0
2 -1.000000000002774 0
2 -0.9000000000030515 0
2 -0.8000000000033287 0
2 -0.7000000000036062 0
2 -0.6000000000038836 0
2 -0.5000000000041611 0
2 -0.4000000000044384 0
2 -0.3000000000047156 0
2 -0.2000000000049929 0
2 -0.1000000000052705 0
2 -5.504485756091526e-12 0
2 0.09999999999472964 0
2 0.1999999999950068 0
2 0.299999999995284 0
2 0.3999999999955617 0
2 0.4999999999958389 0
2 0.5999999999961165 0
2 0.6999999999963937 0
2 0.7999999999966709 0
2 0.8999999999969486 0
2 0.9999999999972258 0
2 1.099999999997503 0
2 1.199999999997781 0
2 1.299999999998058 0
2 1.399999999998336 0
2 1.499999999998613 0
2 1.599999999998891 0
2 1.699999999999168 0
2 1.799999999999445 0
2 1.899999999999723 0
1 3 0 39
87
88
89
90
91
92
93
94
95
96
97
98
99
100
101
102
103
104
105
106
107
108
109
110
111
112
113
114
115
116
117
118
119
120
121
122
123
124
125
1.900000000000277 2 0
1.800000000000555 2 0
1.700000000000832 2 0
1.60000000000111 2 0
1.500000000001387 2 0
1.400000000001664 2 0
1.300000000001942 2 0
1.200000000002219 2 0
1.100000000002496 2 0
1.000000000002774 2 0
0.9000000000030515 2 0
0.8000000000033287 2 0
0.7000000000036062 2 0
0.6000000000038836 2 0
0.5000000000041611 2 0
0.4000000000044384 2 0
0.3000000000047156 2 0
0.2000000000049929 2 0
0.1000000000052705 2 0
5.504485756091526e-12 2 0
-0.09999999999472964 2 0
-0.1999999999950068 2 0
-0.299999999995284 2 0
-0.3999999999955617 2 0
-0.4999999999958389 2 0
-0.5999999999961165 2 0
-0.6999999999963937 2 0
-0.7999999999966709 2 0
-0.8999999999969486 2 0
-0.9999999999972258 2 0
-1.099999999997503 2 0
-1.199999999997781 2 0
-1.299999999998058 2 0
-1.399999999998336 2 0
-1.499999999998613 2 0
-1.599999999998891 2 0
-1.699999999999168 2 0
-1.799999999999445 2 0
-1.899999999999723 2 0
1 4 0 39
126
127
128
129
130
131
132
133
134
135
136
137
138
139
140
141
142
143
144
145
146
147
148
149
150
151
152
153
154
155
156
157
158
159
160
161
162
163
164
-2 1.900000000000277 0
-2 1.800000000000555 0
-2 1.700000000000832 0
-2 1.60000000000111 0
-2 1.500000000001387 0
-2 1.400000000001664 0
-2 1.300000000001942 0
-2 1.200000000002219 0
-2 1.100000000002496 0
-2 1.000000000002774 0
-2 0.9000000000030515 0
-2 0.8000000000033287 0
-2 0.7000000000036062 0
-2 0.6000000000038836 0
-2 0.5000000000041611 0
-2 0.4000000000044384 0
-2 0.3000000000047156 0
-2 0.2000000000049929 0
-2 0.1000000000052705 0
-2 5.504485756091526e-12 0
-2 -0.09999999999472964 0
-2 -0.1999999999950068 0
-2 -0.299999999995284 0
-2 -0.3999999999955617 0
-2 -0.4999999999958389 0
-2 -0.5999999999961165 0
-2 -0.6999999999963937 0
-2 -0.7999999999966709 0
-2 -0.8999999999969486 0
-2 -0.9999999999972258 0
-2 -1.099999999997503 0
-2 -1.199999999997781 0
-2 -1.299999999998058 0
-2 -1.399999999998336 0
-2 -1.499999999998613 0
-2 -1.599999999998891 0
-2 -1.699999999999168 0
-2 -1.799999999999445 0
-2 -1.899999999999723 0
1 5 0 15
165
166
167
168
169
170
171
172
173
174
175
176
177
178
179
0.9951847266502585 0.09801714055230534 0
0.9807852803038259 0.1950903225158687 0
0.9569403355024331 0.2902846780119318 0
0.9238795320817892 0.3826834334019886 0
0.8819212636904032 0.4713967380569389 0
0.8314696113679687 0.5555702344182949 0
0.7730104520841969 0.6343932857215511 0
0.7071067795733449 0.7071067827997501 0
0.634393282646958 0.7730104546074502 0
0.5555702316245595 0.8314696132346829 0
0.471396735522105 0.8819212650453002 0
0.3826834312318057 0.9238795329807084 0
0.2902846763682919 0.9569403360010258 0
0.1950903214145686 0.980785280522888 0
0.0980171400302339 0.995184726701678 0
1 6 0 15
180
181
182
183
184
185
186
187
188
189
190
191
192
193
194
-0.09801714055230534 0.9951847266502585 0
-0.1950903225158687 0.9807852803038259 0
-0.2902846780119318 0.9569403355024331 0
-0.3826834334019886 0.9238795320817892 0
-0.4713967380569389 0.8819212636904032 0
-0.5555702344182949 0.8314696113679687 0
-0.6343932857215511 0.7730104520841969 0
-0.7071067827997501 0.7071067795733449 0
-0.7730104546074502 0.634393282646958 0
-0.8314696132346829 0.5555702316245595 0
-0.8819212650453002 0.471396735522105 0
-0.9238795329807084 0.3826834312318057 0
-0.9569403360010258 0.2902846763682919 0
-0.980785280522888 0.1950903214145686 0
-0.995184726701678 0.0980171400302339 0
1 7 0 15
195
196
197
198
199
200
201
202
203
204
205
206
207
208
209
-0.9951847266502585 -0.09801714055230534 0
-0.9807852803038259 -0.1950903225158687 0
-0.9569403355024331 -0.2902846780119318 0
-0.9238795320817892 -0.3826834334019886 0
-0.8819212636904032 -0.4713967380569389 0
-0.8314696113679687 -0.5555702344182949 0
-0.7730104520841969 -0.6343932857215511 0
-0.7071067795733449 -0.7071067827997501 0
-0.634393282646958 -0.7730104546074502 0
-0.5555702316245595 -0.8314696132346829 0
-0.471396735522105 -0.8819212650453002 0
-0.3826834312318057 -0.9238795329807084 0
-0.2902846763682919 -0.9569403360010258 0
-0.1950903214145686 -0.980785280522888 0
-0.0980171400302339 -0.995184726701678 0
1 8 0 15
210
211
212
213
214
215
216
217
218
219
220
221
222
223
224
0.09801714055230534 -0.9951847266502585 0
0.1950903225158687 -0.9807852803038259 0
0.2902846780119318 -0.9569403355024331 0
0.3826834334019886 -0.9238795320817892 0
0.4713967380569389 -0.8819212636904032 0
0.5555702344182949 -0.8314696113679687 0
0.6343932857215511 -0.7730104520841969 0
0.7071067827997501 -0.7071067795733449 0
0.7730104546074502 -0.634393282646958 0
0.8314696132346829 -0.5555702316245595 0
0.8819212650453002 -0.471396735522105 0
0.9238795329807084 -0.3826834312318057 0
0.9569403360010258 -0.2902846763682919 0
0.980785280522888 -0.1950903214145686 0
0.995184726701678 -0.0980171400302339 0
2 1 0 1443
225
226
227
228
229
230
231
232
233
234
235
236
237
238
239
240
241
242
243
244
245
246
247
248
249
250
251
252
253
254
255
256
257
258
259
260
261
262
263
264
265
266
267
268
269
270
271
272
273
274
275
276
277
278
279
280
281
282
283
284
285
286
287
288
289
290
291
292
293
294
295
296
297
298
299
300
301
302
303
304
305
306
307
308
309
310
311
312
313
314
315
316
317
318
319
320
321
322
323
324
325
326
327
328
329
330
331
332
333
334
335
336
337
338
339
340
341
342
343
344
345
346
347
348
349
350
351
352
353
354
355
356
357
358
359
360
361
362
363
364
365
366
367
368
369
370
371
372
373
374
375
376
377
378
379
380
381
382
383
384
385
386
387
388
389
390
391
392
393
394
395
396
397
398
399
400
401
402
403
404
405
406
407
408
409
410
411
412
413
414
415
416
417
418
419
420
421
422
423
424
425
426
427
428
429
430
431
432
433
434
435
436
437
438
439
440
441
442
443
444
445
446
447
448
449
450
451
452
453
454
455
456
457
458
459
460
461
462
463
464
465
466
467
468
469
470
471
472
473
474
475
476
477
478
479
480
481
482
483
484
485
486
487
488
489
490
491
492
493
494
495
496
497
498
499
500
501
502
503
504
505
506
507
508
509
510
511
512
513
514
515
516
517
518
519
520
521
522
523
524
525
526
527
528
529
530
531
532
533
534
535
536
537
538
539
540
541
542
543
544
545
546
547
548
549
550
551
552
553
554
555
556
557
558
559
560
561
562
563
564
565
566
567
568
569
570
571
572
573
574
575
576
577
578
579
580
581
582
583
584
585
586
587
588
589
590
591
592
593
594
595
596
597
598
599
600
601
602
603
604
605
606
607
608
609
610
611
612
613
614
615
616
617
618
619
620
621
622
623
624
625
626
627
628
629
630
631
632
633
634
635
636
637
638
639
640
641
642
643
644
645
646
647
648
649
650
651
652
653
654
655
656
657
658
659
660
661
662
663
664
665
666
667
668
669
670
671
672
673
674
675
676
677
678
679
680
681
682
683
684
685
686
687
688
689
690
691
692
693
694
695
696
697
698
699
700
701
702
703
704
705
706
707
708
709
710
711
712
713
714
715
716
717
718
719
720
721
722
723
724
725
726
727
728
729
730
731
732
733
734
735
736
737
738
739
740
741
742
743
744
745
746
747
748
749
750
751
752
753
754
755
756
757
758
759
760
761
762
763
764
765
766
767
768
769
770
771
772
773
774
775
776
777
778
779
780
781
782
783
784
785
786
787
788
789
790
791
792
793
794
795
796
797
798
799
800
801
802
803
804
805
806
807
808
809
810
811
812
813
814
815
816
817
818
819
820
821
822
823
824
825
826
827
828
829
830
831
832
833
834
835
836
837
838
839
840
841
842
843
844
845
846
847
848
849
850
851
852
853
854
855
856
857
858
859
860
861
862
863
864
865
866
867
868
869
870
871
872
873
874
875
876
877
878
879
880
881
882
883
884
885
886
887
888
889
890
891
892
893
894
895
896
897
898
899
900
901
902
903
904
905
906
907
908
909
910
911
912
913
914
915
916
917
918
919
920
921
922
923
924
925
926
927
928
929
930
931
932
933
934
935
936
937
938
939
940
941
942
943
944
945
946
947
948
949
950
951
952
953
954
955
956
957
958
959
960
961
962
963
964
965
966
967
968
969
970
971
972
973
974
975
976
977
978
979
980
981
982
983
984
985
986
987
988
989
990
991
992
993
994
995
996
997
998
999
1000
1001
1002
1003
1004
1005
1006
1007
1008
1009
1010
1011
1012
1013
1014
1015
1016
1017
1018
1019
1020
1021
1022
1023
1024
1025
1026
1027
1028
1029
1030
1031
1032
1033
1034
1035
1036
1037
1038
1039
1040
1041
1042
1043
1044
1045
1046
1047
1048
1049
1050
1051
1052
1053
1054
1055
1056
1057
1058
1059
1060
1061
1062
1063
1064
1065
1066
1067
1068
1069
1070
1071
1072
1073
1074
1075
1076
1077
1078
1079
1080
1081
1082
1083
1084
1085
1086
1087
1088
1089
1090
1091
1092
1093
1094
1095
1096
1097
1098
1099
1100
1101
1102
1103
1104
1105
1106
1107
1108
1109
1110
1111
1112
1113
1114
1115
1116
1117
1118
1119
1120
1121
1122
1123
1124
1125
1126
1127
1128
1129
1130
1131
1132
1133
1134
1135
1136
1137
1138
1139
1140
1141
1142
1143
1144
1145
1146
1147
1148
1149
1150
1151
1152
1153
1154
1155
1156
1157
1158
1159
1160
1161
1162
1163
1164
1165
1166
1167
1168
1169
1170
1171
1172
1173
1174
1175
1176
1177
1178
1179
1180
1181
1182
1183
1184
1185
1186
1187
1188
1189
1190
1191
1192
1193
1194
1195
1196
1197
1198
1199
1200
1201
1202
1203
1204
1205
1206
1207
1208
1209
1210
1211
1212
1213
1214
1215
1216
1217
1218
1219
1220
1221
1222
1223
1224
1225
1226
1227
1228
1229
1230
1231
1232
1233
1234
1235
1236
1237
1238
1239
1240
1241
1242
1243
1244
1245
1246
1247
1248
1249
1250
1251
1252
1253
1254
1255
1256
1257
1258
1259
1260
1261
1262
1263
1264
1265
1266
1267
1268
1269
1270
1271
1272
1273
1274
1275
1276
1277
1278
1279
1280
1281
1282
1283
1284
1285
1286
1287
1288
1289
1290
1291
1292
1293
1294
1295
1296
1297
1298
1299
1300
1301
1302
1303
1304
1305
1306
1307
1308
1309
1310
1311
1312
1313
1314
1315
1316
1317
1318
1319
1320
1321
1322
1323
1324
1325
1326
1327
1328
1329
1330
1331
1332
1333
1334
1335
1336
1337
1338
1339
1340
1341
1342
1343
1344
1345
1346
1347
1348
1349
1350
1351
1352
1353
1354
1355
1356
1357
1358
1359
1360
1361
1362
1363
1364
1365
1366
1367
1368
1369
1370
1371
1372
1373
1374
1375
1376
1377
1378
1379
1380
1381
1382
1383
1384
1385
1386
1387
1388
1389
1390
1391
1392
1393
1394
1395
1396
1397
1398
1399
1400
1401
1402
1403
1404
1405
1406
1407
1408
1409
1410
1411
1412
1413
1414
1415
1416
1417
1418
1419
1420
1421
1422
1423
1424
1425
1426
1427
1428
1429
1430
1431
1432
1433
1434
1435
1436
1437
1438
1439
1440
1441
1442
1443
1444
1445
1446
1447
1448
1449
1450
1451
1452
1453
1454
1455
1456
1457
1458
1459
1460
1461
1462
1463
1464
1465
1466
1467
1468
1469
1470
1471
1472
1473
1474
1475
1476
1477
1478
1479
1480
1481
1482
1483
1484
1485
1486
1487
1488
1489
1490
1491
1492
1493
1494
1495
1496
1497
1498
1499
1500
1501
1502
1503
1504
1505
1506
1507
1508
1509
1510
1511
1512
1513
1514
1515
1516
1517
1518
1519
1520
1521
1522
1523
1524
1525
1526
1527
1528
1529
1530
1531
1532
1533
1534
1535
1536
1537
1538
1539
1540
1541
1542
1543
1544
1545
1546
1547
1548
1549
1550
1551
1552
1553
1554
1555
1556
1557
1558
1559
1560
1561
1562
1563
1564
1565
1566
1567
1568
1569
1570
1571
1572
1573
1574
1575
1576
1577
1578
1579
1580
1581
1582
1583
1584
1585
1586
1587
1588
1589
1590
1591
1592
1593
1594
1595
1596
1597
1598
1599
1600
1601
1602
1603
1604
1605
1606
1607
1608
1609
1610
1611
1612
1613
1614
1615
1616
1617
1618
1619
1620
1621
1622
1623
1624
1625
1626
1627
1628
1629
1630
1631
1632
1633
1634
1635
1636
1637
1638
1639
1640
1641
1642
1643
1644
1645
1646
1647
1648
1649
1650
1651
1652
1653
1654
1655
1656
1657
1658
1659
1660
1661
1662
1663
1664
1665
1666
1667
-1.900594988135177 -1.260153891100707 0
-1.24999999999792 1.913397459621316 0
1.913397459621316 1.249999999997919 0
1.249999999997919 -1.913397459621316 0
-0.8056655482683235 0.7255716248669125 0
-0.7251311058960519 -0.806147317454263 0
0.8033383405721444 -0.72625366384514 0
0.725581851175189 0.7975854930288829 0
-1.152532926517056 -1.917194415855376 0
1.914622378177318 -1.147893681370048 0
1.149809148984784 1.913236094057079 0
-1.898692950205172 1.155830981711455 0
0.8500517224354747 -1.913398273967427 0
-1.919490730317544 -0.850056170764683 0
1.912553452827409 0.8598587329334466 0
-0.84998536413783 1.918655803074615 0
0.7490085955401762 1.908504015375767 0
-1.913397459621796 0.7500000000034676 0
-0.7576304317603318 -1.907659818917232 0
1.913776645494714 -0.7455462495189451 0
0.950775145402716 0.5580591446976327 0
-0.5533442311131609 0.9296779062627016 0
-0.9269410744846003 -0.554265695107438 0
0.5587621710145149 -0.927048287120795 0
0.4621527995650557 0.9798394033867475 0
-0.9806823140817321 0.4575837469491854 0
-0.4707550762962732 -0.9942764009229175 0
0.9750121123513941 -0.4573251710342885 0
0.548305572903988 -1.910604065364558 0
-1.912700065586038 -0.5558627159975612 0
1.915611328680677 0.5469253880609592 0
-0.5515249047906035 1.919076066218938 0
-0.3545347351345918 -1.920301532022437 0
1.910567495657811 -0.3534331941582781 0
0.3515490424747092 1.899312557291164 0
-1.917241140746795 0.3555948821992768 0
-1.445453609734878 -1.915061003032532 0
1.928537244512256 -1.446897443731567 0
1.450009530596353 1.913386612993401 0
-1.908630858244008 1.436868680949743 0
0.15618981811295 -1.071099037914758 0
-1.067498526073728 -0.1574405436194881 0
-0.1485634148930484 1.082357627214908 0
1.0652107135322 0.1581959656320453 0
-0.04903686715978305 -1.91169176766165 0
-1.924829897041957 0.04671657261231194 0
1.913416766702506 -0.04991859904230661 0
0.05000000000538751 1.913397459621778 0
0.1524920875714211 1.058160097778171 0
-1.066518048957945 0.158350843480295 0
-0.1644652719326787 -1.081394999552022 0
1.071098767197121 -0.1561898737316311 0
0.2486581972913064 -1.91893110400478 0
-1.910981868922683 -0.2529529333632096 0
1.916429234431217 0.2499997563098886 0
-0.2653014340227182 1.921683450069037 0
1.549978692089826 -1.913394958217371 0
1.914975174965746 1.552738174056509 0
-1.551852999113807 1.914467577356458 0
-1.913397459621316 -1.549999999998752 0
-1.014369816882057 -0.3707375291620528 0
0.3570387328974647 -1.015721060834726 0
1.015787290910196 0.3654308782294292 0
-0.3651155513233003 1.020429603194754 0
-0.5499986023814394 -1.917110020759681 0
1.915807349026739 -0.5500000907140014 0
0.5531405308056822 1.911982910150357 0
-1.913449944121912 0.5499226985234078 0
-0.9373923799301735 -1.919762436793288 0
1.91403736088882 -0.9464257417708624 0
0.9499166201322704 1.913408671581185 0
-1.914564800419467 0.9482600468331337 0
-1.049156873145116 1.913878574234788 0
-1.911383376325433 -1.045551326945291 0
1.049961517229172 -1.913416915800428 0
1.91833037206002 1.049999065012701 0
-1.650000000000971 -1.913397459621796 0
1.911144938016146 -1.650943751739361 0
1.653637327081387 1.904859712337102 0
-1.915426010869297 1.646486903558438 0
1.74918198601312 -1.913863543909187 0
1.913871474187594 1.749179432444924 0
-1.749203630683704 1.917074040860768 0
-1.909926044544282 -1.748167490617387 0
-1.840328225077235 -1.908565718499899 0
1.909431340140689 -1.84082669296205 0
1.840823324327648 1.909421831350638 0
-1.903814732804087 1.84114292215328 0
-0.8001153599945534 -0.7362571198484918 0
-0.8213351622365437 -0.8320828712399442 0
-0.7484797994974884 -0.8991466361544748 0
-0.8421301167224355 -0.9293164896091745 0
-0.9155840388443865 -0.861558411133829 0
-0.9359212106724277 -0.9596398744731938 0
-1.009087060530758 -0.8930067099693897 0
-1.029804556635113 -0.9901193096195344 0
-0.8626179332687944 -1.02587727187776 0
-1.103067319257361 -0.9234029491575984 0
-1.123928589156577 -1.020112234425063 0
-1.197222121078884 -0.9535798751045511 0
-1.218097277723443 -1.050353323107554 0
-1.144754143193431 -1.116823125100941 0
-1.239005564831461 -1.147147740309539 0
-1.165522901859397 -1.213692366493973 0
-1.259966370496803 -1.244058804440031 0
-1.291438188959559 -0.9838493051889798 0
-1.270535084521574 -0.8870137225682387 0
-1.186354704896433 -1.310696520380786 0
-1.280884330167814 -1.34109915667751 0
-1.354509913516094 -1.274404682117313 0
-1.375458900245807 -1.371553722362581 0
-1.364830811927362 -0.9173077479953974 0
-1.343872408249737 -0.8204347598107541 0
-1.20726382085229 -1.407758938356587 0
-1.11270230108455 -1.377323740036101 0
-1.438276337077755 -0.8507169346199449 0
-1.417268204907727 -0.7538248621434693 0
-1.459261581223423 -0.9476682161681791 0
-1.449115986603708 -1.30478322881117 0
-1.470124673463673 -1.402043888958162 0
-1.322887587158459 -0.7234619304917449 0
-1.396260419326264 -0.6569234307960016 0
-1.133564247099504 -1.474381224294949 0
-1.039022910161431 -1.443945222479338 0
-1.49066707221579 -0.6871796223069893 0
-1.46959199788319 -0.5902776639195902 0
-1.227950495845263 -1.504935751671558 0
-1.375230083037164 -0.5600667644423185 0
-1.448511982149194 -0.4934216129737736 0
-1.0595256589583 -1.541064814944245 0
-0.965267659688936 -1.510594121589718 0
-0.9444261358655074 -1.413483569840977 0
-0.8707470863059363 -1.48008420283446 0
-0.8498831311788229 -1.383017677528664 0
-0.7762665365090751 -1.449576880376324 0
-0.7554716627254706 -1.35257566173177 0
-0.6818759000226222 -1.419089612879805 0
-0.7026599359675187 -1.516121105867511 0
-0.6082491542492658 -1.485595684772082 0
-0.5874883709639587 -1.388627164236091 0
-0.5138989648957806 -1.455077567377446 0
-0.4931507856146642 -1.35820789539935 0
-0.4195825553732579 -1.424602554802142 0
-0.4403123305872629 -1.521495767087044 0
-0.3460041472025183 -1.490976498484753 0
-1.35418244929345 -0.4632814337027085 0
-1.42746192338992 -0.3966147064795866 0
-1.521852463418292 -0.4268471704134608 0
-1.500770070752149 -0.3299100822717721 0
-1.406371169848394 -0.2997991425848001 0
-1.479644886114145 -0.2330645002560328 0
-1.532781589065311 -0.8810438168933157 0
-1.553727472844601 -0.9779901747507858 0
-1.543911064615049 -1.335148341594792 0
-1.564919761447396 -1.432509228280352 0
-1.491090034519392 -1.499361798948765 0
-1.585949608430239 -1.529907350072741 0
-0.566653209140685 -1.291809782521158 0
-0.3252428684146659 -1.394078771356859 0
-0.2516311842329678 -1.460423260359185 0
-0.2723771936411539 -1.557353231890113 0
-0.1780683130394917 -1.526758055877283 0
-0.1573587831991707 -1.429851974190556 0
-0.08381684733261774 -1.496139810926643 0
-0.06319315627001078 -1.399270144554571 0
0.01043016749546321 -1.465515334599356 0
-0.01019531937381868 -1.562467179760313 0
0.08406156796742249 -1.531800527255112 0
0.1046465636271649 -1.434873357273479 0
0.1782714233780087 -1.501106468916648 0
0.1993288090507467 -1.405825033449981 0
0.2725136365976821 -1.470691657243148 0
0.2932651050355029 -1.374532847142562 0
0.3666525788758512 -1.439957257853261 0
0.3460712519774908 -1.536664455243745 0
0.4402787554103076 -1.505980476202898 0
0.4608220094510512 -1.409262045910385 0
0.5344634956848046 -1.475248554190046 0
0.5549876163256959 -1.378524547241032 0
0.6279413241694971 -1.442413089314513 0
0.6489857312653959 -1.347252708146315 0
0.7219553813285775 -1.41123533664835 0
0.7430887747144721 -1.316348787520507 0
0.8148976572136345 -1.376770692678852 0
0.8370312584151375 -1.284949331778978 0
0.908831322171591 -1.345303901782046 0
0.9311311331017751 -1.253957328197689 0
1.002344563321778 -1.319592140459624 0
1.025748658906049 -1.224524463848435 0
1.106964621132808 -1.301793287538824 0
1.11999442383948 -1.193729825361053 0
1.19380958489693 -1.259979934883894 0
1.216956967584788 -1.163439282647618 0
1.288604690880067 -1.229284914842293 0
1.309107717927773 -1.132139287248978 0
1.238464178878474 -1.065849302791888 0
1.329775574465649 -1.034939899405584 0
1.271162616950276 -1.322558659080008 0
1.256512896130888 -0.9681027047194398 0
1.349831332474346 -0.9377372383529536 0
1.362792995514764 -1.29479871880063 0
1.343764332212778 -1.390455166526801 0
1.275732743226165 -0.8715870250391621 0
1.369982035961394 -0.8407924293200932 0
1.423753194006411 -1.003598811051356 0
0.9833784820092011 -1.418447683679601 0
1.436687480982538 -1.361320328586934 0
1.296213912767786 -0.7746206877247834 0
1.390337668578973 -0.7438041873954454 0
1.317238750562189 -0.6794358899458831 0
1.410843543724309 -0.647150472358181 0
1.337093992123437 -0.5807053967682432 0
1.431135575410086 -0.5499673123753024 0
1.416068749667577 -1.458869760752437 0
1.316300011291195 -1.49165587792551 0
1.35882396468819 -0.4823562991366347 0
1.451752658249919 -0.4527781464120544 0
0.956845149467207 -1.176393051695526 0
1.379471905690497 -0.386885508941872 0
1.472189510978569 -0.3560581208829761 0
1.399933552884915 -0.2902524117334864 0
1.492629335582225 -0.2592291844032403 0
1.41803054189131 -0.1929042793225377 0
1.510267663134284 -0.1651732960823535 0
1.437598000200802 -0.09637821074780074 0
1.547156431450644 -0.07106504167661903 0
1.461630389733037 -4.652694159404391e-05 0
1.464384500118064 -0.8094857311335634 0
0.8023465353771341 -1.474125221794002 0
1.553848845311627 0.03157972393507244 0
1.480338262438057 0.09786123947758768 0
1.505254704012351 -0.6151336216547248 0
1.17682086818373 -0.9113388986027362 0
1.510455379046628 -1.428299188013457 0
1.531006332897238 -1.330606157310822 0
0.6081715822779556 -1.541410603585229 0
1.489815659253288 -1.525860970789254 0
1.546094859535644 -0.4208828258619361 0
1.574370071941103 0.1286026468684385 0
1.500522170188619 0.194839911546937 0
1.221907534302214 -0.7056394073428772 0
1.594776245251763 0.2256262157027596 0
1.520951404145527 0.29185238247491 0
1.426729042550549 0.2611226193325272 0
1.447160291655742 0.3580176994111172 0
1.541369634686682 0.388881061420575 0
1.467495063045777 0.4550568984586186 0
1.561758461420187 0.4859613474147677 0
1.48786147667591 0.5521058858235182 0
1.393539428207706 0.5210568036293801 0
1.413787223838085 0.6181862577025121 0
1.50802131151007 0.6490904835984885 0
1.43408401079894 0.7150790459533425 0
1.339087433993014 0.6847885622521044 0
1.35973077048022 0.7815942929393913 0
1.454447944735409 0.8116287598982144 0
1.380361528074495 0.878202023922492 0
1.285206034683862 0.8479766439490271 0
1.306033131562959 0.9446772687900677 0
1.400734654569645 0.9749679866593378 0
1.326602675971329 1.041456456444469 0
1.232278565378933 1.010621649393745 0
1.25254295180241 1.107724020432594 0
1.346965114860041 1.138384025001079 0
1.272780721387485 1.204756865372891 0
1.178580236067457 1.173697206235575 0
1.198716603505322 1.270910840841145 0
1.104422374571869 1.239816563353255 0
1.293148298849649 1.301824293797682 0
1.12459888260552 1.336980794924568 0
1.030334244388613 1.305818915764201 0
1.050477981915334 1.403028258584806 0
0.9562266214029621 1.371846858751908 0
0.9360990335933648 1.274707912451674 0
0.8620707724876967 1.340676559328382 0
0.8821058455167314 1.437837827761732 0
0.7879522497177858 1.406645872768707 0
0.8419346875548586 1.243569472628427 0
0.9159049372633241 1.177694838753494 0
1.14478429633393 1.434234926581675 0
1.070590989654144 1.500376268564898 0
1.165041087403619 1.531602793507301 0
0.8079783173257554 1.503848433203271 0
0.7137589874951403 1.472618708769659 0
0.693898727964178 1.375362230074386 0
0.6196200038285326 1.441359261957559 0
0.6009285657866175 1.345203549368772 0
0.5267003054664904 1.411424833383859 0
0.5455956311443659 1.507514691463508 0
0.4515821390441082 1.476240013698049 0
0.4356000799355801 1.374177607929884 0
0.3578506781326657 1.438553697559404 0
0.8219552300104179 1.14658215493487 0
0.8957626978873283 1.080791209746661 0
0.3773155053699491 1.540801008687477 0
0.2832728537892047 1.509328024876765 0
0.2632586907788322 1.413415123937482 0
0.1891301258682889 1.478995250069818 0
0.2090211503549992 1.576121291388339 0
0.1149029010257262 1.544953729099277 0
0.09508228177949049 1.447795735379325 0
0.02089999751064687 1.513530030706576 0
0.001099065704815812 1.416462865555205 0
-0.07308294180462982 1.482143826685133 0
-0.05329307081836524 1.579272172635257 0
-0.1473153557224526 1.547808140997264 0
-0.1670066530690807 1.450737807948518 0
-0.2412911076892737 1.516337685422007 0
-0.2609695845047476 1.419284339496454 0
-0.3351511968687242 1.484640490153497 0
-0.3555343331766022 1.389557521838408 0
-0.4291431893215883 1.45342927949794 0
-0.4498793436973914 1.35945404998919 0
-0.5231292985956444 1.422327971172219 0
-0.5432445096851486 1.326543955762303 0
-0.6169134023364136 1.390704022756885 0
-0.6382762405567297 1.298670990748676 0
-0.710960906059422 1.359901260774083 0
-0.7323021158482003 1.267691863752917 0
-0.8048453875508814 1.328585922202887 0
-0.8245687839253968 1.23152523498573 0
-0.8984784081344471 1.296485549585622 0
-0.9181786866521797 1.199418269621328 0
-0.9923020079457255 1.264889432885631 0
-1.012017167759572 1.16781297334644 0
-1.086192352789287 1.233386220003578 0
-1.105943674368663 1.136252586516234 0
-1.180197171927132 1.201940586065606 0
-1.199945915705902 1.104716161586517 0
-1.274238729073566 1.170464676766005 0
-1.293959776644723 1.073210564231385 0
-1.25442737644674 1.267746719585256 0
-1.348598109824484 1.236277456741647 0
-1.328781011596765 1.333650762066946 0
-1.219673941984429 1.007493410586996 0
-1.313696776313699 0.9759825911851583 0
-0.9721007880965034 1.362144782671554 0
-1.239396448288495 0.9103154127955185 0
-1.333401553303962 0.8787485801214279 0
-1.422983765219187 1.302199538888828 0
-1.403232962329182 1.399572090123132 0
-1.407760935079254 0.944454675253922 0
-1.426368564076953 0.8484197826332702 0
-1.352903475948907 0.7817301434652341 0
-1.461733443177076 0.7465616307261415 0
-1.375146891253458 0.6838281065747438 0
-1.46671136940425 0.6527567639814893 0
-1.392769534503895 0.5871293449349837 0
-1.308860093578006 1.431129947495591 0
-1.486422213091267 0.5555817055992864 0
-1.412041345821505 0.4899968701438761 0
-0.6903518798464838 1.456369305420542 0
-1.506011498244151 0.4584266301960943 0
-1.43169508425636 0.3928617799312187 0
-1.525646675574301 0.3612765800827281 0
-1.451334876258658 0.2957102895968054 0
-1.383462002095519 1.497088288539907 0
-1.477757536301134 1.465537939263177 0
-1.545284582039467 0.2641174992487084 0
-1.470949245284967 0.1985722580155789 0
-1.289006048058475 1.528659048957036 0
-1.278865079645975 0.7159780225022654 0
-1.0317322994198 1.070485077352325 0
-1.500640192539279 0.9143167260552115 0
-0.5020268496242389 1.519126570882038 0
-0.844284732466267 1.13322754572361 0
-1.564932046888351 0.166939981773408 0
-1.562382622529818 0.6196694714770298 0
-1.341411442272204 0.4251874967581288 0
-1.36362538741743 1.594681426908111 0
0.7540726472956641 -1.218474942436514 0
-1.385272768272544 -0.2030361263989346 0
-0.3145860157591726 1.581859052674344 0
-0.8916460313243049 -1.577119707452115 0
1.361324817399692 -0.03215173354256032 0
0.7338104141933718 1.569904737556119 0
-1.280955181162168 -0.5298439894737276 0
-1.564085105676207 -0.6205839604116281 0
0.5753851281846772 -1.281415330324421 0
1.580307110065177 -0.2319607773548956 0
0.06350703346031991 -1.628848539889321 0
0.8295286150111167 1.602815501448333 0
1.09110731267624 1.599880005583231 0
1.185238571220553 1.629166495787385 0
1.259558280093303 1.562819089427838 0
-1.57411499969531 -0.2631549790663938 0
1.584522969235651 -1.495012618200572 0
-1.553824421025568 -0.1700995139939218 0
-0.6290048873178111 -1.582683382316298 0
-1.598926003279283 0.4267220825676383 0
1.35304315179483 0.3271875874997122 0
0.4197904142239772 -1.602977803542779 0
1.63570100322217 0.4197255234648989 0
1.562495165425835 -1.588299115655178 0
1.469027875793958 -1.623541834560568 0
-0.1987549341045163 -1.623795181423777 0
-0.4724713142083615 -1.261444885441581 0
-1.269144194507386 1.626249273994863 0
-1.512025649740977 -1.596832999822738 0
-1.082276562454615 -0.8262463353089906 0
-1.194536208833175 1.560215113669973 0
-1.070790848831138 -1.183525575395699 0
-1.481960452428606 1.010489861568251 0
-1.576165269554987 0.9789443066737842 0
-1.594764416442178 0.8750212001689914 0
1.28389569584968 -0.4176681835327777 0
-1.556578617024025 1.076245863112886 0
-1.606986869834439 -1.627388542604971 0
-1.377090477674477 0.2301345353052311 0
-1.396672781782246 0.1331054805239309 0
0.3255186785753625 -1.633687157489872 0
1.279808176447286 1.660389196417483 0
1.354219413635835 1.594037298335633 0
-0.5624471311865398 1.22802624401935 0
-1.639363052004793 0.2325745991875074 0
-1.638741451146017 -1.36561376812595 0
-1.617705892414874 -1.268198846627571 0
-1.312107219709902 -0.2696555061546891 0
1.332628312965414 0.2304537534730012 0
-0.1275667215532752 1.645045178919413 0
1.656117229601224 0.5169349035237577 0
0.0752050005946085 1.350850939837248 0
-1.627421624015195 -0.9113254893723424 0
-1.648453394798175 -1.008224348632864 0
1.655330703951997 0.06776534291635666 0
-0.01860973196476541 1.31955855270859 0
-1.17463882513626 1.657811084286394 0
-1.100083132391401 1.591764892942735 0
-1.659040986001838 0.1352581004845038 0
-1.650949768936053 1.044578520910473 0
-1.631205718483002 1.142135695437539 0
0.1347953521623757 1.642150827791035 0
0.1331843351406925 -1.336753592698754 0
-0.2931624375748586 -1.654458982761098 0
-1.64923235459303 -0.1986624443508742 0
-1.669010058670681 -0.29376319301348 0
-0.2777266110767501 1.328166447171405 0
0.2289698651642255 1.673589001032624 0
0.8019071457882627 1.049803412816995 0
0.7281692749245209 1.1154818775979 0
0.8777559886160184 0.986430471639226 0
-1.343764229140687 1.692331859863725 0
-1.438321875709737 1.660728275806608 0
1.656001595760629 -1.560433367060829 0
1.63573090623137 -1.662125657050941 0
1.678866858239242 -1.463843371950711 0
-0.1366771648584284 -1.333062087914403 0
0.9698093901932624 1.015433806319542 0
0.9518609165932219 0.9211411856027318 0
0.3977585002506377 -1.695495405289102 0
-0.2194018334118141 -1.721005713207578 0
-0.8289832922753366 -1.286092245425023 0
-1.480155870730627 -1.04441388890446 0
1.323246135843638 -0.2294559587175336 0
-0.5457898420958632 -1.195175294948861 0
-1.294366189525255 -0.176670823509107 0
0.7502258905999366 1.663200834766232 0
1.262460513109084 0.3002277005482974 0
-1.733582676126177 0.2009836207455461 0
-1.364073974955314 -0.1064255499955604 0
-1.257113421730975 -0.08173668071740779 0
0.7081796543741997 1.018854744267268 0
-1.078836359834876 1.685402232918641 0
-1.005393930839129 1.622661698505742 0
1.37631699114633 1.686078758032851 0
1.449021404710277 1.624164655644217 0
1.428662227196969 1.527464135881348 0
1.523173635751255 1.558486315099144 0
1.503043187847592 1.461140462133741 0
1.597767355728827 1.492527225634027 0
1.577491354416645 1.394820616031264 0
1.616327118794675 1.588601892073324 0
1.672222824215448 1.426126715538402 0
1.651912782745416 1.328456085711181 0
1.557224253421175 1.297179219069061 0
1.631611528252641 1.230816147139326 0
0.8483370534026592 1.698578347150433 0
-1.584551368889703 0.06961227472897298 0
-1.679837826465926 0.04279143929151667 0
-0.9763612140757584 1.731373522823867 0
-0.9111201625008812 1.654859684966379 0
-1.30462609379278 0.1626890959360618 0
-1.533035976467849 -1.694351869661459 0
-1.438051321443529 -1.663764878044671 0
-1.680908319795398 -1.560409760730449 0
-1.701990801315768 -1.65795713103558 0
1.113894046558184 1.693041708060331 0
1.729693292509308 0.4507100085850027 0
0.6345914671985575 1.084448012083985 0
1.309594652242777 1.760821829519851 0
1.473527542756312 1.716396526620928 0
-1.721702019427137 -0.9432101824362898 0
-1.697414389152801 -0.8476009506533791 0
0.05535231153468032 1.254019768659135 0
-0.931035269682313 1.557245873136888 0
1.043637849103546 0.9497977930138446 0
1.023497538709712 0.8531424047352055 0
0.9195277751029594 0.8235203730125576 0
1.001345925251957 0.756357144685937 0
1.096432696087962 0.7869969031836195 0
1.07617615370328 0.6903021756822554 0
-0.4528670269269934 -1.165978996066202 0
-1.282389586775491 0.2672022424663172 0
1.536950219210763 1.199618498153421 0
1.611300448740597 1.133256464119867 0
1.705982373592442 1.164459013572673 0
1.682726029147842 1.067481490538712 0
1.590525659752894 1.035802730866057 0
1.661820197449841 0.9700659613529754 0
-0.7345819827965994 -1.255726605491106 0
0.1608676403264006 1.281630637278606 0
-1.145400428429255 0.9419048162597179 0
-1.259962577334029 -0.4330801271974974 0
-1.184115346585687 -0.4959704586946987 0
-1.207297176303148 -0.5956150822366251 0
-0.0392455611512356 -1.299001509315229 0
-1.165120847167519 0.844790426688817 0
-1.071288560085601 0.8763380030606756 0
-1.090966981773363 0.7794004491864446 0
-0.9973453388985211 0.8108204061076587 0
-1.016992275337967 0.7140867605722945 0
-0.9775711938765115 0.907633960856763 0
-0.3785435698368216 -1.230937805562047 0
1.279996070362688 0.3937508556010632 0
-1.110552108553385 0.6826594633596118 0
0.6588930033891157 1.635324289049449 0
0.6750093667377186 1.727998000512891 0
0.584231658522878 1.701134932895714 0
0.4937254604736853 -1.669312376500113 0
-0.7234877594683772 -1.613253881724467 0
-0.6498153254596817 -1.68394678579157 0
-0.7444258380218529 -1.71117646654716 0
-0.5561745827223988 -1.652614618645266 0
1.709599640572177 0.3534108736629874 0
-0.03338859085583386 1.676498388620911 0
-0.1077643081698337 1.742411815056459 0
-0.2013052118660849 1.710703102794216 0
-0.03078598280712883 -1.6594928431357 0
0.04295786648602996 -1.725981105261952 0
-1.713831558552587 0.298423466348108 0
0.1373361726934536 -1.695235885260215 0
-1.12008650242763 1.494231021626231 0
-0.8368459917732031 1.588878702830627 0
-0.8160750479602236 1.684214875941666 0
-0.7423174801168133 1.620318232952097 0
-0.7222707229416848 1.717446933579433 0
-1.419590336410322 1.758849202024923 0
-1.512539692299115 1.721651930455761 0
-1.532851539281837 1.628197456920687 0
-1.605754743083672 1.688550441041164 0
-1.627273169865917 1.596091295434309 0
-1.698052500339263 1.664968527522559 0
-1.733839055500417 1.567910036937923 0
-1.648127501810956 1.499703345625196 0
-0.6481660351982816 1.65178677711935 0
-1.716305740354759 -1.296763860696292 0
-1.734301713945533 -1.395785123580392 0
-1.700013720699926 -1.197500596755036 0
0.1546305559456552 1.739552309098559 0
1.746683550331562 1.359719759871723 0
0.3051691545594237 -1.729576457828109 0
0.3916706827890832 -1.803686908746968 0
-0.3469587760262012 -1.12617125956368 0
-0.2847300313338119 -1.200534333733837 0
-0.04007362886359699 1.228060780910756 0
1.759943128098783 -1.54083847697245 0
-1.725658434863137 1.110446364839914 0
-1.705866524658177 1.208100429126709 0
-1.611450629520881 1.239686085919755 0
-1.686004927594782 1.305610922100531 0
-1.775098222012133 1.272979303099477 0
-1.113687057076139 -0.5660252659838017 0
-1.758065185125922 1.367552947927647 0
0.1161172821787298 -1.790807725665659 0
-1.745638124669718 -1.035571940639601 0
-1.742833838219385 1.015721313677949 0
1.818466594713641 0.3818360534689842 0
-1.146401088793338 1.746420805400543 0
-0.6274115915384981 1.747424274781673 0
-0.5535222256258674 1.683250179927838 0
-0.7072503083208389 1.82423372615998 0
1.227503958423087 0.1993772375617478 0
-1.223362379934958 -0.2457404057418822 0
1.747787917122276 0.5485478412918424 0
1.67604595926613 0.614384284752207 0
1.768230347069106 0.6459567298257965 0
1.696828769290002 0.7117636669538113 0
-1.740553007369626 -0.2273633784710427 0
-1.761208910914842 -0.3243066793641678 0
-1.68957498823871 -0.3907370874943729 0
-1.789888975762234 -0.4208404416457699 0
-1.713011190796661 -0.4888734163009394 0
-1.721810831503226 -0.1303812299674729 0
1.17008353071264 0.7210600778433347 0
1.150299798055084 0.6248029526220902 0
0.2504647977811557 1.76661310848564 0
0.3233151175872212 1.704277162651822 0
1.756767112090142 1.464430172791217 0
-1.134530485452371 -0.6623761003328876 0
-0.8080840417911568 -1.189299244592837 0
-0.7139422092652443 -1.15938097500797 0
-0.9023176978796373 -1.219778489242306 0
1.310307098075836 0.133750661850213 0
1.225461094937204 0.09607326381716123 0
-0.6706133095470634 -1.777222505919051 0
1.462401366755911 1.266091458488389 0
-0.1125994825637373 1.289143203348563 0
0.6544176290292226 1.181083327172395 0
0.5670574483890271 1.154977875899132 0
1.063495617543296 1.04608135171643 0
-0.8568301872338179 1.491328511482546 0
1.408360976057665 1.430023673844877 0
-1.586088836475504 -0.7172443032970812 0
-1.65878547650921 -0.6507530539704752 0
-0.1171865702641172 -1.237672791293233 0
-0.03430136158453725 -1.196428681131715 0
-0.3118267209662893 -1.749317574974652 0
-0.2366486330749874 -1.815702023815689 0
-1.462384768788299 1.107657040533366 0
0.9983121533050465 1.570497337135476 0
-1.597687766458312 -1.170688371217625 0
1.569734791313021 0.9385991593577201 0
-0.3889264506319906 -1.686585643726132 0
-1.428006597986847 -1.207722639682867 0
-1.591544769220779 1.337123455952454 0
-0.4086271818854203 -1.782328822421384 0
-0.1459990720172717 -1.783913551718578 0
1.644146802787919 0.8723542025795348 0
1.736486720703257 0.9016791522635961 0
1.196976247917623 0.3661760672630581 0
1.212935642452648 0.4599116281740342 0
0.9092308750518971 0.7251136323410924 0
-1.029977899043139 0.6185013010863273 0
-1.124157887787751 0.5898480005757455 0
-1.682515526636684 1.761311818033031 0
-1.777243197510242 1.729612531582593 0
0.6267481806241156 0.9763079772650634 0
1.795714112379022 0.7389735098712567 0
-0.9050134270109643 0.8458785040346988 0
-0.8842687897130015 0.9393998118129107 0
-0.8117717405961603 0.877895586090282 0
-0.7909021184617793 0.9709684964114915 0
-0.7147444793399962 0.9192168336213387 0
-0.6982814308064398 1.013349608191141 0
0.02454686951839473 1.158008614676013 0
1.832930338756323 1.405651074287653 0
-1.165832265499764 -0.4031246996223618 0
-1.323536043533057 0.07023956561596442 0
-1.415656656547354 0.03958480603183693 0
-1.233783756149858 0.09270896038706539 0
-0.01569744413579775 1.771193527935247 0
-0.08563585109820794 1.835751704314376 0
1.772510638698547 -1.429022958694146 0
1.69953071543933 -1.365690375869663 0
1.793423968509957 -1.331451194103582 0
1.720191017927291 -1.267922230965726 0
0.193921185099591 1.831907329859247 0
-1.460322758445913 -1.757390339011751 0
-1.364495662529325 -1.729395327694176 0
-1.343254732772295 -1.63293107968117 0
-1.269213635155765 -1.699845878817687 0
-1.287880888382445 -1.813718020069972 0
-1.195115475970292 -1.76701149726389 0
-1.174379561680689 -1.669331180931408 0
-1.099575493392712 -1.734617243363783 0
-1.556798296615201 -1.784318037415261 0
-0.9529407351046374 0.657710638290411 0
-1.607912687508964 -0.01976598969181918 0
1.780499858641812 0.2803058064514135 0
-1.829417163060736 -0.1703485069571847 0
-1.794516959974197 -0.0622028337453157 0
-1.041827517645642 -0.6329010809748807 0
-1.323014272611569 1.784798894075132 0
-1.390036661244229 1.844894533636045 0
-0.5286819693813141 -1.093398380434185 0
-1.770447824999664 -1.583371061906203 0
-0.5313893045457532 1.774219022848045 0
-0.4590523907911837 1.71371754070967 0
-0.4391225506415398 1.812279516174413 0
-0.3660519943719807 1.745588566610462 0
1.769158899437458 1.088630317347018 0
1.854741257421489 0.6750380319101069 0
1.055912785961858 0.5966172572443871 0
-1.802270554783479 0.2656183733986797 0
-1.781297476218211 0.3630584875590758 0
-1.82417499777276 0.1722004699221079 0
-1.815204309157503 -1.326547021305521 0
-1.82771389003752 -1.424143244681451 0
-1.809348500780565 -1.681422323849202 0
-1.723021064157187 -1.7555907627881 0
1.818767959604503 -1.246010281993475 0
1.752654825826678 -1.165894269473006 0
1.648127638846936 -1.201052693959425 0
1.666790773580446 -1.104426964412401 0
1.572410809975071 -1.13534734342987 0
1.592689847220093 -1.038007609440853 0
1.684707941354752 -1.006425377152578 0
1.612737533233807 -0.9405129988494221 0
1.707267844426502 -0.9094198375508038 0
1.633506009461464 -0.8431346416196142 0
1.727775782235002 -0.8119848884328739 0
1.654097577030387 -0.7455892776280977 0
1.746914264669389 -0.7160328646325647 0
1.674347301879962 -0.6485451496366204 0
1.765026561460637 -0.6212911111809466 0
1.694420912767851 -0.5516732366860587 0
1.782387218165891 -0.5247546789865603 0
1.714319531295174 -0.4544663718948925 0
1.759063155853212 -0.9729150007237571 0
-0.8801747758445589 -0.6489591748681408 0
-1.851745126899712 1.332999145555982 0
-1.825660549018317 -0.973119854404359 0
0.6880859284064241 0.9223680211945873 0
0.5981038131930646 1.813923245749946 0
0.5071783879740649 1.765269773017261 0
0.4904158848194497 1.670334629181877 0
1.820506944231499 -0.4196274749433713 0
1.735215250360496 -0.3544259252189908 0
1.815090212992643 1.186921450722089 0
-0.1318831094273127 1.191469128553816 0
-1.857823694057828 -0.351037244511207 0
-0.152063089546422 -1.894703731962622 0
0.7271355520697312 -0.8159281126646821 0
0.8315541639665043 -0.8236571688032158 0
0.8992193722238709 -0.7470350878714376 0
0.7790275205000988 -0.9113114026727098 0
0.9290833029121673 -0.8422922522062832 0
0.9953963702660584 -0.7689440348223455 0
0.9651901907050411 -0.6754116482668943 0
1.023056460015422 -0.8606606406016575 0
0.9589837440126596 -0.9356644629904444 0
1.058614281887803 -0.6969975538341943 0
1.072204517559037 -0.9506625549265802 0
1.031265880253729 -0.6023291865673571 0
1.141400565168182 -0.632673753970337 0
1.102121157463818 -0.533178902912376 0
1.187447024534976 -0.5499769801633987 0
1.174292496360838 -0.4582104397493414 0
0.9966440978620963 -1.026797927542853 0
0.9007613412298633 -1.005639829309308 0
1.086151076540253 -1.041232897214115 0
0.6372918109167511 -0.8728891477950305 0
0.6431245405285908 -0.9713421795965747 0
0.567943701366204 -1.027854748522219 0
0.6571746493062527 -1.067857961040406 0
0.5801349952783276 -1.121146022495357 0
0.4887391803921632 -1.087340775614004 0
0.5072661718620176 -1.198429633633142 0
0.4117876816081809 -1.14853725438935 0
0.4084346130574945 -1.245925531409814 0
0.3213872667271979 -1.197434070223993 0
0.7380390824075784 -1.012245593913457 0
0.9826685968856887 0.4572774023846469 0
1.070322607667016 0.4375938597068745 0
-0.468077738360287 0.9786655214085631 0
-0.4502901955308438 1.078833988064255 0
-0.3550449046841615 1.117614936612402 0
-0.5401311145393658 1.029869557871655 0
-0.4415966881805236 1.176641837373295 0
-0.3601034471042638 1.21321707133274 0
-0.2758965279551947 1.171565149169392 0
-0.9753791016602931 -0.4620645969310174 0
-0.5560608495291298 -0.9338749455025586 0
0.3669610873296552 1.018268602990623 0
0.4468198020289851 1.078718429751534 0
0.3543862561038065 1.116862858535656 0
0.4342086906461335 1.176480874101578 0
0.3463389590128007 1.217102051853827 0
0.2708395853819685 1.16255450489853 0
-1.018408723514964 0.3661996948769282 0
-1.078621290267081 0.444941277588227 0
-1.127860869006264 0.3365485362028009 0
-1.176727362653656 0.4363338655100185 0
1.035504206057149 -0.3626360191504624 0
1.080830740466997 -0.05529898745884172 0
1.161983880203886 -0.1144454226871294 0
1.1548574811873 -0.2130698126412822 0
1.176156136077275 0.007553724515134193 0
1.258970932567743 -0.06895773428517116 0
-1.075996946200434 0.05264697690710694 0
-0.04448879187005076 -1.094879550767743 0
-0.2692992809524488 -1.049690048008688 0
-0.03967593306242879 1.07736317283682 0
-1.056417381921213 -0.2726178982781038 0
0.2562071742349191 -1.048567424379009 0
1.044137961747618 0.2618196703458787 0
0.06030890452368635 -1.080153618807695 0
0.1181303728398497 -1.159684865947042 0
0.2285469072131133 -1.152559666108586 0
-1.078046759606927 -0.0528760614274761 0
-1.167614060114417 1.667687264049804e-11 0
1.053995217094371 -0.2592646154333664 0
1.134855466929803 -0.3128629936410233 0
-1.049280527558962 0.2623770881559635 0
-1.135839742048073 0.2208956767619767 0
1.075880987636625 0.05342359445374265 0
-1.153398952200766 -0.1129280104501513 0
-1.819398178908619 1.081786213083716 0
-0.3446309266610436 1.843810288323347 0
-0.3651155490833958 -1.020429603475798 0
0.01493564605405879 -1.833807273412483 0
-0.6482367668052136 -0.8849958510419931 0
-0.6317345611973371 -0.9868710466318721 0
0.2563718937600912 1.257242832642874 0
0.3323438637995846 1.330652633249365 0
-1.817169335599903 -0.5207208945899062 0
0.9395348999277727 -0.562086152260835 0
0.3432790973867821 1.795436423125107 0
0.7485753521586387 -1.113755202784295 0
0.8078432303619361 0.7318511322274824 0
0.8216610422331569 0.8291750440037995 0
-1.889467685705362 -0.09240760857373126 0
1.889670791868212 -1.304286529127646 0
0.09774624271059729 -1.889424097379101 0
-0.2602566491859098 1.067426826796394 0
1.22804932593135 -0.2706909457143352 0
0.2615308132368265 1.060588206604818 0
0.4633633132369668 -0.9906055122424082 0
-0.8970680575076811 -0.7584137498917127 0
-1.216960905608463 0.3463673829644993 0
-0.7654001386113533 -1.807849347554194 0
-0.8392296636557203 -1.741202322967152 0
-0.862162786448875 -1.8417786074309 0
-0.9353460693642642 -1.767029704946095 0
-0.539575142840481 1.12636351579761 0
-0.635434059356121 1.152963739049616 0
-0.7364944770186157 0.8082524940137867 0
0.1699054149610368 -1.243477461584863 0
0.05949805772220152 -1.251676505934205 0
-1.90822290469977 -1.360244574138232 0
-1.801295687551409 -1.226179460154956 0
-1.890811422536063 -1.144128827585764 0
0.4275835893559845 1.275709024557288 0
-1.90118848900171 0.2517242319334035 0
-1.820205259856773 -1.7907515570434 0
-1.741479766948445 -1.853412879938336 0
-1.913795682452924 -1.644709920917322 0
-1.082779741682482 -0.458747119120482 0
1.639238226616961 -0.3890855271497435 0
-0.7883235808390574 -1.092897331679226 0
1.600508886861208 -0.5817035187491387 0
-0.4803498457885534 1.616871005225458 0
-0.8643411536594555 1.035943085717839 0
-0.6693265371253752 1.554046719673721 0
1.559520815822749 -0.7765702645857148 0
1.244043988019207 0.6549786239078137 0
1.226249300983045 0.5577773274992277 0
-1.060704973088695 -0.7274561315282797 0
-1.155488677600382 -0.7589042400642513 0
1.190441233071501 0.8175741865049529 0
-0.2104490249483933 -1.26710777096756 0
-0.1893696873642662 -1.178337813371615 0
1.127126256455672 0.2257222844743859 0
-0.9508328775363586 1.459947191698081 0
1.137257483785162 0.9801814479347641 0
1.286298662104027 0.03401284681191071 0
1.518503600466694 -0.9714577836821833 0
1.339403282111196 -0.1298613928141832 0
-0.624488654955345 -1.132525380952781 0
0.8705027984980637 -0.6456088735817611 0
-0.2068762833310205 1.251491738960742 0
1.548920127397486 0.8420810990387422 0
-1.239825109158951 -0.3374739697207523 0
-1.152691146186567 -0.3078508041970799 0
1.551495094286729 -1.232912626621479 0
1.477334827218332 -1.166819643755187 0
1.49539576078081 1.005393956631295 0
1.441729070738815 1.169011184750423 0
0.5845612191224986 1.2516782625525 0
0.6750128393933994 1.279155393918852 0
-0.6609817557749949 -1.322213431878833 0
1.456840163057087 -1.26379470903866 0
-1.362471297108155 0.3292542408551674 0
1.18710006689538 -0.8064872154802962 0
0.03422006776071262 -1.364515074062599 0
-0.9879786036852534 -0.7951349554103515 0
-1.333318408122441 -0.3666508143066723 0
-1.259111803500602 0.8130013689884229 0
-0.9102738429957431 0.744606487590858 0
0.6654719248478442 -1.254471603379361 0
-1.298868578904295 0.6188744121071612 0
-1.321449856011984 0.522288709255041 0
-1.217049523815907 0.5404238375189304 0
0.7831027612623351 0.9595323195199833 0
1.516082091212864 1.102543219012904 0
0.1251016266575254 1.191135442383524 0
-1.125673527061294 1.038906177795216 0
1.482801039204837 1.363524751971245 0
1.387836267912048 1.332732512653621 0
1.010165820234798 1.208686653053054 0
0.8573914449520423 -1.181693833428592 0
-1.025576063923725 1.525693996728515 0
-1.249611364712957 -0.7898557237255959 0
0.9787773562756455 0.6604536121297608 0
-1.214430342716266 1.462694911553625 0
-1.140263582811493 1.396647490735315 0
-1.234320409670779 1.365192562343139 0
0.1692764487829434 1.382163337875753 0
1.300825221657903 0.4906181635145168 0
1.319588766116493 0.5879009564175924 0
-0.3045382919530412 -1.297382833911186 0
1.625888022989335 -1.299291925702146 0
-0.9379803354296474 1.101929158593514 0
-0.7708531026491543 1.067179631449066 0
-0.7370291180197132 1.166602843268016 0
-0.4507448108983644 -1.920243400377078 0
-0.4968179040551972 -1.83193395364169 0
-0.4843990620313767 -1.7247192893304 0
1.91342917217791 -0.4499450722458721 0
0.4548981657787351 1.913425107715367 0
-1.916291883960242 0.4547348524058498 0
-1.831078892756617 0.50658444009437 0
-1.827623451411101 0.6008479798769626 0
-1.744012525509085 0.5511333055085165 0
-1.741509904055094 0.6498847487309745 0
-1.827152718431829 0.6998113254938119 0
-1.740335420943543 0.7491438257535523 0
-1.636118141529688 0.6932599028080544 0
-1.656989289288837 0.7981962273227257 0
-1.743825371437659 0.8437025302996712 0
-1.567348890241916 0.7544900818773171 0
0.6500422792098954 1.910603187873674 0
-0.6505994205304848 -1.917190115095054 0
1.918946640641833 -0.6480413756536429 0
0.8491418996967819 1.90905106568025 0
0.8999458908123366 1.826929636657233 0
0.9997811024613421 1.829576953909574 0
0.9438756250297289 1.742708043243692 0
0.7940508375142276 1.794957677232159 0
0.9271569248687097 1.639924932511166 0
1.049852383291474 1.913821436790031 0
1.098195117130826 1.833995915271174 0
1.2076675577252 1.822170545251727 0
1.249871461176499 1.912871696786237 0
1.35002269058168 1.916108082905633 0
1.385942327828647 1.836082788284019 0
1.487724952963814 1.81756301148637 0
1.566466175816523 1.752433365471732 0
-1.913579994898958 0.8495515211154256 0
-1.83031734712495 0.8935441769585754 0
1.908478802987286 -0.8418527652749637 0
-1.042293320811835 -1.900635580269636 0
1.918428771744328 -1.049059833468618 0
1.829907767458934 -1.100163832148989 0
-1.301856138071167 -0.6264207118301519 0
-1.50995321061512 0.009628686406134689 0
1.384342127418082 0.06630853000281361 0
-1.07980284808324 -1.638324704826127 0
0.9500378955483291 -1.913443933282515 0
1.000017725824786 -1.82692233470785 0
1.0998431940791 -1.826884247003492 0
1.04991713678352 -1.740473317216789 0
0.9501814186891959 -1.740509789726532 0
1.149677255430484 -1.740436371611242 0
1.099789188819441 -1.654102997133144 0
1.199495357777824 -1.654046283074183 0
1.149588704442192 -1.56777976877555 0
1.249423009547774 -1.740378018725312 0
1.294879154546442 -1.656469712161873 0
1.346940422636715 -1.741822032974982 0
1.049968435238712 -1.571000007036199 0
1.085139206508825 -1.474190427038259 0
1.200927644251395 -1.485083689225695 0
1.151045239374074 -1.399032961372982 0
1.000107555214528 -1.654669543518662 0
0.9004425265252244 -1.654248346144367 0
0.8505611534354564 -1.740455897836148 0
0.8008145908259612 -1.654233371137005 0
0.7509954232941748 -1.740358307988362 0
0.7051096755248558 -1.65642645624525 0
0.6527022282698107 -1.741083723477721 0
0.7011140958168016 -1.826913256353787 0
0.6005696860735249 -1.643444595140429 0
0.8508959334029351 -1.566730559043791 0
0.5993629556019147 -1.824118032656175 0
0.9503251500515937 -1.571513507111095 0
0.9110967416175653 -1.491047720281344 0
1.149900869781872 -1.913412125842053 0
1.91341655685547 0.9500330773769241 0
1.8393156965587 1.018203167685586 0
-0.9498427709771387 1.914391554508281 0
-0.8942576240577544 1.824712531685978 0
-1.002822205037406 1.82951547610523 0
1.333941331012758 1.496487673088273 0
-1.051558356433024 0.9732216869435076 0
-1.417177330716545 -1.566218404331037 0
-0.398846628326338 -1.327807386985568 0
-0.8821155387217336 -1.123379373977254 0
-0.9560966156658111 -1.057060297005463 0
-1.457892987728618 -0.1386903563865366 0
1.249151007313577 -1.567660070350225 0
1.913463982366766 0.04998856233470567 0
1.827579347046742 2.137840244490624e-05 0
1.827024438581827 -0.09972460127279015 0
1.819940548167597 0.1090029417595245 0
1.747447451660729 -0.04951940742457363 0
1.744166387728765 -0.1494480217534742 0
1.827433153923902 -0.1993876874910598 0
1.657686262698616 -0.09337777969294316 0
1.742615966297584 -0.249272919014331 0
1.824902096330609 -0.3042450600001287 0
1.913431962741872 0.1500597611526898 0
0.3461957840265135 -1.910173192930678 0
0.4456801627023467 -1.905780828453908 0
0.5007906014672295 -1.820882917526885 0
1.913431962741871 0.3499402388376008 0
1.91272864884919 0.4475478545628211 0
0.2455473453584474 1.916268157177263 0
-1.01802195238516 -1.346877025811369 0
-0.7737468300859175 -0.9950103780876154 0
-0.4414323191833168 1.908092937670956 0
-0.652187704099718 1.915444776557394 0
-0.751562074450988 1.919423806928398 0
-1.905411171166484 -0.4447409486448192 0
-1.833881754768538 -0.6175757374191218 0
-1.919297082840425 -0.7498768297321956 0
-1.834028343300329 -0.7956705737757516 0
1.91341655685547 1.149966922617805 0
-1.153762270864555 1.912589953973638 0
-1.250000000002081 -1.913397459621796 0
-1.921444506024975 1.262421769437228 0
-1.348686505137627 -1.91279598290192 0
-1.248617902145285 -1.602290690539499 0
-0.0927819638874961 1.385301657496355 0
-0.9233916985010098 -1.316493753466113 0
-0.9969154475216593 -1.250202541355465 0
-0.6410729423381218 -1.226138578466785 0
-1.913603928931106 0.6500970006508565 0
-1.184806205316639 0.7478320615767093 0
0.9002641065358259 -1.826873601034062 0
0.5649937190833374 1.604310607374049 0
1.912684184592736 -0.2511212445415947 0
1.349880007928409 -1.913392074036423 0
1.449966133971591 -1.913400467175421 0
1.499977556136023 -1.826825261576935 0
1.59997923784967 -1.828454896833368 0
1.561747969281756 -1.745357656565346 0
1.457206452270321 -1.726999914742301 0
1.3999713404009 -1.826835056855125 0
1.649859906143235 -1.913748423806807 0
1.699839471323443 -1.828871143423029 0
1.800599278127683 -1.83004631735115 0
1.736310843123918 -1.727186333534899 0
1.848426607373596 -1.742113491175219 0
1.803316267584917 -1.64528815393058 0
1.850788968016181 -1.571726253853004 0
1.239341639919778 1.465354477919483 0
-1.545156818293066 -1.920270593750346 0
-1.912943114513714 1.54722542684965 0
-1.826038596255984 1.502192788351917 0
-1.833406978379473 1.598565445620242 0
1.913741628241585 1.650322985478238 0
1.826947128237379 1.699925168843898 0
1.829723703176255 1.800596523506841 0
1.740814914110079 1.750090681879568 0
1.748340286422158 1.654077395131035 0
1.744827075209835 1.849657341489339 0
1.831951074011505 1.607169271513065 0
-1.65017615703809 1.917151231344452 0
-1.610196188142086 1.83727908408455 0
-1.503131015670086 1.822330146438693 0
-1.916581525642817 1.738880773749653 0
-1.091718026096389 -1.280386294912232 0
-1.82658807269525 0.7991031890372372 0
0.3879636941903833 -1.345090214915097 0
1.54543317631363 1.912246390788518 0
-1.536900092827942 1.173630352462636 0
-1.552864857727721 1.531298276433508 0
-1.396387245867933 -1.468797296349653 0
0.1577383295725842 -1.598077646294363 0
1.602337312742088 0.6799163113817936 0
-0.1863267630721387 1.354020865737006 0
-1.522966143965158 -1.23797370162985 0
-1.176366854937629 -0.8565004743215376 0
-1.61635613077083 -0.4575244542434925 0
-1.333394730529425 -1.177453926461453 0
-1.490452551667957 0.1029072479133104 0
1.084081741273077 1.142828815921368 0
1.373676537787441 0.4242813346857346 0
-1.628515668190672 -1.72347499277599 0
0.9766478053580248 1.469762903777101 0
1.680793917410495 1.524346949655144 0
1.199670014259075 -1.826843524008939 0
1.400461912149627 -1.557057884558447 0
1.605045046307904 -1.397123939507895 0
0.6395881729526822 1.538516545219458 0
-1.202383230670659 0.6492692996067372 0
1.650951286403617 1.685994440054916 0
0.7503452324155429 -1.913417787698378 0
1.582097849810103 0.583038740240432 0
-1.659931837534361 -1.462956890376813 0
1.206132286426426 1.721606241162718 0
-1.794488087452253 1.177473963535206 0
-1.387997812218269 1.041787756136191 0
-1.247561145053737 1.721054681694671 0
-1.668997980338978 0.9485798956233953 0
1.728737141503198 1.260620085911698 0
-0.5347847272435531 -1.552636579640473 0
1.813185357868154 -0.8947515135870143 0
-1.458081383401084 1.563001303761727 0
1.085240522666008 -0.787572192100233 0
-1.301768376026117 -1.438265686403689 0
0.7553338768934138 -1.571813452779189 0
-1.750149082052824 0.1092118483453438 0
0.040756787087637 1.610735298677918 0
-0.1044613432901073 -1.593144636088446 0
-1.312347110973997 -1.080624783954143 0
-1.385765706836986 -1.014103267492145 0
-0.2209908178087989 1.613390379537599 0
-1.595266327414363 -0.3601393399827214 0
1.615234375709614 0.3226426777049478 0
1.219009357381535 1.368095531379656 0
0.5161665656907092 -1.573062401526915 0
0.2519083249748377 -1.567404422379604 0
-1.511889250062131 -0.7840726753456631 0
1.116957051807847 0.8836621053881215 0
-0.3669751672210973 -1.588203763598974 0
0.7681605533924709 1.309460705593064 0
0.3031469570995212 1.607143783435349 0
-0.7971233383974533 -1.546655416905797 0
1.405811168939426 0.1640561192805133 0
1.822588274760285 1.295639812760002 0
-1.579627028653487 0.5251930611242451 0
0.9898700340658475 1.111919445918425 0
1.299314132461799 -1.827111361037016 0
-0.1774796909889201 1.803563630070141 0
-0.8044606956919749 1.774750590140228 0
-1.619547489701981 0.3298071784626384 0
1.913426423966828 -0.1500253553930024 0
-0.2308210923541709 -1.363605953780011 0
1.158039432641722 1.076855748605746 0
1.668098275170443 0.1652290816151203 0
-1.160412834052011 1.299052973911795 0
0.6498546427884595 -1.91250885701215 0
0.8690641253075921 -0.9167663160849673 0
0.7482750357174816 1.212555488640918 0
-0.9127365248827384 -1.673573017101234 0
-1.737584739665608 -0.5866602107238137 0
-1.764010940701854 -0.6974504150011587 0
0.8006065559296891 -1.8267910034428 0
0.9036216102308973 1.537447822639513 0
-1.228611904883081 -0.6927722981135427 0
-1.75186135528918 -1.489634411981682 0
-1.066216039393423 1.330739033778214 0
-1.368286087075931 1.139013288796962 0
-1.050094267867114 -1.086977084810978 0
0.4711483549654563 1.572991193730004 0
1.656320670976528 1.796784091524482 0
-1.688428675465664 0.3952579019521651 0
1.382655057749412 -1.198164704597756 0
-1.606253460630701 -0.8144265128131786 0
1.313606311855572 1.399086360447265 0
-1.046024670665521 1.428313302461413 0
-0.8181081926250744 -1.643830135449654 0
-0.4619287200729466 -1.621042610338048 0
1.68844950213619 0.2562410948756597 0
1.40344881074571 -1.100841603670744 0
1.211108895774327 0.9141625065066548 0
-1.322565856547579 -1.535537751926999 0
-0.1251257413756088 -1.689624049508206 0
1.498066493106682 -1.069387275965604 0
0.06027660745746899 1.707598447600646 0
-1.542833560209013 -0.5236818539177303 0
-1.442698757766607 1.204896298625073 0
-1.682220544429673 -0.7485426854003717 0
-0.9579086880885731 1.004768796879477 0
1.444059649917477 -0.9064735527542089 0
1.539175554783993 -0.874659727260316 0
-1.517258240941374 1.270915478175314 0
0.2313366297478978 -1.664199149089851 0
0.3970302517530296 1.638701705342433 0
0.5415135736627791 1.053329408065774 0
0.0829007125023891 1.816137755353954 0
-1.406839928795007 -1.11093654805669 0
-0.05135128262281424 -1.756392371475154 0
-1.153973452302047 -1.571721394534631 0
-1.917013340434883 -0.9473694197870678 0
-0.8781233729468298 1.393510212653897 0
-1.637511507022583 -0.5541517745226252 0
1.367476806750658 1.235466723344014 0
1.264765498493407 0.7513287312327706 0
-1.497412939349987 1.368270882526722 0
1.484620660208444 -0.7124666396065491 0
-0.7843517452260238 1.424817822155647 0
0.2107100188115319 -1.758913790570968 0
1.580261813189933 -0.6800376297285866 0
1.76248861747133 0.1902319141167298 0
-1.501654265361062 -1.141061359285003 0
1.421251561355584 1.071959471416585 0
-0.9859230255020435 -1.60761555968443 0
-0.7633373035536195 1.522626549085863 0
-0.9392890860824498 0.5639904157443398 0
-1.575251058060582 -1.074525125812135 0
1.525350559512128 -0.5183259630866552 0
0.4168417349000084 1.733999889986856 0
-1.572259450218745 1.434061537154117 0
0.4824765388452199 -1.309774550572315 0
1.620994346344552 -0.4856236655698578 0
-0.5961241630609748 1.488109184575291 0
1.474932467811811 0.9084788309179668 0
-1.665540050458783 1.401710092970718 0
-1.676339987783559 -1.101785664929221 0
-1.91194266042106 1.047088784866835 0
-0.976388402747849 -1.153487226964527 0
1.563959057734873 -0.3252187004073213 0
-0.5749414860040186 1.585688533275585 0
1.528528267575406 0.745619992326348 0
0.8345737355759244 -1.071385986021737 0
-1.006719595803076 -1.703487405709188 0
-0.4079812673213363 1.550836773338602 0
1.543536432621458 1.655044820925339 0
-1.655524163094482 0.5915833563624009 0
-0.3868827647681594 1.648248599382488 0
-0.1605360489240642 1.903757001372802 0
0.7028093507355846 1.815741292569261 0
1.623187014108363 0.7763093845274792 0
1.717841782145849 0.8068612699708185 0
1.82420865476784 -0.7838038292825715 0
-0.2938019836473397 1.679305066239626 0
-1.774251497827742 -1.12632999974177 0
-0.6947677293521963 -1.05937640471008 0
-0.9730588164713401 -0.6965142135370197 0
1.129273265958815 0.5164514759285538 0
1.82397240627473 0.4876290098950553 0
-1.225261749639362 1.820037634297906 0
-1.027188134168129 -1.795582989865671 0
1.745213350262079 0.04425053408573644 0
-0.2714341956516039 1.770830666235385 0
1.915342106724208 1.453368227583475 0
-1.395289865807462 -1.826901057365053 0
1.164299925260057 -1.003287092276341 0
0.551870509528524 -1.73958403869291 0
0.2816235743927151 -1.828320024288884 0
1.242843700538508 -0.1706496861557852 0
1.81927145822619 0.8299237895655394 0
-1.739484264500182 1.463761295795922 0
-1.649862299272869 -1.816826082832447 0
0.8777513837721661 0.6391760555405418 0
-1.10008319702107 1.83025725343513 0
1.84693314025717 -1.9179143209286 0
1.917876457532066 1.846931376331088 0
-1.846656427494172 1.918876866198991 0
-1.789905464988504 1.826368605963835 0
-1.91620907478695 -1.84571328090052 0
-0.5762679122609954 -1.758232858786665 0
-0.2592890348775521 -1.912507961628497 0
-0.4705996760297331 1.265406353070671 0
1.020655653557023 1.667123723854703 0
1.916707853720562 0.7557337707695045 0
1.655040861325568 -0.2915341675608064 0
1.038513676704205 -1.120610177741192 0
-1.914533133296868 -1.457588034905028 0
-1.667782039819209 0.4911861719840464 0
1.303189113282142 -0.3286277647322149 0
1.072789552702837 -0.4506122573295758 0
-1.917386076233984 0.1431299338262298 0
-1.919741340261965 -0.6526809631874883 0
-1.118222152269819 -1.827397755973965 0
0.6698904193196639 -1.159380046403543 0
0.5119316174229236 1.317308661446429 0
0.548820400982311 0.9299658923629146 0
-0.4357605726072164 -1.076981359955827 0
-0.050291926019212 1.919479981173903 0
1.648311855529681 -1.754343275193799 0
1.919953488472151 1.350282988010603 0
-1.51017110129548 0.8277618842921864 0
0.2260837458694601 -1.314836019381866 0
-1.782098335664169 -0.874298998463376 0
-0.6359158300903274 0.8732110887610363 0
-1.043110710630017 0.5285984677639457 0
0.1500000000051317 1.924374834332587 0
-1.339658536271346 -0.02023391577680048 0
-0.3717719280429984 1.301035512808221 0
1.246332111477851 -0.6187854071377382 0
0.431231130136522 1.825471611398417 0
0.1872487928765217 -1.849917586677518 0
0.3170237183827945 -1.287629669276698 0
1.266519094080521 -0.5144973073742338 0
1.208753118305204 -0.3629013112907791 0
-1.828351560304409 0.986229959774113 0
-0.5957519442497696 1.838677768212049 0
-1.4343756386696 -0.05054401842840586 0
0.05473014127316012 1.06946275746331 0
-1.257599907981383 0.01098603211917189 0
1.836307923501911 -0.6857937749501707 0
-1.819996928865143 -0.2652017485333624 0
-1.451139217279812 1.917807863886224 0
1.383721099178332 -1.651509322114667 0
1.112201715739083 0.3380574630108354 0
-0.8514371196291521 -1.933840172628284 0
-0.690115315313295 1.097235417923757 0
-1.018535577267561 -0.5483706577777286 0
1.246089087317134 -1.403928735389413 0
-0.8597682729312315 0.6559243548329314 0
-1.533263028345286 -0.07983899688333036 0
0.6983018605625799 -1.500941426109525 0
-0.8804549488573186 1.733982241111623 0
0.3319911663683948 -1.105548732294764 0
-1.343214118382551 1.92144250202076 0
-1.141671951714254 -0.2132018410676739 0
-1.633317841648275 -0.1086254264940223 0
1.841651061978351 0.5923495001633359 0
1.663902870613054 -0.1955522136282079 0
-0.10996233660313 -1.157742767223266 0
1.83430434944892 1.513040227028106 0
-1.703473171250477 -0.04316025195914371 0
-1.144187144605442 0.1126925972274984 0
-1.218110113178648 0.1878433036777937 0
1.717981063271926 -1.625202813659655 0
1.065774422469337 -1.382611300017858 0
-1.260360208515916 0.4448847849015303 0
-1.758787147601591 0.4550277855817098 0
1.758019614033492 -1.058310833735973 0
1.622767171729919 -0.01974910485503923 0
1.156324175050491 -1.099953185061302 0
1.05283204318361 1.755082336046501 0
-0.3502729359715848 1.934717335212668 0
-0.5621883370331692 -1.013177873366201 0
-1.770980464237215 0.01946677039088793 0
1.30061973791096 1.849610988549493 0
0.6386991308434723 0.8610337502676833 0
-1.839972058718586 0.0808937390174251 0
-1.696399393497813 1.851836956057327 0
-1.837864545422605 -1.511140390614782 0
1.742406072524409 1.00412586588864 0
1.139316575413822 -0.7248805979819899 0
1.829836850463087 0.9241989177996195 0
1.843770886959404 0.2067710427313504 0
0.5018089160413357 1.221914995858213 0
0.9959816030851792 -1.5052398690293 0
0.8596171320526291 0.9005814828952678 0
0.252546177148634 -1.238177593667939 0
0.8242931610042113 -0.9834698256004359 0
-0.3266071485942594 -1.838181893539286 0
1.750000000000693 1.932992243380951 0
1.933018364421107 -1.750000000000693 0
1.861279274629256 -1.388443311140624 0
-1.854191892374622 -0.7026509038231432 0
-0.07739384227191391 -1.83512486886367 0
-1.923688354555871 -0.1678243528768702 0
0.5996297278985061 -1.202968527247165 0
-1.861157908813586 -0.01253481108068969 0
-1.498687568674774 -1.842975539664126 0
1.108884487063915 -0.8633443003423006 0
0.2366269055855169 1.33548220805527 0
1.931275894956193 -1.548002710625247 0
1.847249759644943 -1.48660489830583 0
-1.747368990484157 0.9267581849093168 0
-1.820222062789163 1.419880007671933 0
1.137903609093018 0.1120737234818129 0
-1.830731818634552 -1.057232925834042 0
-1.12982070864914 0.5072470126351135 0
-1.750000000000693 -1.935046732559739 0
1.581916460630376 1.836777314321641 0
-1.200750288628338 -1.847743829757 0
-0.6051751770728843 -1.844063961628617 0
1.847156454668771 -0.5916607138356098 0
1.924550273263577 -1.230682760127166 0
-0.006280278568200779 1.854837160276115 0
0.9293677908257797 -1.089520968715812 0
-1.93601474497868 1.350000000001803 0
-0.6209482729303456 0.9776392352162248 0
0.7532838889730022 0.8783290576621263 0
0.1667306465736324 -1.93165455761228 0
-0.8338438071779614 0.8004409393193076 0
1.591864067592355 -0.1514258216870039 0
-1.841748201288847 1.685517730634448 0
-1.937934519485855 -0.3499999999954228 0
-0.6990609298709375 -1.851171151958345 0
-1.052302256052841 1.763189155940113 0
-0.1983797428977787 1.147686303822966 0
1.039461102291162 0.5143503962952576 0
1.934848621774398 0.6487004846432288 0
1.756739659377309 1.560758004911976 0
-1.841457030568599 0.4137616413522748 0
0.02707597361647014 -1.926632652421957 0
-1.097456124601691 -0.3675742620132775 0
0.03616418531134215 -1.157458141094665 0
0.673497336266466 -1.582807306771924 0
-1.92679491924341 -1.926794919243263 0
1.926794919243263 -1.92679491924341 0
1.92679491924341 1.926794919243263 0
-1.926794919243263 1.92679491924341 0
-0.6207475559643414 1.066236845675001 0
1.535685175668728 -1.666144081495445 0
0.5089104055776137 1.84601452960627 0
-1.751207135228941 -0.7858554049062882 0
1.022101483849585 -0.5254371445704066 0
0.2036357094989629 1.202882189702183 0
1.838645923351378 -1.002585916172318 0
-1.292718688056046 0.3625792295891286 0
-1.207834355700247 0.2708712492878431 0
0.2778138445615438 1.842014221580582 0
-0.5047478522032069 1.851668742706265 0
1.125238968071166 -0.3894446042322364 0
1.324959507521386 -1.582862596786237 0
1.851062347580858 1.09874418467704 0
-0.2531219068600704 -1.131066997688603 0
0.4662800007255883 -1.743755260066892 0
-1.216867329675724 -0.164941187147111 0
-0.4074663561135666 -1.858597920400375 0
1.193334679823083 -1.334786058205486 0
1.857528528076878 0.2999894134238259 0
-0.2891069038667637 1.250660408211232 0
1.140590714364557 1.764047671939532 0
1.18525373832891 0.2859121505716649 0
-0.6659708453314577 1.2255510372653 0
-0.9624279589154954 -1.842551939678904 0
-0.8005154488634421 1.856075429298604 0
1.935617671708446 -1.366682426745794 0
-1.669887845479562 0.8727712331221973 0
-1.848970802655415 -1.594128739457252 0
-0.70423600429035 -0.9602478035137674 0
-1.935091098312181 -0.03164516940626683 0
1.731740544983949 0.120057894954533 0
-1.844553081011973 1.764996779657563 0
0.7006996601222699 -0.918461004755725 0
0.1052403617497582 1.120337885277325 0
1.860099068875738 -0.4999556380961519 0
0.4153145071275618 -1.070232848393658 0
-1.298572673503846 1.858739587853909 0
-0.9705989710562097 -0.6162201885487526 0
0.1934227425329735 1.131598804078563 0
-1.53354311250142 0.6892576718444021 0
1.844863240935577 -1.172648735028784 0
-0.06755763370237382 1.150415525675529 0
-1.845316032664531 1.238068113491753 0
-0.6158842397934654 -1.057265136135161 0
-1.774178762840321 1.648823176544005 0
1.145555069511034 0.4212304892009089 0
1.69104609283077 0.001828171215976844 0
0.4936708267355526 1.13415523988487 0
-0.2449556008795167 1.843761485773419 0
-1.857635207778603 -0.8915984380576591 0
0.7506412122184256 1.738461628671131 0
-1.581050483904613 1.764265237457183 0
1.40610662509579 1.758500761580699 0
-1.586760491051762 -1.854340501674439 0
1.690630453681651 1.602755736365279 0
0.862189351325962 0.7760348145140968 0
0.8598077339513559 1.768517452207315 0
-1.847246653474955 0.3255259641778222 0
0.8818097373773361 -1.418046466175627 0
$EndNodes
$Elements
9 3334 1 3334
1 1 1 40
1 1 9 
2 9 10 
3 10 11 
4 11 12 
5 12 13 
6 13 14 
7 14 15 
8 15 16 
9 16 17 
10 17 18 
11 18 19 
12 19 20 
13 20 21 
14 21 22 
15 22 23 
16 23 24 
17 24 25 
18 25 26 
19 26 27 
20 27 28 
21 28 29 
22 29 30 
23 30 31 
24 31 32 
25 32 33 
26 33 34 
27 34 35 
28 35 36 
29 36 37 
30 37 38 
31 38 39 
32 39 40 
33 40 41 
34 41 42 
35 42 43 
36 43 44 
37 44 45 
38 45 46 
39 46 47 
40 47 2 
1 2 1 40
41 2 48 
42 48 49 
43 49 50 
44 50 51 
45 51 52 
46 52 53 
47 53 54 
48 54 55 
49 55 56 
50 56 57 
51 57 58 
52 58 59 
53 59 60 
54 60 61 
55 61 62 
56 62 63 
57 63 64 
58 64 65 
59 65 66 
60 66 67 
61 67 68 
62 68 69 
63 69 70 
64 70 71 
65 71 72 
66 72 73 
67 73 74 
68 74 75 
69 75 76 
70 76 77 
71 77 78 
72 78 79 
73 79 80 
74 80 81 
75 81 82 
76 82 83 
77 83 84 
78 84 85 
79 85 86 
80 86 3 
1 3 1 40
81 3 87 
82 87 88 
83 88 89 
84 89 90 
85 90 91 
86 91 92 
87 92 93 
88 93 94 
89 94 95 
90 95 96 
91 96 97 
92 97 98 
93 98 99 
94 99 100 
95 100 101 
96 101 102 
97 102 103 
98 103 104 
99 104 105 
100 105 106 
101 106 107 
102 107 108 
103 108 109 
104 109 110 
105 110 111 
106 111 112 
107 112 113 
108 113 114 
109 114 115 
110 115 116 
111 116 117 
112 117 118 
113 118 119 
114 119 120 
115 120 121 
116 121 122 
117 122 123 
118 123 124 
119 124 125 
120 125 4 
1 4 1 40
121 4 126 
122 126 127 
123 127 128 
124 128 129 
125 129 130 
126 130 131 
127 131 132 
128 132 133 
129 133 134 
130 134 135 
131 135 136 
132 136 137 
133 137 138 
134 138 139 
135 139 140 
136 140 141 
137 141 142 
138 142 143 
139 143 144 
140 144 145 
141 145 146 
142 146 147 
143 147 148 
144 148 149 
145 149 150 
146 150 151 
147 151 152 
148 152 153 
149 153 154 
150 154 155 
151 155 156 
152 156 157 
153 157 158 
154 158 159 
155 159 160 
156 160 161 
157 161 162 
158 162 163 
159 163 164 
160 164 1 
1 5 1 16
161 5 165 
162 165 166 
163 166 167 
164 167 168 
165 168 169 
166 169 170 
167 170 171 
168 171 172 
169 172 173 
170 173 174 
171 174 175 
172 175 176 
173 176 177 
174 177 178 
175 178 179 
176 179 6 
1 6 1 16
177 6 180 
178 180 181 
179 181 182 
180 182 183 
181 183 184 
182 184 185 
183 185 186 
184 186 187 
185 187 188 
186 188 189 
187 189 190 
188 190 191 
189 191 192 
190 192 193 
191 193 194 
192 194 7 
1 7 1 16
193 7 195 
194 195 196 
195 196 197 
196 197 198 
197 198 199 
198 199 200 
199 200 201 
200 201 202 
201 202 203 
202 203 204 
203 204 205 
204 205 206 
205 206 207 
206 207 208 
207 208 209 
208 209 8 
1 8 1 16
209 8 210 
210 210 211 
211 211 212 
212 212 213 
213 213 214 
214 214 215 
215 215 216 
216 216 217 
217 217 218 
218 218 219 
219 219 220 
220 220 221 
221 221 222 
222 222 223 
223 223 224 
224 224 5 
2 1 2 3110
225 603 972 1421 
226 1459 862 1473 
227 1030 815 1238 
228 828 1002 1080 
229 786 1227 1228 
230 786 1228 1229 
231 457 957 1455 
232 787 1006 1024 
233 1243 1449 1463 
234 983 638 1049 
235 1149 241 1153 
236 1416 189 1518 
237 1015 685 1021 
238 272 1397 1495 
239 516 521 1029 
240 1002 828 1574 
241 1033 595 1115 
242 957 457 1568 
243 669 1267 1533 
244 806 1077 1574 
245 294 1323 1614 
246 26 27 946 
247 1018 996 1019 
248 1267 669 1488 
249 27 269 946 
250 245 907 1118 
251 1397 881 1495 
252 1059 309 1060 
253 1244 886 1246 
254 1396 249 1485 
255 1053 740 1099 
256 704 1206 1207 
257 1002 1003 1080 
258 1033 1115 1432 
259 891 1416 1518 
260 225 911 1055 
261 156 157 1056 
262 515 516 1029 
263 941 258 1225 
264 1206 704 1521 
265 638 983 1471 
266 294 1165 1323 
267 629 1143 1145 
268 1020 1002 1574 
269 738 796 1062 
270 828 806 1574 
271 899 251 1542 
272 291 938 1146 
273 251 899 1486 
274 629 1145 1490 
275 1019 996 1616 
276 860 859 1467 
277 907 245 1596 
278 782 1426 1444 
279 239 1459 1473 
280 1016 998 1017 
281 1467 859 1547 
282 815 945 1238 
283 243 1045 1047 
284 1051 186 1493 
285 861 1485 1545 
286 1034 171 1462 
287 911 225 1054 
288 227 943 1242 
289 976 1432 1557 
290 937 861 1545 
291 1150 1149 1153 
292 309 1059 1468 
293 790 1269 1270 
294 983 984 1471 
295 976 1033 1432 
296 959 465 1498 
297 1003 599 1080 
298 1471 984 1497 
299 1449 802 1463 
300 861 1396 1485 
301 1055 782 1444 
302 801 1230 1231 
303 1278 311 1281 
304 308 913 1061 
305 972 974 1421 
306 1266 310 1268 
307 630 962 1502 
308 1323 933 1614 
309 780 782 1055 
310 243 1047 1514 
311 278 894 1564 
312 894 278 1510 
313 913 308 1059 
314 856 1034 1462 
315 254 1030 1238 
316 200 247 934 
317 203 230 1026 
318 757 755 1469 
319 1017 998 1619 
320 430 1186 1534 
321 953 958 1031 
322 259 1032 1499 
323 1186 430 1554 
324 1005 840 1602 
325 1013 975 1522 
326 1269 790 1533 
327 1246 886 1454 
328 161 162 1061 
329 230 315 1026 
330 944 267 1650 
331 840 740 1053 
332 953 1031 1084 
333 258 941 1133 
334 253 1199 1229 
335 1549 853 1551 
336 298 156 1056 
337 1204 1549 1551 
338 1537 1168 1614 
339 696 1312 1435 
340 933 1537 1614 
341 911 780 1055 
342 1274 777 1275 
343 942 941 1225 
344 1432 1115 1584 
345 1197 460 1337 
346 657 1053 1099 
347 867 1051 1493 
348 1115 442 1584 
349 685 1015 1508 
350 840 1005 1528 
351 903 1023 1235 
352 1006 787 1622 
353 869 1007 1507 
354 1142 592 1648 
355 465 959 1550 
356 801 1231 1448 
357 1475 963 1584 
358 236 1022 1317 
359 982 980 1049 
360 1062 796 1516 
361 1009 1013 1522 
362 1153 241 1439 
363 260 142 1058 
364 1526 255 1597 
365 943 227 1346 
366 157 225 1056 
367 947 966 1641 
368 1241 1363 1562 
369 972 603 1565 
370 1228 253 1229 
371 1363 1241 1611 
372 997 1107 1535 
373 267 944 1595 
374 753 1197 1337 
375 979 980 982 
376 1107 997 1576 
377 439 1187 1215 
378 962 630 1503 
379 1323 1165 1442 
380 906 1526 1597 
381 862 906 1473 
382 1134 259 1499 
383 229 1103 1518 
384 871 738 1062 
385 298 936 1401 
386 120 1511 1523 
387 599 1003 1082 
388 985 981 1039 
389 450 1223 1538 
390 1281 311 1559 
391 1235 1023 1541 
392 1268 310 1560 
393 981 288 1039 
394 267 1007 1650 
395 1223 450 1590 
396 938 291 1610 
397 874 1015 1531 
398 868 1586 1608 
399 950 947 1641 
400 1227 786 1457 
401 971 968 1042 
402 990 993 1041 
403 934 247 1646 
404 1132 757 1469 
405 777 1274 1460 
406 1132 847 1379 
407 714 1157 1316 
408 1243 226 1449 
409 1478 1040 1503 
410 979 288 980 
411 968 248 1042 
412 977 287 978 
413 1001 276 1016 
414 1426 799 1444 
415 994 996 1018 
416 1009 265 1013 
417 988 990 1041 
418 999 1002 1020 
419 592 1142 1436 
420 947 216 966 
421 1001 1016 1017 
422 1006 207 1024 
423 183 288 979 
424 198 285 986 
425 168 287 977 
426 442 1475 1584 
427 1146 938 1439 
428 870 1453 1529 
429 1475 415 1539 
430 1498 436 1502 
431 1416 857 1494 
432 225 158 1054 
433 936 298 1575 
434 1072 1100 1446 
435 891 857 1416 
436 996 1044 1616 
437 284 161 1061 
438 162 308 1061 
439 1545 232 1587 
440 1268 302 1269 
441 1281 303 1372 
442 1145 1142 1648 
443 935 264 1585 
444 1515 868 1608 
445 1029 521 1569 
446 1154 606 1365 
447 1312 1162 1435 
448 867 1493 1586 
449 245 1118 1462 
450 142 143 1058 
451 1103 229 1589 
452 950 976 1557 
453 1187 439 1517 
454 264 935 1573 
455 1085 985 1595 
456 1014 1015 1021 
457 986 285 1062 
458 630 1478 1503 
459 515 1029 1057 
460 1145 569 1490 
461 1242 943 1621 
462 1346 227 1489 
463 886 1244 1579 
464 805 1236 1237 
465 822 870 1529 
466 26 946 1470 
467 1269 302 1270 
468 975 1013 1556 
469 201 200 934 
470 204 203 1026 
471 158 159 1054 
472 1157 714 1544 
473 980 983 1049 
474 976 950 1641 
475 1007 6 1507 
476 1044 997 1535 
477 595 1033 1483 
478 844 607 1472 
479 619 1262 1609 
480 1166 1450 1482 
481 937 1545 1587 
482 1022 236 1427 
483 1511 898 1523 
484 714 1160 1544 
485 245 977 1596 
486 1030 254 1239 
487 1060 309 1577 
488 1007 869 1650 
489 868 867 1586 
490 669 1261 1488 
491 961 959 1498 
492 1098 1325 1568 
493 1040 678 1458 
494 962 961 1502 
495 978 287 1513 
496 1011 1005 1602 
497 1044 1535 1615 
498 187 186 1051 
499 569 1145 1648 
500 1160 714 1661 
501 231 949 1084 
502 1165 244 1442 
503 755 829 1469 
504 816 1362 1403 
505 317 314 1043 
506 1262 619 1512 
507 957 965 1455 
508 1267 1269 1533 
509 985 1039 1595 
510 757 1132 1379 
511 946 269 1563 
512 1531 1019 1532 
513 1450 1166 1632 
514 850 847 1132 
515 311 1278 1465 
516 1350 1438 1657 
517 310 1266 1464 
518 1224 942 1225 
519 965 1475 1539 
520 838 1362 1363 
521 965 963 1475 
522 278 945 1510 
523 961 1498 1502 
524 1039 267 1595 
525 1261 669 1609 
526 678 1082 1458 
527 1059 308 1468 
528 838 1363 1389 
529 1231 255 1448 
530 1100 1043 1446 
531 870 1346 1489 
532 225 1055 1056 
533 787 1024 1486 
534 1050 1129 1515 
535 229 187 1051 
536 1047 293 1514 
537 1023 280 1541 
538 1466 312 1467 
539 1289 974 1501 
540 844 1154 1365 
541 274 1019 1531 
542 1015 1004 1531 
543 1161 715 1162 
544 1347 1436 1477 
545 701 606 1154 
546 313 201 934 
547 236 1317 1651 
548 987 204 1026 
549 966 248 967 
550 771 898 1285 
551 994 250 995 
552 988 249 989 
553 274 1018 1019 
554 265 1011 1012 
555 999 276 1000 
556 266 1014 1021 
557 1014 1004 1015 
558 715 1161 1661 
559 1010 1077 1513 
560 447 449 1082 
561 1188 414 1534 
562 1152 701 1154 
563 1229 1199 1456 
564 285 1008 1601 
565 945 278 1592 
566 1015 874 1508 
567 1555 1108 1587 
568 822 1529 1598 
569 989 249 1396 
570 1467 312 1640 
571 1077 268 1574 
572 1129 1050 1631 
573 1154 844 1472 
574 1350 876 1438 
575 949 953 1084 
576 942 1224 1474 
577 1010 268 1077 
578 1570 262 1571 
579 657 1052 1053 
580 1060 301 1461 
581 314 313 1043 
582 1104 595 1483 
583 453 1198 1201 
584 202 201 313 
585 217 216 947 
586 1375 837 1389 
587 172 171 1034 
588 205 204 987 
589 208 207 1006 
590 317 1043 1100 
591 180 6 1007 
592 184 183 979 
593 199 198 986 
594 169 168 977 
595 293 1047 1632 
596 1362 838 1403 
597 218 231 1084 
598 215 248 966 
599 252 220 1031 
600 414 1188 1626 
601 248 214 1042 
602 221 252 998 
603 1031 219 1084 
604 191 250 994 
605 176 249 988 
606 206 251 1024 
607 276 223 1016 
608 209 275 1005 
609 222 998 1016 
610 274 193 1018 
611 273 178 1041 
612 194 274 1004 
613 224 276 999 
614 181 267 1039 
615 265 210 1011 
616 192 994 1018 
617 268 165 1020 
618 1082 1003 1458 
619 266 195 1014 
620 177 988 1041 
621 211 265 1009 
622 166 268 1010 
623 196 266 1008 
624 213 286 1042 
625 8 1005 1011 
626 7 1004 1014 
627 5 999 1020 
628 288 182 1039 
629 286 212 1009 
630 287 167 1010 
631 285 197 1008 
632 1008 1088 1601 
633 974 1289 1421 
634 816 1030 1362 
635 190 189 1416 
636 1438 280 1657 
637 457 1098 1568 
638 978 1513 1654 
639 1448 255 1526 
640 896 1072 1446 
641 944 1085 1595 
642 1161 1160 1661 
643 1021 685 1624 
644 269 1025 1563 
645 772 771 1285 
646 1025 269 1600 
647 1197 753 1456 
648 992 991 1057 
649 1029 992 1057 
650 261 1246 1454 
651 1325 1098 1550 
652 298 1056 1575 
653 1432 964 1557 
654 280 1023 1657 
655 1347 592 1436 
656 678 447 1082 
657 449 599 1082 
658 980 288 981 
659 1001 1017 1040 
660 1306 822 1598 
661 1001 1040 1458 
662 1071 855 1123 
663 277 1227 1457 
664 1035 1555 1587 
665 612 1519 1525 
666 260 1058 1666 
667 266 1021 1524 
668 1049 638 1050 
669 1351 1206 1521 
670 974 975 1501 
671 1236 805 1505 
672 1312 696 1663 
673 1372 303 1578 
674 478 479 1405 
675 171 170 1462 
676 1076 275 1622 
677 986 1062 1516 
678 1071 1123 1124 
679 1118 856 1462 
680 1086 846 1424 
681 1198 453 1327 
682 478 1070 1124 
683 717 1375 1389 
684 460 1197 1603 
685 837 838 1389 
686 855 1071 1447 
687 916 1168 1537 
688 1070 478 1405 
689 1436 1138 1477 
690 1370 626 1428 
691 735 1028 1569 
692 1103 891 1518 
693 482 483 1382 
694 985 1085 1628 
695 318 320 1213 
696 1091 1109 1413 
697 1513 1077 1630 
698 1411 1219 1552 
699 1074 482 1382 
700 678 1040 1478 
701 1063 462 1422 
702 1072 624 1100 
703 1030 1239 1362 
704 967 248 968 
705 1131 850 1132 
706 1000 276 1001 
707 265 1012 1013 
708 313 934 1043 
709 994 995 996 
710 999 1000 1002 
711 1024 251 1486 
712 987 1026 1027 
713 988 989 990 
714 624 1072 1073 
715 1070 1071 1124 
716 543 545 1129 
717 788 1075 1076 
718 1065 456 1410 
719 480 1086 1424 
720 1092 830 1404 
721 607 711 1472 
722 1064 321 1212 
723 1270 1570 1571 
724 624 1073 1298 
725 589 1066 1430 
726 1067 590 1127 
727 233 1166 1482 
728 321 1064 1234 
729 301 1060 1577 
730 249 175 1485 
731 484 1091 1413 
732 1230 801 1627 
733 576 1068 1415 
734 1127 587 1390 
735 1144 1164 1288 
736 462 1418 1422 
737 888 1172 1400 
738 1125 747 1211 
739 1069 452 1392 
740 474 475 1124 
741 1107 858 1311 
742 1164 1163 1288 
743 321 318 1213 
744 561 1078 1377 
745 599 451 1171 
746 1080 599 1171 
747 590 1067 1128 
748 1105 1107 1311 
749 1262 1261 1609 
750 1079 486 1355 
751 1066 804 1430 
752 1083 825 1251 
753 1199 253 1358 
754 275 1006 1622 
755 509 511 1094 
756 1036 146 1564 
757 1213 320 1370 
758 1434 597 1437 
759 488 1092 1404 
760 186 185 1493 
761 456 1407 1410 
762 475 478 1124 
763 479 482 1405 
764 258 64 1256 
765 1206 1351 1633 
766 1262 1184 1263 
767 1213 1370 1428 
768 932 1063 1422 
769 1123 474 1124 
770 825 734 1251 
771 1225 258 1256 
772 1250 626 1287 
773 661 1085 1296 
774 1075 788 1125 
775 511 1093 1094 
776 1397 272 1583 
777 1423 589 1430 
778 1081 429 1385 
779 980 981 983 
780 1067 1127 1390 
781 737 871 1087 
782 483 486 1382 
783 1078 1116 1377 
784 1113 836 1376 
785 1418 1065 1422 
786 345 1117 1366 
787 545 590 1129 
788 1073 1117 1298 
789 462 1063 1429 
790 881 1232 1495 
791 788 747 1125 
792 835 1078 1402 
793 1068 769 1415 
794 1408 576 1415 
795 928 1065 1410 
796 1035 722 1555 
797 1257 1263 1349 
798 486 487 1355 
799 736 742 1209 
800 431 459 1096 
801 456 1065 1418 
802 807 1087 1088 
803 425 431 1096 
804 451 455 1171 
805 1087 871 1088 
806 998 252 1479 
807 1407 1069 1410 
808 452 1391 1392 
809 1172 354 1400 
810 661 1497 1628 
811 1263 1184 1349 
812 459 1089 1096 
813 533 661 1296 
814 493 1113 1376 
815 303 1281 1559 
816 1233 1250 1287 
817 93 94 1158 
818 302 1268 1560 
819 253 34 1358 
820 884 1247 1383 
821 924 1069 1392 
822 626 1250 1428 
823 835 1402 1408 
824 1519 892 1525 
825 737 1087 1101 
826 1117 1073 1366 
827 1140 242 1252 
828 1089 459 1126 
829 575 593 1106 
830 452 1069 1407 
831 1198 1190 1200 
832 1163 242 1288 
833 742 746 1209 
834 1313 237 1364 
835 734 1095 1251 
836 93 1158 1159 
837 509 1094 1342 
838 920 1081 1385 
839 286 1009 1522 
840 1102 586 1253 
841 866 868 1128 
842 642 374 1101 
843 364 382 1095 
844 383 1125 1211 
845 633 727 1097 
846 1238 945 1592 
847 235 1155 1156 
848 1198 1200 1201 
849 1391 1081 1392 
850 64 65 1256 
851 383 384 1354 
852 586 1105 1311 
853 835 1408 1415 
854 235 1156 1157 
855 455 464 1345 
856 740 389 1099 
857 702 1170 1301 
858 482 1074 1405 
859 235 95 1155 
860 1067 866 1128 
861 179 273 1507 
862 846 1091 1424 
863 432 465 1098 
864 1247 351 1383 
865 1162 715 1435 
866 580 633 1097 
867 1196 1313 1364 
868 1313 1196 1358 
869 429 1381 1385 
870 1196 1199 1358 
871 1061 913 1636 
872 741 562 1102 
873 587 551 1111 
874 1087 642 1101 
875 745 891 1103 
876 1111 736 1209 
877 573 558 1121 
878 686 937 1108 
879 1190 1189 1200 
880 474 1123 1303 
881 1170 873 1301 
882 1112 836 1113 
883 1068 1423 1430 
884 250 1416 1494 
885 1171 455 1345 
886 1219 1216 1226 
887 501 509 1342 
888 558 556 1121 
889 361 364 1095 
890 1068 576 1423 
891 646 735 1122 
892 967 968 969 
893 1078 719 1116 
894 603 405 1104 
895 1056 1444 1575 
896 1091 732 1109 
897 1233 1249 1250 
898 621 366 1211 
899 65 66 1353 
900 1179 1185 1189 
901 429 1081 1391 
902 719 688 1116 
903 693 836 1112 
904 1189 1185 1200 
905 389 390 1099 
906 1037 54 1582 
907 94 235 1158 
908 1096 1090 1374 
909 996 995 997 
910 525 646 1122 
911 471 474 1303 
912 718 869 1110 
913 747 621 1211 
914 723 856 1118 
915 324 322 1298 
916 33 253 1228 
917 1109 1092 1413 
918 72 255 1231 
919 1013 1012 1052 
920 601 352 1169 
921 1002 1000 1003 
922 739 601 1169 
923 990 989 991 
924 878 1126 1309 
925 595 409 1115 
926 292 1135 1136 
927 562 563 1102 
928 663 686 1108 
929 551 553 1111 
930 289 1130 1131 
931 374 371 1101 
932 1216 68 1226 
933 114 240 1237 
934 572 575 1106 
935 1302 1114 1348 
936 831 1248 1296 
937 1253 586 1311 
938 1078 561 1402 
939 242 1140 1288 
940 1302 834 1355 
941 95 96 1155 
942 750 1255 1310 
943 1202 228 1307 
944 295 1149 1150 
945 590 547 1127 
946 242 138 1252 
947 296 1163 1164 
948 1125 383 1354 
949 1368 561 1377 
950 1119 573 1121 
951 315 316 1234 
952 486 1079 1382 
953 830 1113 1404 
954 744 745 1103 
955 880 917 1126 
956 40 228 1202 
957 834 1079 1355 
958 1095 382 1251 
959 732 729 1109 
960 857 858 1494 
961 671 740 839 
962 1105 572 1106 
963 718 789 869 
964 680 642 807 
965 646 650 718 
966 240 1205 1206 
967 289 23 1130 
968 290 62 1133 
969 291 101 1134 
970 292 140 1135 
971 1299 372 1334 
972 22 289 1147 
973 61 290 1148 
974 100 291 1146 
975 1085 831 1296 
976 322 624 1298 
977 427 432 1098 
978 585 573 1119 
979 587 1209 1390 
980 295 97 1149 
981 296 136 1163 
982 294 58 1165 
983 1255 513 1310 
984 917 1089 1126 
985 679 621 726 
986 643 615 682 
987 1105 1106 1107 
988 1295 476 1314 
989 839 740 840 
990 643 682 806 
991 834 1302 1348 
992 328 332 1287 
993 1176 1179 1189 
994 1374 1090 1381 
995 706 872 874 
996 596 374 642 
997 831 650 1248 
998 1233 356 1249 
999 679 726 899 
1000 228 1257 1349 
1001 387 389 671 
1002 382 366 621 
1003 1126 459 1309 
1004 382 621 679 
1005 487 490 1355 
1006 1066 589 1434 
1007 718 650 789 
1008 525 527 646 
1009 292 1137 1252 
1010 596 642 680 
1011 1240 238 1241 
1012 633 634 706 
1013 671 389 740 
1014 737 601 738 
1015 737 738 871 
1016 18 293 1166 
1017 57 294 1167 
1018 650 527 1248 
1019 518 517 663 
1020 646 527 650 
1021 742 743 744 
1022 587 1111 1209 
1023 319 317 1100 
1024 316 321 1234 
1025 1221 1220 1223 
1026 393 395 657 
1027 773 1292 1324 
1028 1066 1434 1437 
1029 626 328 1287 
1030 468 615 643 
1031 498 503 1114 
1032 271 1216 1217 
1033 736 741 742 
1034 364 366 382 
1035 1381 1090 1385 
1036 1218 1217 1220 
1037 570 572 1105 
1038 370 601 737 
1039 1188 1187 1517 
1040 1120 1121 1357 
1041 1137 1140 1252 
1042 502 1342 1360 
1043 533 535 661 
1044 665 663 1108 
1045 676 360 734 
1046 824 734 825 
1047 370 352 601 
1048 503 502 517 
1049 624 319 1100 
1050 745 857 891 
1051 744 743 745 
1052 432 434 465 
1053 814 1299 1334 
1054 568 570 586 
1055 686 713 861 
1056 111 256 1235 
1057 742 741 743 
1058 723 722 856 
1059 237 37 1173 
1060 239 76 1203 
1061 240 115 1205 
1062 735 718 1110 
1063 150 254 1238 
1064 695 693 1112 
1065 237 1173 1254 
1066 378 343 1297 
1067 440 443 630 
1068 676 826 1249 
1069 531 533 1296 
1070 445 447 678 
1071 809 1295 1314 
1072 575 578 593 
1073 423 427 457 
1074 358 676 1249 
1075 863 744 1103 
1076 153 238 1240 
1077 559 562 736 
1078 1137 1136 1138 
1079 663 664 686 
1080 867 865 1051 
1081 736 562 741 
1082 633 706 727 
1083 1075 839 1076 
1084 457 427 1098 
1085 682 748 854 
1086 580 584 633 
1087 498 499 502 
1088 725 723 1118 
1089 741 1102 1253 
1090 686 861 937 
1091 824 1064 1212 
1092 358 360 676 
1093 676 734 824 
1094 907 725 1118 
1095 509 510 511 
1096 468 469 615 
1097 721 673 722 
1098 824 825 1064 
1099 767 719 835 
1100 1256 65 1353 
1101 586 570 1105 
1102 263 92 1159 
1103 449 451 599 
1104 726 747 787 
1105 578 580 1097 
1106 292 1136 1137 
1107 92 93 1159 
1108 539 541 638 
1109 345 337 1117 
1110 1259 1262 1263 
1111 932 942 1063 
1112 390 393 1099 
1113 549 587 1127 
1114 1192 1190 1198 
1115 1177 1176 1189 
1116 403 405 603 
1117 464 467 468 
1118 1185 1181 1186 
1119 1361 1046 1378 
1120 746 744 863 
1121 503 517 518 
1122 902 804 1066 
1123 688 652 1116 
1124 522 525 1122 
1125 738 739 796 
1126 358 359 360 
1127 928 930 1065 
1128 1177 1189 1190 
1129 779 769 1068 
1130 364 365 366 
1131 593 578 1097 
1132 518 663 665 
1133 1217 1216 1219 
1134 348 356 1233 
1135 337 331 1117 
1136 637 609 1208 
1137 411 442 1115 
1138 271 1217 1218 
1139 1218 1220 1221 
1140 1179 1181 1185 
1141 498 502 503 
1142 1174 1177 1254 
1143 471 473 474 
1144 1177 1191 1254 
1145 16 233 1244 
1146 652 625 766 
1147 407 409 595 
1148 1143 1142 1145 
1149 563 568 1102 
1150 492 495 1114 
1151 705 688 719 
1152 133 236 1245 
1153 343 848 1297 
1154 1173 299 1174 
1155 409 411 1115 
1156 353 352 370 
1157 407 595 1104 
1158 356 357 358 
1159 1174 1176 1177 
1160 405 407 1104 
1161 924 926 1069 
1162 352 346 1169 
1163 846 732 1091 
1164 495 498 1114 
1165 547 549 1127 
1166 819 725 907 
1167 864 863 865 
1168 380 623 1210 
1169 263 1159 1160 
1170 1234 1064 1445 
1171 706 634 872 
1172 553 559 1111 
1173 878 880 1126 
1174 766 1119 1120 
1175 545 547 590 
1176 387 388 389 
1177 375 374 596 
1178 796 823 896 
1179 728 830 1092 
1180 271 67 1216 
1181 525 526 527 
1182 1174 1175 1176 
1183 1151 1150 1152 
1184 39 40 1202 
1185 495 497 498 
1186 69 279 1226 
1187 277 31 1227 
1188 1141 1139 1142 
1189 885 888 1247 
1190 360 361 1095 
1191 1205 297 1207 
1192 591 702 1301 
1193 521 522 1122 
1194 917 918 919 
1195 1120 1368 1377 
1196 633 584 634 
1197 1203 300 1204 
1198 279 70 1230 
1199 1212 321 1213 
1200 652 766 1116 
1201 721 722 723 
1202 789 831 944 
1203 663 517 664 
1204 1227 32 1228 
1205 259 103 1232 
1206 234 1167 1168 
1207 705 719 767 
1208 745 749 857 
1209 516 520 521 
1210 361 363 364 
1211 1230 71 1231 
1212 24 257 1130 
1213 63 258 1133 
1214 102 259 1134 
1215 141 260 1135 
1216 512 514 515 
1217 367 369 383 
1218 241 99 1146 
1219 243 21 1147 
1220 244 60 1148 
1221 733 732 846 
1222 920 922 1081 
1223 827 806 828 
1224 1247 888 1400 
1225 852 846 1086 
1226 501 508 509 
1227 559 560 562 
1228 295 1150 1151 
1229 684 680 685 
1230 866 865 867 
1231 411 413 442 
1232 59 244 1165 
1233 98 241 1149 
1234 137 242 1163 
1235 983 981 984 
1236 1176 1178 1179 
1237 919 918 920 
1238 625 585 1119 
1239 393 657 1099 
1240 420 421 423 
1241 686 664 713 
1242 423 424 427 
1243 1236 113 1237 
1244 256 112 1236 
1245 366 367 1211 
1246 835 719 1078 
1247 1137 1138 1139 
1248 1179 1180 1181 
1249 393 394 395 
1250 752 940 1255 
1251 1258 1259 1263 
1252 297 117 1243 
1253 1206 1205 1207 
1254 646 718 735 
1255 728 699 830 
1256 1186 1187 1188 
1257 884 885 1247 
1258 233 17 1166 
1259 234 56 1167 
1260 490 492 1302 
1261 700 699 728 
1262 384 386 387 
1263 1089 919 1090 
1264 30 31 277 
1265 69 70 279 
1266 108 109 280 
1267 147 148 278 
1268 27 28 269 
1269 66 67 271 
1270 105 106 272 
1271 144 145 270 
1272 522 524 525 
1273 568 586 1102 
1274 1192 1198 1327 
1275 350 346 352 
1276 1292 582 1324 
1277 702 892 1170 
1278 682 615 748 
1279 531 532 533 
1280 1249 826 1250 
1281 623 708 1210 
1282 367 383 1211 
1283 395 396 397 
1284 189 188 1518 
1285 373 371 374 
1286 917 916 918 
1287 475 477 478 
1288 32 33 1228 
1289 670 878 1309 
1290 734 360 1095 
1291 71 72 1231 
1292 807 642 1087 
1293 671 839 1075 
1294 96 295 1155 
1295 427 428 432 
1296 341 337 345 
1297 24 25 257 
1298 63 64 258 
1299 102 103 259 
1300 141 142 260 
1301 693 691 836 
1302 110 111 1235 
1303 22 23 289 
1304 61 62 290 
1305 100 101 291 
1306 139 140 292 
1307 708 884 1210 
1308 1260 1264 1265 
1309 98 99 241 
1310 137 138 242 
1311 20 21 243 
1312 59 60 244 
1313 880 916 917 
1314 15 1244 1246 
1315 149 150 1238 
1316 533 534 535 
1317 432 433 434 
1318 33 34 253 
1319 72 73 255 
1320 111 112 256 
1321 150 151 254 
1322 568 569 570 
1323 113 114 1237 
1324 752 939 940 
1325 36 37 237 
1326 75 76 239 
1327 114 115 240 
1328 153 154 238 
1329 1169 345 1366 
1330 346 345 1169 
1331 498 497 499 
1332 708 883 884 
1333 390 392 393 
1334 468 467 469 
1335 888 889 1172 
1336 731 729 732 
1337 729 728 1109 
1338 38 299 1173 
1339 77 300 1203 
1340 116 297 1205 
1341 18 19 293 
1342 57 58 294 
1343 96 97 295 
1344 135 136 296 
1345 1277 1280 1282 
1346 79 227 1242 
1347 152 153 1240 
1348 691 637 1208 
1349 549 551 587 
1350 885 887 888 
1351 348 355 356 
1352 528 530 531 
1353 766 625 1119 
1354 331 324 1298 
1355 339 348 1233 
1356 1141 1142 1143 
1357 1258 281 1259 
1358 1208 609 1271 
1359 398 401 1289 
1360 535 536 537 
1361 397 398 1289 
1362 1191 1190 1192 
1363 782 641 845 
1364 742 744 746 
1365 16 17 233 
1366 55 56 234 
1367 94 95 235 
1368 133 134 236 
1369 1174 299 1175 
1370 570 571 572 
1371 434 435 436 
1372 1075 1125 1354 
1373 559 736 1111 
1374 506 504 1271 
1375 726 621 747 
1376 511 510 512 
1377 836 691 1208 
1378 332 339 1287 
1379 528 531 1248 
1380 738 601 739 
1381 360 359 361 
1382 417 419 420 
1383 728 1092 1109 
1384 826 824 1212 
1385 563 567 568 
1386 509 508 510 
1387 698 695 699 
1388 590 1128 1129 
1389 1259 1261 1262 
1390 1180 1183 1215 
1391 854 748 855 
1392 1195 1194 1197 
1393 1193 1192 1194 
1394 917 919 1089 
1395 283 1284 1285 
1396 537 538 539 
1397 553 555 559 
1398 479 481 482 
1399 436 437 440 
1400 572 574 575 
1401 474 473 475 
1402 67 68 1216 
1403 1273 1274 1275 
1404 1259 1260 1261 
1405 787 747 788 
1406 440 441 443 
1407 398 400 401 
1408 401 402 403 
1409 858 749 1311 
1410 68 69 1226 
1411 31 32 1227 
1412 358 357 359 
1413 103 104 1232 
1414 699 695 1112 
1415 490 491 492 
1416 483 485 486 
1417 1089 1090 1096 
1418 651 625 652 
1419 15 16 1244 
1420 371 370 1101 
1421 23 24 1130 
1422 62 63 1133 
1423 101 102 1134 
1424 140 141 1135 
1425 575 577 578 
1426 99 100 1146 
1427 21 22 1147 
1428 60 61 1148 
1429 1176 1175 1178 
1430 70 71 1230 
1431 984 981 985 
1432 356 358 1249 
1433 830 1112 1113 
1434 1120 1119 1121 
1435 884 883 885 
1436 263 1160 1161 
1437 38 39 299 
1438 77 78 300 
1439 116 117 297 
1440 155 156 298 
1441 1264 305 1265 
1442 687 652 688 
1443 920 921 922 
1444 515 514 516 
1445 132 133 1245 
1446 746 863 864 
1447 1257 1258 1263 
1448 700 728 729 
1449 366 365 367 
1450 97 98 1149 
1451 136 137 1163 
1452 58 59 1165 
1453 300 78 1242 
1454 370 737 1101 
1455 17 18 1166 
1456 56 57 1167 
1457 364 363 365 
1458 112 113 1236 
1459 878 879 880 
1460 609 506 1271 
1461 37 38 1173 
1462 76 77 1203 
1463 115 116 1205 
1464 964 955 1359 
1465 356 355 357 
1466 43 281 1258 
1467 1277 1279 1280 
1468 924 925 926 
1469 539 540 541 
1470 748 615 1303 
1471 598 1361 1378 
1472 631 843 1291 
1473 1222 1221 1224 
1474 1186 1181 1187 
1475 235 1157 1158 
1476 383 369 384 
1477 45 305 1264 
1478 91 263 1290 
1479 733 846 852 
1480 1342 1094 1360 
1481 263 1161 1290 
1482 118 226 1243 
1483 922 923 924 
1484 698 699 700 
1485 403 404 405 
1486 704 688 705 
1487 679 899 1083 
1488 731 732 733 
1489 578 579 580 
1490 1179 1178 1180 
1491 521 520 522 
1492 880 915 916 
1493 44 45 1264 
1494 926 927 928 
1495 745 743 749 
1496 443 444 445 
1497 672 665 673 
1498 1276 1277 1282 
1499 487 489 490 
1500 34 35 1358 
1501 796 739 823 
1502 643 806 827 
1503 1259 281 1260 
1504 864 865 866 
1505 228 41 1257 
1506 283 1283 1284 
1507 1265 1266 1267 
1508 350 352 353 
1509 888 887 889 
1510 768 767 769 
1511 670 877 878 
1512 304 1273 1275 
1513 622 585 625 
1514 1173 1174 1254 
1515 139 292 1252 
1516 353 370 371 
1517 1273 264 1274 
1518 405 406 407 
1519 492 494 495 
1520 541 542 543 
1521 928 929 930 
1522 789 650 831 
1523 1276 306 1277 
1524 641 378 1297 
1525 261 14 1246 
1526 335 344 1293 
1527 341 345 346 
1528 329 327 1300 
1529 1277 1278 1279 
1530 720 673 721 
1531 445 446 447 
1532 117 118 1243 
1533 775 777 778 
1534 387 386 388 
1535 14 15 1246 
1536 990 992 993 
1537 896 823 1072 
1538 1265 305 1266 
1539 596 680 684 
1540 527 526 528 
1541 930 931 932 
1542 447 448 449 
1543 525 524 526 
1544 596 684 1214 
1545 692 691 693 
1546 389 388 390 
1547 1257 42 1258 
1548 1277 306 1278 
1549 600 750 1310 
1550 40 41 228 
1551 79 80 227 
1552 118 119 226 
1553 157 158 225 
1554 373 374 375 
1555 1155 1151 1156 
1556 41 42 1257 
1557 282 1276 1282 
1558 676 824 826 
1559 420 419 421 
1560 1177 1190 1191 
1561 559 555 560 
1562 562 560 563 
1563 423 421 424 
1564 932 941 942 
1565 580 583 584 
1566 407 408 409 
1567 478 477 479 
1568 78 79 1242 
1569 543 544 545 
1570 963 955 964 
1571 1255 940 1371 
1572 1123 748 1303 
1573 384 387 1354 
1574 380 1210 1293 
1575 375 596 1214 
1576 1140 1139 1141 
1577 527 528 1248 
1578 825 1083 1445 
1579 724 723 725 
1580 690 637 691 
1581 42 43 1258 
1582 770 769 779 
1583 339 1233 1287 
1584 953 956 958 
1585 138 139 1252 
1586 866 867 868 
1587 299 39 1202 
1588 775 778 1292 
1589 970 968 971 
1590 830 699 1112 
1591 393 392 394 
1592 944 831 1085 
1593 1267 1268 1269 
1594 449 450 451 
1595 803 779 804 
1596 326 328 626 
1597 395 394 396 
1598 382 679 1251 
1599 1114 503 1348 
1600 464 468 1345 
1601 1120 1357 1368 
1602 301 12 1272 
1603 304 129 1273 
1604 427 424 428 
1605 679 1083 1251 
1606 531 530 532 
1607 694 693 695 
1608 901 804 902 
1609 857 749 858 
1610 920 918 921 
1611 13 14 261 
1612 52 53 262 
1613 91 92 263 
1614 130 131 264 
1615 13 261 1272 
1616 130 264 1273 
1617 409 410 411 
1618 545 546 547 
1619 533 532 534 
1620 702 703 892 
1621 282 83 1276 
1622 283 122 1283 
1623 667 772 773 
1624 128 304 1286 
1625 880 879 915 
1626 43 44 281 
1627 82 83 282 
1628 121 122 283 
1629 160 161 284 
1630 495 496 497 
1631 11 12 301 
1632 50 51 302 
1633 89 90 303 
1634 128 129 304 
1635 90 91 1290 
1636 397 396 398 
1637 12 13 1272 
1638 129 130 1273 
1639 84 306 1276 
1640 123 307 1283 
1641 878 877 879 
1642 312 127 1286 
1643 827 828 1080 
1644 83 84 1276 
1645 122 123 1283 
1646 127 128 1286 
1647 45 46 305 
1648 84 85 306 
1649 123 124 307 
1650 162 163 308 
1651 482 481 483 
1652 9 10 309 
1653 48 49 310 
1654 87 88 311 
1655 126 127 312 
1656 535 534 536 
1657 451 454 455 
1658 455 463 464 
1659 281 44 1264 
1660 958 959 960 
1661 568 567 569 
1662 486 485 487 
1663 708 882 883 
1664 903 902 904 
1665 713 832 833 
1666 432 428 433 
1667 949 952 953 
1668 667 773 1324 
1669 885 886 887 
1670 1267 1266 1268 
1671 469 470 471 
1672 967 969 976 
1673 749 1253 1311 
1674 623 707 708 
1675 1117 331 1298 
1676 1279 1278 1281 
1677 471 472 473 
1678 332 338 339 
1679 464 466 467 
1680 537 536 538 
1681 794 793 849 
1682 344 380 1293 
1683 655 631 1291 
1684 750 752 1255 
1685 591 653 702 
1686 570 569 571 
1687 434 433 435 
1688 499 500 501 
1689 792 655 793 
1690 622 625 651 
1691 66 271 1353 
1692 1307 228 1349 
1693 1191 1192 1193 
1694 411 412 413 
1695 401 400 402 
1696 547 548 549 
1697 303 90 1290 
1698 490 489 491 
1699 671 1075 1354 
1700 631 627 843 
1701 651 652 687 
1702 972 971 973 
1703 295 1151 1155 
1704 1260 281 1264 
1705 505 607 844 
1706 334 329 1300 
1707 814 815 816 
1708 237 1254 1364 
1709 1180 1182 1183 
1710 697 695 698 
1711 539 538 540 
1712 339 347 348 
1713 818 725 819 
1714 705 767 768 
1715 692 693 694 
1716 1193 1194 1195 
1717 974 973 975 
1718 730 729 731 
1719 922 921 923 
1720 336 331 337 
1721 960 961 962 
1722 690 691 692 
1723 773 774 775 
1724 403 402 404 
1725 343 334 848 
1726 1181 1180 1215 
1727 809 810 811 
1728 361 362 363 
1729 1218 1221 1222 
1730 322 319 624 
1731 572 571 574 
1732 492 1114 1302 
1733 780 641 782 
1734 436 435 437 
1735 518 665 672 
1736 687 688 704 
1737 924 923 925 
1738 969 968 970 
1739 1047 1046 1048 
1740 660 813 814 
1741 613 757 1322 
1742 645 808 809 
1743 1052 1012 1053 
1744 1137 1139 1140 
1745 492 491 494 
1746 640 378 641 
1747 926 925 927 
1748 773 772 774 
1749 541 540 542 
1750 405 404 406 
1751 1070 819 1071 
1752 330 324 331 
1753 440 437 441 
1754 575 574 577 
1755 501 507 508 
1756 845 641 1297 
1757 611 668 670 
1758 793 655 1291 
1759 512 513 514 
1760 750 751 752 
1761 413 414 415 
1762 565 558 573 
1763 600 681 750 
1764 775 776 777 
1765 1175 299 1202 
1766 407 406 408 
1767 1045 756 1046 
1768 820 662 821 
1769 1141 1143 1144 
1770 694 695 697 
1771 996 997 1044 
1772 517 502 1360 
1773 348 354 355 
1774 710 913 914 
1775 543 542 544 
1776 578 577 579 
1777 841 658 847 
1778 469 471 1303 
1779 885 883 886 
1780 35 36 1313 
1781 928 927 929 
1782 443 441 444 
1783 516 519 520 
1784 708 707 882 
1785 670 790 877 
1786 1222 1224 1225 
1787 475 476 477 
1788 549 550 551 
1789 431 458 459 
1790 495 494 496 
1791 340 337 341 
1792 914 1059 1060 
1793 367 368 369 
1794 990 991 992 
1795 721 723 724 
1796 836 1208 1376 
1797 672 673 720 
1798 792 793 794 
1799 618 461 619 
1800 409 408 410 
1801 776 774 859 
1802 339 338 347 
1803 775 774 776 
1804 438 426 439 
1805 930 929 931 
1806 545 544 546 
1807 1248 531 1296 
1808 700 729 730 
1809 581 573 585 
1810 752 938 939 
1811 1210 884 1383 
1812 505 844 1305 
1813 1116 766 1377 
1814 415 416 417 
1815 499 497 500 
1816 613 755 757 
1817 667 771 772 
1818 349 346 350 
1819 580 579 583 
1820 384 385 386 
1821 697 698 784 
1822 1183 1182 1184 
1823 716 647 717 
1824 773 775 1292 
1825 872 634 873 
1826 1280 1279 1312 
1827 445 444 446 
1828 692 694 696 
1829 914 913 1059 
1830 768 769 770 
1831 1140 1141 1288 
1832 1180 1178 1182 
1833 342 377 677 
1834 425 1096 1374 
1835 776 859 860 
1836 608 506 609 
1837 932 931 941 
1838 344 379 380 
1839 636 609 637 
1840 522 523 524 
1841 417 418 419 
1842 447 446 448 
1843 1141 1144 1288 
1844 411 410 412 
1845 615 469 1303 
1846 689 637 690 
1847 809 811 1295 
1848 547 546 548 
1849 713 664 832 
1850 643 827 1345 
1851 743 741 1253 
1852 449 448 450 
1853 822 784 870 
1854 710 900 913 
1855 915 879 1037 
1856 632 381 709 
1857 479 480 481 
1858 697 784 822 
1859 551 552 553 
1860 668 618 669 
1861 483 484 485 
1862 784 1321 1346 
1863 487 488 489 
1864 670 668 790 
1865 594 666 667 
1866 814 816 1299 
1867 654 791 800 
1868 563 566 567 
1869 361 359 362 
1870 594 585 622 
1871 1187 1181 1215 
1872 770 779 803 
1873 357 355 598 
1874 173 172 232 
1875 188 187 229 
1876 203 202 230 
1877 218 217 231 
1878 710 709 900 
1879 553 554 555 
1880 771 666 897 
1881 584 583 591 
1882 640 641 780 
1883 848 334 1300 
1884 499 501 1342 
1885 733 852 853 
1886 372 371 373 
1887 953 952 956 
1888 730 731 905 
1889 843 627 1318 
1890 803 804 901 
1891 413 412 414 
1892 882 707 890 
1893 632 709 710 
1894 469 467 470 
1895 565 573 581 
1896 612 375 1214 
1897 549 548 550 
1898 958 956 959 
1899 610 375 612 
1900 623 632 707 
1901 528 529 530 
1902 390 391 392 
1903 490 1302 1355 
1904 170 169 245 
1905 185 184 246 
1906 200 199 247 
1907 215 214 248 
1908 993 992 1028 
1909 588 628 629 
1910 771 897 898 
1911 724 725 818 
1912 901 902 903 
1913 348 347 354 
1914 176 175 249 
1915 191 190 250 
1916 206 205 251 
1917 221 220 252 
1918 702 653 703 
1919 636 689 714 
1920 645 809 1314 
1921 380 381 623 
1922 512 510 513 
1923 795 794 797 
1924 451 450 454 
1925 1045 1046 1047 
1926 912 911 1054 
1927 464 463 466 
1928 455 454 463 
1929 689 690 715 
1930 216 215 966 
1931 611 618 668 
1932 475 473 476 
1933 471 470 472 
1934 811 810 862 
1935 36 237 1313 
1936 330 331 336 
1937 816 815 1030 
1938 675 842 851 
1939 220 219 1031 
1940 970 971 972 
1941 398 399 400 
1942 219 218 1084 
1943 903 904 1023 
1944 809 808 810 
1945 501 500 507 
1946 623 381 632 
1947 581 585 594 
1948 750 681 751 
1949 415 414 416 
1950 801 758 893 
1951 1194 1192 1327 
1952 607 608 711 
1953 791 655 792 
1954 667 666 771 
1955 855 748 1123 
1956 919 920 1385 
1957 792 794 795 
1958 636 637 689 
1959 179 178 273 
1960 194 193 274 
1961 209 208 275 
1962 224 223 276 
1963 1352 614 1373 
1964 323 325 326 
1965 608 609 636 
1966 214 213 1042 
1967 336 337 340 
1968 712 617 758 
1969 417 416 418 
1970 333 329 334 
1971 222 221 998 
1972 196 195 266 
1973 211 210 265 
1974 166 165 268 
1975 181 180 267 
1976 814 813 815 
1977 505 506 607 
1978 654 631 655 
1979 605 763 765 
1980 795 797 935 
1981 565 581 582 
1982 487 485 488 
1983 644 760 761 
1984 508 507 600 
1985 192 191 994 
1986 960 959 961 
1987 730 905 943 
1988 594 622 666 
1989 177 176 988 
1990 894 817 895 
1991 207 206 1024 
1992 897 666 1319 
1993 223 222 1016 
1994 833 832 1093 
1995 781 911 912 
1996 812 659 817 
1997 800 791 1022 
1998 483 481 484 
1999 551 550 552 
2000 380 379 381 
2001 651 687 802 
2002 8 209 1005 
2003 516 514 519 
2004 497 496 1305 
2005 764 1352 1373 
2006 193 192 1018 
2007 553 552 554 
2008 611 461 618 
2009 458 438 461 
2010 178 177 1041 
2011 344 378 379 
2012 491 489 493 
2013 7 194 1004 
2014 328 329 332 
2015 640 780 781 
2016 5 224 999 
2017 431 426 438 
2018 332 333 338 
2019 710 914 1304 
2020 564 558 565 
2021 182 181 1039 
2022 424 421 429 
2023 644 761 1333 
2024 563 560 566 
2025 607 506 608 
2026 923 921 933 
2027 210 8 1011 
2028 431 438 458 
2029 425 426 431 
2030 367 365 368 
2031 479 477 480 
2032 458 461 611 
2033 165 5 1020 
2034 195 7 1014 
2035 611 670 1309 
2036 326 327 328 
2037 1196 1195 1199 
2038 818 819 1070 
2039 654 655 791 
2040 459 458 1309 
2041 379 378 640 
2042 384 369 385 
2043 496 504 505 
2044 344 343 378 
2045 972 973 974 
2046 335 334 343 
2047 341 346 349 
2048 212 211 1009 
2049 363 362 613 
2050 167 166 1010 
2051 864 866 1067 
2052 230 202 313 
2053 197 196 1008 
2054 908 764 909 
2055 231 217 947 
2056 781 780 911 
2057 168 167 287 
2058 183 182 288 
2059 198 197 285 
2060 213 212 286 
2061 347 338 351 
2062 335 343 344 
2063 616 674 753 
2064 628 627 631 
2065 820 821 1032 
2066 588 566 627 
2067 557 558 564 
2068 425 422 426 
2069 232 172 1034 
2070 752 751 938 
2071 784 698 1321 
2072 841 847 850 
2073 698 700 1321 
2074 628 631 654 
2075 418 416 422 
2076 473 472 1314 
2077 683 639 764 
2078 600 507 606 
2079 554 552 556 
2080 505 504 506 
2081 749 743 1253 
2082 332 329 333 
2083 251 205 987 
2084 632 710 1304 
2085 333 334 335 
2086 721 724 1340 
2087 584 591 1301 
2088 438 439 1308 
2089 619 461 1308 
2090 496 494 504 
2091 1321 943 1346 
2092 522 520 523 
2093 557 556 558 
2094 694 697 1306 
2095 1121 556 1357 
2096 567 566 588 
2097 353 371 372 
2098 328 327 329 
2099 418 422 425 
2100 660 814 1334 
2101 681 606 701 
2102 954 951 955 
2103 1072 823 1073 
2104 696 694 1306 
2105 890 707 1304 
2106 373 375 610 
2107 707 632 1304 
2108 316 314 317 
2109 246 184 979 
2110 433 428 452 
2111 1175 1202 1307 
2112 247 199 986 
2113 245 169 977 
2114 1178 1175 1307 
2115 834 720 1079 
2116 957 955 963 
2117 600 606 681 
2118 1052 657 1491 
2119 700 730 1321 
2120 349 350 602 
2121 502 499 1342 
2122 468 643 1345 
2123 390 388 391 
2124 275 208 1006 
2125 500 497 1305 
2126 326 626 1370 
2127 697 822 1306 
2128 231 948 949 
2129 316 318 321 
2130 827 1171 1345 
2131 542 540 576 
2132 518 672 1348 
2133 528 526 529 
2134 588 627 628 
2135 829 756 1045 
2136 412 410 430 
2137 267 180 1007 
2138 648 716 799 
2139 326 325 327 
2140 230 314 315 
2141 534 532 597 
2142 408 406 453 
2143 548 546 561 
2144 394 392 1294 
2145 1193 1195 1196 
2146 538 536 589 
2147 325 324 330 
2148 799 716 936 
2149 470 467 1335 
2150 398 396 399 
2151 554 556 557 
2152 323 324 325 
2153 349 602 837 
2154 437 435 456 
2155 323 322 324 
2156 377 647 648 
2157 320 319 322 
2158 648 647 716 
2159 605 765 1294 
2160 976 969 1033 
2161 336 340 342 
2162 1218 1222 1353 
2163 377 376 647 
2164 404 402 460 
2165 862 810 906 
2166 496 505 1305 
2167 948 947 950 
2168 616 753 1337 
2169 342 340 376 
2170 634 584 1301 
2171 755 756 829 
2172 672 720 834 
2173 342 376 377 
2174 386 385 620 
2175 1182 1178 1307 
2176 320 322 323 
2177 574 571 592 
2178 342 677 1332 
2179 458 611 1309 
2180 318 317 319 
2181 1162 1312 1372 
2182 524 523 656 
2183 613 362 754 
2184 387 671 1354 
2185 510 508 1310 
2186 720 721 1340 
2187 755 754 756 
2188 340 341 1339 
2189 461 438 1308 
2190 949 951 952 
2191 683 908 910 
2192 821 662 1343 
2193 610 659 660 
2194 847 658 1341 
2195 591 639 653 
2196 508 600 1310 
2197 654 800 1320 
2198 622 651 1319 
2199 476 473 1314 
2200 467 466 1335 
2201 579 577 614 
2202 503 518 1348 
2203 851 842 946 
2204 770 803 805 
2205 472 617 645 
2206 837 602 838 
2207 645 712 808 
2208 827 1080 1171 
2209 712 758 801 
2210 610 612 659 
2211 594 667 1324 
2212 660 812 813 
2213 392 391 605 
2214 530 529 644 
2215 335 1293 1326 
2216 444 441 462 
2217 620 385 658 
2218 730 943 1321 
2219 666 622 1319 
2220 318 319 320 
2221 792 795 1317 
2222 357 598 1344 
2223 400 399 616 
2224 613 754 755 
2225 1222 1225 1256 
2226 812 817 894 
2227 765 763 798 
2228 815 813 945 
2229 616 399 635 
2230 271 1218 1353 
2231 372 373 1334 
2232 739 1169 1366 
2233 791 792 1317 
2234 656 523 662 
2235 472 470 617 
2236 709 381 1315 
2237 798 763 1025 
2238 894 895 1036 
2239 320 323 1370 
2240 369 368 1341 
2241 711 608 1316 
2242 230 313 314 
2243 359 357 1344 
2244 231 947 948 
2245 629 628 1320 
2246 636 714 1316 
2247 1271 504 1336 
2248 448 446 604 
2249 315 314 316 
2250 591 583 639 
2251 520 519 1343 
2252 1336 493 1376 
2253 605 391 762 
2254 925 923 1323 
2255 674 635 785 
2256 675 658 841 
2257 644 529 759 
2258 783 662 820 
2259 724 818 1074 
2260 683 764 908 
2261 381 379 1315 
2262 513 510 1310 
2263 560 555 1318 
2264 463 454 649 
2265 316 317 318 
2266 1312 1279 1372 
2267 379 640 1315 
2268 957 963 965 
2269 1184 1182 1349 
2270 1362 1239 1363 
2271 385 369 1341 
2272 954 955 957 
2273 608 636 1316 
2274 1022 791 1317 
2275 760 759 875 
2276 1093 832 1094 
2277 873 634 1301 
2278 870 784 1346 
2279 640 781 1315 
2280 232 1034 1035 
2281 922 924 1392 
2282 660 659 812 
2283 581 594 1324 
2284 645 617 712 
2285 952 951 954 
2286 672 834 1348 
2287 35 1313 1358 
2288 949 948 951 
2289 651 802 1319 
2290 656 662 783 
2291 582 581 1324 
2292 724 1074 1340 
2293 552 550 1357 
2294 620 658 675 
2295 472 645 1314 
2296 365 363 1322 
2297 783 820 881 
2298 513 1255 1371 
2299 664 517 1360 
2300 653 639 683 
2301 1028 992 1029 
2302 910 908 1058 
2303 675 841 842 
2304 373 610 1334 
2305 341 349 1339 
2306 338 333 1326 
2307 628 654 1320 
2308 616 635 674 
2309 363 613 1322 
2310 674 785 786 
2311 351 338 1326 
2312 362 359 1344 
2313 605 762 763 
2314 523 520 1343 
2315 798 1025 1038 
2316 760 875 876 
2317 494 491 1336 
2318 644 759 760 
2319 238 154 1401 
2320 709 1315 1367 
2321 246 979 982 
2322 392 605 1294 
2323 566 560 1318 
2324 1315 781 1367 
2325 333 335 1326 
2326 617 470 1335 
2327 923 933 1323 
2328 1048 1046 1361 
2329 376 340 1339 
2330 1222 1256 1353 
2331 491 493 1336 
2332 1271 1336 1376 
2333 956 952 1325 
2334 526 524 1329 
2335 832 664 1360 
2336 761 760 1350 
2337 627 566 1318 
2338 388 386 1330 
2339 1079 720 1340 
2340 402 400 1337 
2341 1300 327 1331 
2342 1182 1307 1349 
2343 556 552 1357 
2344 532 530 1333 
2345 758 617 1335 
2346 396 394 1338 
2347 703 653 1328 
2348 768 770 1351 
2349 368 365 1322 
2350 1113 493 1404 
2351 330 336 1332 
2352 843 1318 1369 
2353 658 385 1341 
2354 1046 756 1378 
2355 155 298 1401 
2356 524 656 1329 
2357 514 513 1371 
2358 504 494 1336 
2359 327 325 1331 
2360 325 330 1331 
2361 577 574 1347 
2362 349 837 1339 
2363 1254 1191 1364 
2364 610 660 1334 
2365 386 620 1330 
2366 823 739 1366 
2367 530 644 1333 
2368 400 616 1337 
2369 717 647 1375 
2370 754 362 1344 
2371 764 639 1352 
2372 662 523 1343 
2373 606 507 1365 
2374 952 954 1325 
2375 849 793 1393 
2376 602 1387 1403 
2377 713 833 1396 
2378 554 557 1369 
2379 336 342 1332 
2380 583 579 1352 
2381 1092 488 1413 
2382 391 388 1330 
2383 529 526 1329 
2384 683 910 1328 
2385 893 758 1380 
2386 1329 656 1386 
2387 653 683 1328 
2388 351 1326 1383 
2389 507 500 1365 
2390 1318 555 1369 
2391 550 548 1368 
2392 597 532 1333 
2393 500 1305 1365 
2394 900 709 1367 
2395 394 1294 1338 
2396 955 951 1359 
2397 399 396 1338 
2398 460 402 1337 
2399 548 561 1368 
2400 1330 620 1384 
2401 1209 746 1390 
2402 770 805 1351 
2403 1094 832 1360 
2404 1028 735 1613 
2405 614 577 1347 
2406 574 592 1347 
2407 555 554 1369 
2408 1305 844 1365 
2409 418 425 1374 
2410 466 463 1356 
2411 948 950 1359 
2412 1369 557 1388 
2413 1331 330 1332 
2414 1191 1193 1364 
2415 760 876 1350 
2416 1344 598 1378 
2417 675 851 1384 
2418 781 912 1367 
2419 1357 550 1368 
2420 579 614 1352 
2421 429 421 1381 
2422 1326 1293 1383 
2423 1166 293 1632 
2424 1193 1196 1364 
2425 635 399 1338 
2426 762 391 1330 
2427 1073 823 1366 
2428 759 529 1329 
2429 926 928 1410 
2430 1279 1281 1372 
2431 639 583 1352 
2432 1417 648 1426 
2433 602 350 1387 
2434 323 326 1370 
2435 951 948 1359 
2436 463 649 1356 
2437 372 1299 1387 
2438 376 1339 1375 
2439 746 864 1390 
2440 1371 940 1395 
2441 766 1120 1377 
2442 351 1247 1400 
2443 519 514 1371 
2444 1091 484 1424 
2445 353 372 1387 
2446 759 1329 1386 
2447 1339 837 1375 
2448 424 429 1391 
2449 419 418 1374 
2450 762 1330 1384 
2451 754 1344 1378 
2452 845 1297 1412 
2453 421 419 1381 
2454 909 764 1373 
2455 843 1369 1388 
2456 452 428 1391 
2457 1335 466 1380 
2458 403 603 1421 
2459 1090 919 1385 
2460 1208 1271 1376 
2461 848 1398 1412 
2462 1341 368 1379 
2463 769 767 1415 
2464 419 1374 1381 
2465 1086 480 1431 
2466 647 376 1375 
2467 1322 757 1379 
2468 1289 401 1421 
2469 350 353 1387 
2470 354 1172 1414 
2471 1292 778 1420 
2472 1291 843 1388 
2473 756 754 1378 
2474 493 489 1404 
2475 847 1341 1379 
2476 347 351 1400 
2477 1293 1210 1383 
2478 1204 905 1549 
2479 368 1322 1379 
2480 656 783 1386 
2481 1291 1388 1393 
2482 1388 564 1393 
2483 1387 1299 1403 
2484 620 675 1384 
2485 561 546 1402 
2486 758 1335 1380 
2487 428 424 1391 
2488 848 1300 1398 
2489 875 759 1386 
2490 565 582 1406 
2491 557 564 1388 
2492 1025 763 1399 
2493 1040 1017 1503 
2494 433 452 1407 
2495 930 932 1422 
2496 355 354 1414 
2497 456 435 1407 
2498 785 635 1394 
2499 466 1356 1380 
2500 864 1067 1390 
2501 861 713 1396 
2502 29 1038 1600 
2503 488 485 1413 
2504 1340 1074 1382 
2505 785 1394 1409 
2506 1074 818 1405 
2507 542 576 1408 
2508 1081 922 1392 
2509 1079 1340 1382 
2510 1338 1294 1394 
2511 135 296 1427 
2512 519 1371 1395 
2513 236 134 1427 
2514 1386 783 1397 
2515 635 1338 1394 
2516 701 1153 1659 
2517 377 648 1417 
2518 1398 677 1412 
2519 821 1395 1419 
2520 875 1386 1397 
2521 1031 958 1612 
2522 1331 1332 1398 
2523 793 1291 1393 
2524 564 565 1406 
2525 1395 940 1419 
2526 1406 582 1420 
2527 821 1343 1395 
2528 805 1237 1633 
2529 546 544 1402 
2530 913 900 1636 
2531 354 347 1400 
2532 154 155 1401 
2533 804 779 1430 
2534 1343 519 1395 
2535 1300 1331 1398 
2536 1294 765 1394 
2537 1394 765 1409 
2538 437 456 1418 
2539 849 1393 1406 
2540 1332 677 1398 
2541 462 441 1418 
2542 1384 851 1399 
2543 783 881 1397 
2544 763 762 1399 
2545 1212 1213 1428 
2546 489 488 1404 
2547 484 481 1424 
2548 435 433 1407 
2549 838 602 1403 
2550 818 1070 1405 
2551 1446 934 1646 
2552 826 1212 1428 
2553 797 794 1425 
2554 1299 816 1403 
2555 762 1384 1399 
2556 845 1417 1426 
2557 576 540 1423 
2558 538 589 1423 
2559 1420 778 1425 
2560 544 542 1408 
2561 1402 544 1408 
2562 1069 926 1410 
2563 1431 1295 1440 
2564 261 1454 1567 
2565 1297 848 1412 
2566 480 477 1431 
2567 845 1412 1417 
2568 1393 564 1406 
2569 1063 942 1474 
2570 1142 1139 1436 
2571 1032 259 1617 
2572 765 798 1409 
2573 849 1406 1420 
2574 444 462 1429 
2575 604 446 1429 
2576 940 939 1419 
2577 485 484 1413 
2578 767 835 1415 
2579 1524 1021 1624 
2580 893 1380 1411 
2581 598 355 1414 
2582 251 987 1542 
2583 904 902 1437 
2584 786 1229 1623 
2585 250 190 1416 
2586 1361 598 1414 
2587 677 377 1417 
2588 1525 892 1530 
2589 476 1295 1431 
2590 107 108 1438 
2591 441 437 1418 
2592 534 597 1434 
2593 715 690 1435 
2594 692 696 1435 
2595 589 536 1434 
2596 1380 1356 1411 
2597 1361 1414 1433 
2598 173 232 1545 
2599 1414 1172 1433 
2600 582 1292 1420 
2601 1056 1055 1444 
2602 401 403 1421 
2603 1032 821 1419 
2604 782 845 1426 
2605 1065 930 1422 
2606 1058 143 1480 
2607 540 538 1423 
2608 481 480 1424 
2609 727 1044 1615 
2610 1086 1431 1440 
2611 794 849 1425 
2612 1168 916 1649 
2613 1412 677 1417 
2614 648 799 1426 
2615 1285 898 1511 
2616 819 907 1447 
2617 1172 889 1433 
2618 1543 1546 1566 
2619 1250 826 1428 
2620 134 135 1427 
2621 849 1420 1425 
2622 855 1447 1654 
2623 938 751 1439 
2624 925 1323 1442 
2625 779 1068 1430 
2626 446 444 1429 
2627 892 703 1530 
2628 477 476 1431 
2629 1220 1217 1451 
2630 1239 254 1481 
2631 597 1333 1443 
2632 1038 29 1588 
2633 536 534 1434 
2634 712 801 1448 
2635 1048 1361 1433 
2636 897 1319 1449 
2637 852 1086 1440 
2638 1054 159 1476 
2639 915 1037 1582 
2640 81 82 1453 
2641 852 1440 1441 
2642 690 692 1435 
2643 1139 1138 1436 
2644 902 1066 1437 
2645 905 1204 1621 
2646 778 777 1460 
2647 853 852 1441 
2648 108 280 1438 
2649 420 423 1455 
2650 1026 315 1637 
2651 1195 1197 1456 
2652 886 883 1454 
2653 81 1453 1489 
2654 430 1201 1554 
2655 1497 984 1628 
2656 904 1437 1443 
2657 241 1146 1439 
2658 1005 275 1528 
2659 894 1036 1564 
2660 1245 935 1585 
2661 1440 811 1441 
2662 515 1057 1484 
2663 1295 811 1440 
2664 297 1243 1463 
2665 1437 597 1443 
2666 914 1060 1461 
2667 811 862 1441 
2668 943 905 1621 
2669 927 925 1442 
2670 1034 856 1664 
2671 1043 934 1446 
2672 1333 761 1443 
2673 1064 825 1445 
2674 1023 904 1452 
2675 971 1042 1644 
2676 890 1304 1461 
2677 970 972 1565 
2678 1245 236 1651 
2679 1278 306 1465 
2680 46 47 1464 
2681 85 86 1465 
2682 124 125 1466 
2683 163 164 1468 
2684 1266 305 1464 
2685 1153 701 1665 
2686 539 638 1471 
2687 1093 511 1484 
2688 1150 1153 1665 
2689 904 1443 1452 
2690 25 26 1470 
2691 859 1284 1547 
2692 1459 239 1551 
2693 785 1409 1457 
2694 1071 819 1447 
2695 909 1373 1536 
2696 74 75 1473 
2697 107 1438 1487 
2698 1232 881 1617 
2699 1443 761 1452 
2700 1041 993 1647 
2701 808 712 1448 
2702 619 1308 1512 
2703 413 415 1475 
2704 998 1479 1619 
2705 946 842 1470 
2706 229 1051 1589 
2707 893 1411 1552 
2708 1319 802 1449 
2709 630 443 1478 
2710 445 678 1478 
2711 1219 1411 1639 
2712 1217 1219 1451 
2713 420 1455 1539 
2714 1008 266 1524 
2715 935 1245 1651 
2716 143 144 1480 
2717 1427 296 1504 
2718 254 151 1481 
2719 152 1240 1481 
2720 889 887 1482 
2721 312 1286 1640 
2722 1457 1409 1500 
2723 1373 614 1477 
2724 1042 286 1644 
2725 512 515 1484 
2726 74 1473 1597 
2727 1433 889 1450 
2728 726 787 1486 
2729 82 282 1453 
2730 761 1350 1452 
2731 1438 876 1487 
2732 797 1425 1460 
2733 1453 870 1489 
2734 1188 1517 1626 
2735 1186 1188 1534 
2736 1447 978 1654 
2737 272 106 1487 
2738 657 395 1491 
2739 1048 1433 1450 
2740 1265 1267 1488 
2741 1261 1260 1488 
2742 969 970 1483 
2743 1184 1262 1512 
2744 307 1466 1467 
2745 915 1582 1649 
2746 1201 430 1667 
2747 883 882 1454 
2748 227 80 1489 
2749 1000 1001 1458 
2750 273 1041 1647 
2751 423 457 1455 
2752 569 567 1490 
2753 588 629 1490 
2754 1022 1427 1504 
2755 1199 1195 1456 
2756 1470 842 1558 
2757 1232 104 1495 
2758 105 272 1495 
2759 716 717 1492 
2760 661 535 1497 
2761 1234 1445 1637 
2762 160 284 1476 
2763 1098 465 1550 
2764 786 785 1457 
2765 434 436 1498 
2766 1003 1000 1458 
2767 436 440 1502 
2768 1284 859 1660 
2769 1561 877 1571 
2770 1494 858 1576 
2771 1270 302 1570 
2772 1492 717 1611 
2773 798 1038 1500 
2774 146 1036 1638 
2775 1304 914 1461 
2776 805 803 1505 
2777 247 986 1516 
2778 283 1285 1511 
2779 287 1010 1513 
2780 120 121 1511 
2781 1275 777 1653 
2782 20 243 1514 
2783 275 1076 1528 
2784 293 19 1514 
2785 170 245 1462 
2786 1207 297 1463 
2787 252 1031 1612 
2788 945 813 1510 
2789 929 927 1509 
2790 812 894 1510 
2791 1131 1132 1469 
2792 1425 778 1460 
2793 453 1201 1667 
2794 439 426 1517 
2795 853 1441 1459 
2796 704 705 1521 
2797 1455 965 1539 
2798 119 120 1523 
2799 1221 1223 1527 
2800 893 1552 1627 
2801 305 46 1464 
2802 306 85 1465 
2803 307 124 1466 
2804 308 163 1468 
2805 159 160 1476 
2806 839 840 1528 
2807 1107 1106 1535 
2808 453 406 1520 
2809 404 460 1520 
2810 1327 453 1520 
2811 1083 899 1652 
2812 1129 1128 1515 
2813 768 1351 1521 
2814 659 612 1525 
2815 727 706 1532 
2816 1223 1220 1655 
2817 277 1457 1500 
2818 906 810 1526 
2819 1158 1157 1544 
2820 833 1093 1553 
2821 1441 862 1459 
2822 257 25 1470 
2823 790 1270 1571 
2824 790 668 1533 
2825 1152 1154 1472 
2826 280 109 1541 
2827 110 1235 1541 
2828 1485 174 1545 
2829 537 539 1471 
2830 858 1107 1576 
2831 1151 1152 1540 
2832 918 916 1537 
2833 415 417 1539 
2834 1240 1241 1562 
2835 840 1053 1602 
2836 414 412 1534 
2837 933 921 1537 
2838 454 450 1538 
2839 1219 1226 1552 
2840 909 1536 1599 
2841 75 239 1473 
2842 887 886 1579 
2843 1201 1200 1554 
2844 1160 1159 1544 
2845 54 1037 1634 
2846 1032 1419 1499 
2847 1088 1008 1524 
2848 701 1152 1665 
2849 1284 1283 1547 
2850 1473 906 1597 
2851 239 1203 1551 
2852 1004 274 1531 
2853 543 1129 1631 
2854 722 673 1555 
2855 1351 805 1633 
2856 1185 1186 1554 
2857 1028 1029 1569 
2858 665 1108 1555 
2859 905 731 1549 
2860 1445 1027 1637 
2861 442 413 1475 
2862 1122 735 1569 
2863 733 853 1549 
2864 850 1131 1625 
2865 912 1054 1476 
2866 604 1429 1474 
2867 89 303 1559 
2868 311 88 1559 
2869 50 302 1560 
2870 310 49 1560 
2871 959 956 1550 
2872 614 1347 1477 
2873 257 1470 1558 
2874 787 788 1622 
2875 289 1131 1580 
2876 879 877 1561 
2877 900 1367 1548 
2878 146 147 1564 
2879 1586 982 1608 
2880 851 946 1563 
2881 841 850 1558 
2882 52 262 1570 
2883 1359 950 1557 
2884 302 51 1570 
2885 244 1148 1509 
2886 11 301 1577 
2887 309 10 1577 
2888 303 1290 1578 
2889 307 1467 1547 
2890 1512 1308 1620 
2891 1097 727 1615 
2892 872 873 1496 
2893 54 55 1582 
2894 863 1103 1589 
2895 132 1245 1585 
2896 443 445 1478 
2897 954 957 1568 
2898 1051 865 1589 
2899 264 131 1585 
2900 1050 638 1631 
2901 1241 238 1658 
2902 144 270 1480 
2903 960 962 1479 
2904 910 1058 1480 
2905 808 1448 1526 
2906 1429 1063 1474 
2907 278 148 1592 
2908 149 1238 1592 
2909 1077 806 1630 
2910 1286 304 1591 
2911 1135 260 1599 
2912 255 73 1597 
2913 797 1460 1573 
2914 1197 1194 1603 
2915 450 448 1590 
2916 1038 1025 1600 
2917 240 1206 1633 
2918 28 29 1600 
2919 869 789 1650 
2920 1496 873 1506 
2921 1168 1167 1614 
2922 806 682 1630 
2923 1131 1130 1625 
2924 685 680 1624 
2925 802 687 1594 
2926 164 1 1604 
2927 47 2 1605 
2928 86 3 1606 
2929 125 4 1607 
2930 1 9 1604 
2931 2 48 1605 
2932 3 87 1606 
2933 4 126 1607 
2934 1204 300 1621 
2935 638 541 1631 
2936 722 1035 1664 
2937 151 152 1481 
2938 669 618 1609 
2939 537 1471 1497 
2940 859 774 1660 
2941 1025 1399 1563 
2942 430 410 1667 
2943 408 453 1667 
2944 1453 282 1529 
2945 714 689 1661 
2946 1058 908 1666 
2947 681 701 1659 
2948 795 935 1651 
2949 873 1170 1506 
2950 416 414 1626 
2951 881 820 1617 
2952 571 569 1648 
2953 256 1236 1505 
2954 674 786 1623 
2955 1033 969 1483 
2956 511 512 1484 
2957 1476 284 1548 
2958 995 250 1494 
2959 1460 1274 1573 
2960 1047 1048 1632 
2961 1442 244 1509 
2962 1356 649 1639 
2963 899 726 1486 
2964 175 174 1485 
2965 939 938 1610 
2966 931 929 1581 
2967 1506 1170 1519 
2968 874 1531 1532 
2969 1241 1492 1611 
2970 1170 892 1519 
2971 874 872 1508 
2972 1260 1265 1488 
2973 875 1397 1583 
2974 106 107 1487 
2975 1152 1472 1540 
2976 1153 1439 1659 
2977 1474 1224 1527 
2978 80 81 1489 
2979 395 397 1491 
2980 567 588 1490 
2981 1280 1312 1663 
2982 29 30 1588 
2983 1044 727 1616 
2984 268 1020 1574 
2985 259 1232 1617 
2986 936 716 1492 
2987 1580 829 1593 
2988 286 1522 1644 
2989 1131 1469 1580 
2990 1491 397 1501 
2991 1133 941 1643 
2992 1454 882 1567 
2993 185 246 1493 
2994 1450 889 1482 
2995 1272 261 1567 
2996 1538 1223 1655 
2997 1053 1012 1602 
2998 899 1542 1652 
2999 735 1110 1613 
3000 649 1451 1639 
3001 916 915 1649 
3002 104 105 1495 
3003 967 976 1641 
3004 684 685 1496 
3005 439 1215 1620 
3006 1507 273 1642 
3007 465 434 1498 
3008 535 537 1497 
3009 833 1553 1656 
3010 1439 751 1659 
3011 772 1285 1660 
3012 397 1289 1501 
3013 1463 802 1594 
3014 296 1164 1504 
3015 877 790 1571 
3016 1479 252 1612 
3017 440 630 1502 
3018 684 1496 1506 
3019 912 1476 1548 
3020 800 1022 1504 
3021 803 901 1505 
3022 1419 939 1499 
3023 1409 798 1500 
3024 1214 684 1506 
3025 910 1480 1546 
3026 6 179 1507 
3027 1285 1284 1660 
3028 1492 1241 1658 
3029 1480 270 1546 
3030 704 1207 1594 
3031 1272 1567 1662 
3032 1469 829 1580 
3033 931 1581 1643 
3034 1389 1363 1611 
3035 1599 260 1666 
3036 801 893 1627 
3037 813 812 1510 
3038 121 283 1511 
3039 853 1459 1551 
3040 1214 1506 1519 
3041 1183 1184 1512 
3042 1027 1026 1637 
3043 1128 868 1515 
3044 1093 1484 1553 
3045 703 1328 1543 
3046 1045 243 1593 
3047 796 896 1516 
3048 898 897 1645 
3049 19 20 1514 
3050 807 1088 1524 
3051 604 1474 1527 
3052 426 422 1517 
3053 929 1509 1581 
3054 188 229 1518 
3055 406 404 1520 
3056 705 768 1521 
3057 612 1214 1519 
3058 975 973 1522 
3059 226 119 1523 
3060 1527 1223 1590 
3061 817 659 1525 
3062 810 808 1526 
3063 960 1479 1612 
3064 927 1442 1509 
3065 1013 1052 1556 
3066 1224 1221 1527 
3067 817 1525 1530 
3068 256 1505 1618 
3069 1076 839 1528 
3070 1138 1136 1536 
3071 282 1282 1529 
3072 1161 1162 1578 
3073 1023 1452 1657 
3074 895 817 1530 
3075 262 1561 1571 
3076 1106 593 1535 
3077 706 874 1532 
3078 668 669 1533 
3079 1546 270 1566 
3080 1481 1240 1562 
3081 1493 246 1586 
3082 800 1504 1572 
3083 777 776 1653 
3084 1504 1164 1572 
3085 412 430 1534 
3086 1057 991 1553 
3087 1274 264 1573 
3088 987 1027 1542 
3089 921 918 1537 
3090 649 454 1538 
3091 1373 1477 1536 
3092 417 420 1539 
3093 1156 1151 1540 
3094 291 1134 1610 
3095 109 110 1541 
3096 1491 1501 1556 
3097 799 936 1575 
3098 1159 1158 1544 
3099 982 1049 1608 
3100 174 173 1545 
3101 1482 887 1579 
3102 145 146 1638 
3103 247 1516 1646 
3104 1451 1219 1639 
3105 1162 1372 1578 
3106 1505 901 1618 
3107 977 978 1596 
3108 1447 907 1596 
3109 1283 307 1547 
3110 1396 833 1656 
3111 1328 910 1546 
3112 1286 1591 1640 
3113 1308 439 1620 
3114 731 733 1549 
3115 1367 912 1548 
3116 989 1396 1656 
3117 1183 1512 1620 
3118 727 1532 1616 
3119 807 1524 1624 
3120 1152 1150 1665 
3121 995 1494 1576 
3122 1203 1204 1551 
3123 895 1543 1566 
3124 1226 279 1552 
3125 1200 1185 1554 
3126 956 1325 1550 
3127 673 665 1555 
3128 1444 799 1575 
3129 964 1359 1557 
3130 1517 422 1626 
3131 1164 1144 1572 
3132 941 931 1643 
3133 1529 1282 1598 
3134 1496 685 1508 
3135 1522 973 1644 
3136 872 1496 1508 
3137 842 841 1558 
3138 88 89 1559 
3139 1567 890 1662 
3140 49 50 1560 
3141 984 985 1628 
3142 1520 460 1603 
3143 603 1104 1565 
3144 53 54 1634 
3145 1037 879 1561 
3146 1535 593 1615 
3147 1363 1239 1562 
3148 147 278 1564 
3149 964 1432 1584 
3150 1062 285 1601 
3151 871 1062 1601 
3152 1483 970 1565 
3153 1036 895 1566 
3154 978 1447 1596 
3155 882 890 1567 
3156 1399 851 1563 
3157 521 1122 1569 
3158 903 1235 1618 
3159 1477 1138 1536 
3160 262 53 1634 
3161 51 52 1570 
3162 1325 954 1568 
3163 876 875 1583 
3164 272 1487 1583 
3165 935 797 1573 
3166 1320 800 1572 
3167 1110 1642 1647 
3168 1147 289 1580 
3169 1244 233 1579 
3170 1536 1136 1599 
3171 997 995 1576 
3172 30 277 1588 
3173 1148 290 1581 
3174 1290 1161 1578 
3175 10 11 1577 
3176 1472 711 1540 
3177 1049 1050 1608 
3178 55 234 1582 
3179 1316 1157 1629 
3180 1108 937 1587 
3181 1523 898 1645 
3182 232 1035 1587 
3183 963 964 1584 
3184 1012 1011 1602 
3185 131 132 1585 
3186 1484 1057 1553 
3187 1558 850 1625 
3188 1552 279 1627 
3189 1157 1156 1629 
3190 1456 753 1623 
3191 246 982 1586 
3192 1229 1456 1623 
3193 1500 1038 1588 
3194 865 863 1589 
3195 1464 47 1605 
3196 1465 86 1606 
3197 1466 125 1607 
3198 1468 164 1604 
3199 1543 1328 1546 
3200 270 145 1638 
3201 448 604 1590 
3202 243 1147 1593 
3203 1239 1481 1562 
3204 1235 256 1618 
3205 284 1061 1636 
3206 304 1275 1591 
3207 1509 1148 1581 
3208 148 149 1592 
3209 1147 1580 1593 
3210 1530 703 1543 
3211 1572 1144 1635 
3212 1581 290 1643 
3213 829 1045 1593 
3214 966 967 1641 
3215 1513 854 1654 
3216 788 1076 1622 
3217 687 704 1594 
3218 1320 1572 1635 
3219 856 722 1664 
3220 1582 234 1649 
3221 1088 871 1601 
3222 301 1272 1662 
3223 900 1548 1636 
3224 1136 1135 1599 
3225 73 74 1597 
3226 1282 1280 1598 
3227 269 28 1600 
3228 1143 629 1635 
3229 1401 936 1658 
3230 854 1513 1630 
3231 9 309 1604 
3232 48 310 1605 
3233 87 311 1606 
3234 126 312 1607 
3235 1052 1491 1556 
3236 1194 1327 1603 
3237 860 1467 1640 
3238 1553 991 1656 
3239 1110 869 1642 
3240 1167 294 1614 
3241 618 619 1609 
3242 958 960 1612 
3243 593 1097 1615 
3244 1134 1499 1610 
3245 1085 661 1628 
3246 233 1482 1579 
3247 1445 1083 1652 
3248 993 1028 1613 
3249 776 860 1653 
3250 820 1032 1617 
3251 897 1449 1645 
3252 717 1389 1611 
3253 901 903 1618 
3254 1215 1183 1620 
3255 604 1527 1590 
3256 300 1242 1621 
3257 680 807 1624 
3258 1130 257 1625 
3259 753 674 1623 
3260 279 1230 1627 
3261 1237 240 1633 
3262 682 854 1630 
3263 1144 1143 1635 
3264 541 543 1631 
3265 422 416 1626 
3266 315 1234 1637 
3267 711 1316 1629 
3268 696 1306 1663 
3269 290 1133 1643 
3270 629 1320 1635 
3271 1220 1451 1655 
3272 973 971 1644 
3273 789 944 1650 
3274 234 1168 1649 
3275 238 1401 1658 
3276 1207 1463 1594 
3277 854 855 1654 
3278 592 571 1648 
3279 1104 1483 1565 
3280 991 989 1656 
3281 1317 795 1651 
3282 774 772 1660 
3283 689 715 1661 
3284 751 681 1659 
3285 410 408 1667 
3286 908 909 1666 
3287 1035 1034 1664 
3288 890 1461 1662 
3289 1411 1356 1639 
3290 895 1530 1543 
3291 1501 975 1556 
3292 309 1468 1604 
3293 310 1464 1605 
3294 311 1465 1606 
3295 312 1466 1607 
3296 1449 226 1645 
3297 1516 896 1646 
3298 1487 876 1583 
3299 1461 301 1662 
3300 909 1599 1666 
3301 1540 711 1629 
3302 1027 1445 1652 
3303 1048 1450 1632 
3304 1156 1540 1629 
3305 277 1500 1588 
3306 1642 273 1647 
3307 896 1446 1646 
3308 1327 1520 1603 
3309 1451 649 1655 
3310 1532 1019 1616 
3311 1452 1350 1657 
3312 936 1492 1658 
3313 1479 962 1619 
3314 1561 262 1634 
3315 1613 1110 1647 
3316 1503 1017 1619 
3317 962 1503 1619 
3318 1499 939 1610 
3319 1050 1515 1608 
3320 869 1507 1642 
3321 1591 860 1640 
3322 1566 270 1638 
3323 257 1558 1625 
3324 1548 284 1636 
3325 226 1523 1645 
3326 649 1538 1655 
3327 1542 1027 1652 
3328 860 1591 1653 
3329 1037 1561 1634 
3330 1036 1566 1638 
3331 1306 1598 1663 
3332 1591 1275 1653 
3333 993 1613 1647 
3334 1598 1280 1663 
$EndElements
