$MeshFormat
4.1 0 8
$EndMeshFormat
$Entities
33 28 2 0
1 0 0 0 0 
2 0.7 0 0 0 
3 0 0.7 0 0 
4 -0.7 0 0 0 
5 0 -0.7 0 0 
100 -1 -0.9 0 0 
101 -1 -1.02 0 0 
102 -0.98 -1.02 0 0 
103 -0.98 -1.01 0 0 
104 -0.97 -1 0 0 
105 -0.87 -1 0 0 
106 0.87 -1 0 0 
107 0.97 -1 0 0 
108 0.98 -1.01 0 0 
109 0.98 -1.02 0 0 
110 1 -1.02 0 0 
111 1 -0.9 0 0 
112 1 0.9 0 0 
113 1 1.02 0 0 
114 0.98 1.02 0 0 
115 0.98 1.01 0 0 
116 0.97 1 0 0 
117 0.87 1 0 0 
118 -0.87 1 0 0 
119 -0.97 1 0 0 
120 -0.98 1.01 0 0 
121 -0.98 1.02 0 0 
122 -1 1.02 0 0 
123 -1 0.9 0 0 
1001 -0.97 -1.01 0 0 
1002 0.97 -1.01 0 0 
1003 0.97 1.01 0 0 
1004 -0.97 1.01 0 0 
1 5.551115123125783e-17 0 0 0.7 0.7 0 0 2 2 -3 
2 -0.7 5.551115123125783e-17 0 0 0.7 0 0 2 3 -4 
3 -0.7 -0.7 0 -5.551115123125783e-17 0 0 0 2 4 -5 
4 0 -0.7 0 0.7 -5.551115123125783e-17 0 0 2 5 -2 
100 -1 -1.02 0 -1 -0.9 0 1 5 2 100 -101 
101 -1 -1.02 0 -0.98 -1.02 0 1 1 2 101 -102 
102 -0.98 -1.02 0 -0.98 -1.01 0 1 5 2 102 -103 
103 -0.98 -1.01 0 -0.97 -1 0 1 5 2 103 -104 
104 -0.97 -1 0 -0.87 -1 0 1 5 2 104 -105 
105 -0.87 -1 0 0.87 -1 0 1 5 2 105 -106 
106 0.87 -1 0 0.97 -1 0 1 5 2 106 -107 
107 0.97 -1.01 0 0.98 -1 0 1 5 2 107 -108 
108 0.98 -1.02 0 0.98 -1.01 0 1 5 2 108 -109 
109 0.98 -1.02 0 1 -1.02 0 1 2 2 109 -110 
110 1 -1.02 0 1 -0.9 0 1 5 2 110 -111 
111 1 -0.9 0 1 0.9 0 1 5 2 111 -112 
112 1 0.9 0 1 1.02 0 1 5 2 112 -113 
113 0.98 1.02 0 1 1.02 0 1 3 2 113 -114 
114 0.98 1.01 0 0.98 1.02 0 1 5 2 114 -115 
115 0.97 1 0 0.98 1.01 0 1 5 2 115 -116 
116 0.87 1 0 0.97 1 0 1 5 2 116 -117 
117 -0.87 1 0 0.87 1 0 1 5 2 117 -118 
118 -0.97 1 0 -0.87 1 0 1 5 2 118 -119 
119 -0.98 1 0 -0.97 1.01 0 1 5 2 119 -120 
120 -0.98 1.01 0 -0.98 1.02 0 1 5 2 120 -121 
121 -1 1.02 0 -0.98 1.02 0 1 4 2 121 -122 
122 -1 0.9 0 -1 1.02 0 1 5 2 122 -123 
123 -1 -0.9 0 -1 0.9 0 1 5 2 123 -100 
1 -1 -1.02 0 1 1.02 0 1 1 28 100 101 102 103 104 105 106 107 108 109 110 111 112 113 114 115 116 117 118 119 120 121 122 123 1 2 3 4 
2 -0.7 -0.7 0 0.7 0.7 0 1 2 4 1 2 3 4 
$EndEntities
$Nodes
58 2443 1 2443
0 2 0 1
1
0.7 0 0
0 3 0 1
2
0 0.7 0
0 4 0 1
3
-0.7 0 0
0 5 0 1
4
0 -0.7 0
0 100 0 1
5
-1 -0.9 0
0 101 0 1
6
-1 -1.02 0
0 102 0 1
7
-0.98 -1.02 0
0 103 0 1
8
-0.98 -1.01 0
0 104 0 1
9
-0.97 -1 0
0 105 0 1
10
-0.87 -1 0
0 106 0 1
11
0.87 -1 0
0 107 0 1
12
0.97 -1 0
0 108 0 1
13
0.98 -1.01 0
0 109 0 1
14
0.98 -1.02 0
0 110 0 1
15
1 -1.02 0
0 111 0 1
16
1 -0.9 0
0 112 0 1
17
1 0.9 0
0 113 0 1
18
1 1.02 0
0 114 0 1
19
0.98 1.02 0
0 115 0 1
20
0.98 1.01 0
0 116 0 1
21
0.97 1 0
0 117 0 1
22
0.87 1 0
0 118 0 1
23
-0.87 1 0
0 119 0 1
24
-0.97 1 0
0 120 0 1
25
-0.98 1.01 0
0 121 0 1
26
-0.98 1.02 0
0 122 0 1
27
-1 1.02 0
0 123 0 1
28
-1 0.9 0
1 1 0 21
29
30
31
32
33
34
35
36
37
38
39
40
41
42
43
44
45
46
47
48
49
0.6982164802178453 0.04993742836994213 0
0.6928750092804381 0.09962038704317883 0
0.6840028060917634 0.1487957030918346 0
0.6716450813687316 0.1972127903387353 0
0.6558648072522781 0.2446249263830896 0
0.6367423963757077 0.2907905099168833 0
0.614375292222994 0.3354742915722613 0
0.5888774723651096 0.3784485731785489 0
0.5603788678637607 0.4194943676042979 0
0.5290247010469094 0.4584025149169975 0
0.494974745659759 0.4949747480014075 0
0.4584025126208429 0.5290247030365386 0
0.4194943655278653 0.5603788694181586 0
0.3784485712279038 0.5888774736187131 0
0.3354742898021407 0.6143752931895531 0
0.2907905082769681 0.636742397124632 0
0.2446249250037646 0.6558648077667397 0
0.1972127892037734 0.6716450817019863 0
0.1487957022364438 0.6840028062778424 0
0.09962038648413711 0.6928750093608161 0
0.04993742809402212 0.6982164802375795 0
1 2 0 21
50
51
52
53
54
55
56
57
58
59
60
61
62
63
64
65
66
67
68
69
70
-0.04993742836994213 0.6982164802178453 0
-0.09962038704317883 0.6928750092804381 0
-0.1487957030918346 0.6840028060917634 0
-0.1972127903387353 0.6716450813687316 0
-0.2446249263830896 0.6558648072522781 0
-0.2907905099168833 0.6367423963757077 0
-0.3354742915722613 0.614375292222994 0
-0.3784485731785489 0.5888774723651096 0
-0.4194943676042979 0.5603788678637607 0
-0.4584025149169975 0.5290247010469094 0
-0.4949747480014075 0.494974745659759 0
-0.5290247030365386 0.4584025126208429 0
-0.5603788694181586 0.4194943655278653 0
-0.5888774736187131 0.3784485712279038 0
-0.6143752931895531 0.3354742898021407 0
-0.636742397124632 0.2907905082769681 0
-0.6558648077667397 0.2446249250037646 0
-0.6716450817019863 0.1972127892037734 0
-0.6840028062778424 0.1487957022364438 0
-0.6928750093608161 0.09962038648413711 0
-0.6982164802375795 0.04993742809402212 0
1 3 0 21
71
72
73
74
75
76
77
78
79
80
81
82
83
84
85
86
87
88
89
90
91
-0.6982164802178453 -0.04993742836994213 0
-0.6928750092804381 -0.09962038704317883 0
-0.6840028060917634 -0.1487957030918346 0
-0.6716450813687316 -0.1972127903387353 0
-0.6558648072522781 -0.2446249263830896 0
-0.6367423963757077 -0.2907905099168833 0
-0.614375292222994 -0.3354742915722613 0
-0.5888774723651096 -0.3784485731785489 0
-0.5603788678637607 -0.4194943676042979 0
-0.5290247010469094 -0.4584025149169975 0
-0.494974745659759 -0.4949747480014075 0
-0.4584025126208429 -0.5290247030365386 0
-0.4194943655278653 -0.5603788694181586 0
-0.3784485712279038 -0.5888774736187131 0
-0.3354742898021407 -0.6143752931895531 0
-0.2907905082769681 -0.636742397124632 0
-0.2446249250037646 -0.6558648077667397 0
-0.1972127892037734 -0.6716450817019863 0
-0.1487957022364438 -0.6840028062778424 0
-0.09962038648413711 -0.6928750093608161 0
-0.04993742809402212 -0.6982164802375795 0
1 4 0 21
92
93
94
95
96
97
98
99
100
101
102
103
104
105
106
107
108
109
110
111
112
0.04993742836994213 -0.6982164802178453 0
0.09962038704317883 -0.6928750092804381 0
0.1487957030918346 -0.6840028060917634 0
0.1972127903387353 -0.6716450813687316 0
0.2446249263830896 -0.6558648072522781 0
0.2907905099168833 -0.6367423963757077 0
0.3354742915722613 -0.614375292222994 0
0.3784485731785489 -0.5888774723651096 0
0.4194943676042979 -0.5603788678637607 0
0.4584025149169975 -0.5290247010469094 0
0.4949747480014075 -0.494974745659759 0
0.5290247030365386 -0.4584025126208429 0
0.5603788694181586 -0.4194943655278653 0
0.5888774736187131 -0.3784485712279038 0
0.6143752931895531 -0.3354742898021407 0
0.636742397124632 -0.2907905082769681 0
0.6558648077667397 -0.2446249250037646 0
0.6716450817019863 -0.1972127892037734 0
0.6840028062778424 -0.1487957022364438 0
0.6928750093608161 -0.09962038648413711 0
0.6982164802375795 -0.04993742809402212 0
1 100 0 8
113
114
115
116
117
118
119
120
-1 -0.9346232941744418 0
-1 -0.9598309845017401 0
-1 -0.9781835874767366 0
-1 -0.9915453074046833 0
-1 -1.00127338352926 0
-1 -1.008355966195819 0
-1 -1.013512480685189 0
-1 -1.017266710972165 0
1 101 0 7
121
122
123
124
125
126
127
-0.9975000000000108 -1.02 0
-0.9950000000000216 -1.02 0
-0.9925000000000325 -1.02 0
-0.9900000000000433 -1.02 0
-0.9875000000000542 -1.02 0
-0.9850000000000216 -1.02 0
-0.9824999999999892 -1.02 0
1 102 0 3
128
129
130
-0.98 -1.017499999999935 0
-0.98 -1.015 0
-0.98 -1.012500000000065 0
1 103 0 6
131
132
133
134
135
136
-0.9797492791443584 -1.007774790759192 0
-0.9790096887257436 -1.005661162705838 0
-0.977818314890173 -1.003765102063538 0
-0.9762348981104897 -1.002181685248609 0
-0.974338837502478 -1.000990311374576 0
-0.9722252093695265 -1.000250720885021 0
1 104 0 7
137
138
139
140
141
142
143
-0.9670809761790448 -1 0
-0.962997545669913 -1 0
-0.9572852217952198 -1 0
-0.949294236250422 -1 0
-0.9381156225259204 -1 0
-0.9224778247166228 -1 0
-0.9006020629811039 -1 0
1 105 0 34
144
145
146
147
148
149
150
151
152
153
154
155
156
157
158
159
160
161
162
163
164
165
166
167
168
169
170
171
172
173
174
175
176
177
-0.8202857142857929 -1 0
-0.7705714285716074 -1 0
-0.720857142857401 -1 0
-0.6711428571431579 -1 0
-0.6214285714290141 -1 0
-0.5717142857148863 -1 0
-0.5220000000007585 -1 0
-0.4722857142865847 -1 0
-0.4225714285724498 -1 0
-0.3728571428582979 -1 0
-0.323142857144156 -1 0
-0.2734285714300139 -1 0
-0.2237142857158619 -1 0
-0.1740000000017299 -1 0
-0.1242857142875879 -1 0
-0.0745714285734459 -1 0
-0.02485714285930374 -1 0
0.02485714285499674 -1 0
0.0745714285694129 -1 0
0.1242857142838002 -1 0
0.1739999999981442 -1 0
0.2237142857124877 -1 0
0.2734285714269183 -1 0
0.3231428571413487 -1 0
0.372857142855798 -1 0
0.4225714285702572 -1 0
0.472285714284716 -1 0
0.5219999999990711 -1 0
0.5717142857134149 -1 0
0.6214285714278455 -1 0
0.671142857142292 -1 0
0.7208571428567511 -1 0
0.7705714285712105 -1 0
0.8202857142856556 -1 0
1 106 0 7
178
179
180
181
182
183
184
0.9006020629807377 -1 0
0.9224778247163534 -1 0
0.9381156225258146 -1 0
0.9492942362503651 -1 0
0.9572852217951894 -1 0
0.9629975456698985 -1 0
0.9670809761790397 -1 0
1 107 0 6
185
186
187
188
189
190
0.9722252093801382 -1.000250720887443 0
0.9743388375361774 -1.000990311390805 0
0.9762348981400502 -1.002181685272183 0
0.9778183149150423 -1.003765102094723 0
0.9790096887343672 -1.005661162723745 0
0.9797492791464438 -1.007774790768329 0
1 108 0 3
191
192
193
0.98 -1.012500000000043 0
0.98 -1.014999999999957 0
0.98 -1.01749999999987 0
1 109 0 7
194
195
196
197
198
199
200
0.9824999999999892 -1.02 0
0.9849999999999783 -1.02 0
0.9874999999999675 -1.02 0
0.9899999999999567 -1.02 0
0.9924999999999458 -1.02 0
0.9949999999999783 -1.02 0
0.9975000000000108 -1.02 0
1 110 0 8
201
202
203
204
205
206
207
208
1 -1.017266710972185 0
1 -1.013512480685236 0
1 -1.008355966195904 0
1 -1.001273383529407 0
1 -0.9915453074048741 0
1 -0.9781835874769942 0
1 -0.9598309845020927 0
1 -0.9346232941746477 0
1 111 0 35
209
210
211
212
213
214
215
216
217
218
219
220
221
222
223
224
225
226
227
228
229
230
231
232
233
234
235
236
237
238
239
240
241
242
243
1 -0.8500000000001205 0
1 -0.8000000000002193 0
1 -0.7500000000003254 0
1 -0.7000000000004555 0
1 -0.6500000000005591 0
1 -0.6000000000007013 0
1 -0.5500000000008652 0
1 -0.5000000000009859 0
1 -0.4500000000011279 0
1 -0.40000000000127 0
1 -0.3500000000014121 0
1 -0.3000000000015542 0
1 -0.2500000000016963 0
1 -0.2000000000018384 0
1 -0.1500000000019804 0
1 -0.1000000000021226 0
1 -0.05000000000226468 0
1 -2.406741472782414e-12 0
1 0.04999999999771609 0
1 0.09999999999783638 0
1 0.1499999999979832 0
1 0.199999999998106 0
1 0.2499999999982386 0
1 0.299999999998395 0
1 0.3499999999985178 0
1 0.3999999999986404 0
1 0.4499999999988066 0
1 0.4999999999989294 0
1 0.5499999999990522 0
1 0.5999999999991895 0
1 0.6499999999993412 0
1 0.6999999999994641 0
1 0.7499999999995869 0
1 0.7999999999997539 0
1 0.8499999999998772 0
1 112 0 8
244
245
246
247
248
249
250
251
1 0.9346232941744418 0
1 0.9598309845017401 0
1 0.9781835874767366 0
1 0.9915453074046833 0
1 1.00127338352926 0
1 1.008355966195819 0
1 1.013512480685189 0
1 1.017266710972165 0
1 113 0 7
252
253
254
255
256
257
258
0.9975000000000108 1.02 0
0.9950000000000216 1.02 0
0.9925000000000325 1.02 0
0.9900000000000433 1.02 0
0.9875000000000542 1.02 0
0.9850000000000216 1.02 0
0.9824999999999892 1.02 0
1 114 0 3
259
260
261
0.98 1.017499999999935 0
0.98 1.015 0
0.98 1.012500000000065 0
1 115 0 6
262
263
264
265
266
267
0.9797492791443584 1.007774790759192 0
0.9790096887257436 1.005661162705838 0
0.977818314890173 1.003765102063538 0
0.9762348981104897 1.002181685248609 0
0.974338837502478 1.000990311374576 0
0.9722252093695265 1.000250720885021 0
1 116 0 7
268
269
270
271
272
273
274
0.9670809761790448 1 0
0.962997545669913 1 0
0.9572852217952198 1 0
0.949294236250422 1 0
0.9381156225259204 1 0
0.9224778247166228 1 0
0.9006020629811039 1 0
1 117 0 34
275
276
277
278
279
280
281
282
283
284
285
286
287
288
289
290
291
292
293
294
295
296
297
298
299
300
301
302
303
304
305
306
307
308
0.8202857142857929 1 0
0.7705714285716074 1 0
0.720857142857401 1 0
0.6711428571431579 1 0
0.6214285714290141 1 0
0.5717142857148863 1 0
0.5220000000007585 1 0
0.4722857142865847 1 0
0.4225714285724498 1 0
0.3728571428582979 1 0
0.323142857144156 1 0
0.2734285714300139 1 0
0.2237142857158619 1 0
0.1740000000017299 1 0
0.1242857142875879 1 0
0.0745714285734459 1 0
0.02485714285930374 1 0
-0.02485714285499674 1 0
-0.0745714285694129 1 0
-0.1242857142838002 1 0
-0.1739999999981442 1 0
-0.2237142857124877 1 0
-0.2734285714269183 1 0
-0.3231428571413487 1 0
-0.372857142855798 1 0
-0.4225714285702572 1 0
-0.472285714284716 1 0
-0.5219999999990711 1 0
-0.5717142857134149 1 0
-0.6214285714278455 1 0
-0.671142857142292 1 0
-0.7208571428567511 1 0
-0.7705714285712105 1 0
-0.8202857142856556 1 0
1 118 0 7
309
310
311
312
313
314
315
-0.9006020629807377 1 0
-0.9224778247163534 1 0
-0.9381156225258146 1 0
-0.9492942362503651 1 0
-0.9572852217951894 1 0
-0.9629975456698985 1 0
-0.9670809761790397 1 0
1 119 0 6
316
317
318
319
320
321
-0.9722252093801382 1.000250720887443 0
-0.9743388375361774 1.000990311390805 0
-0.9762348981400502 1.002181685272183 0
-0.9778183149150423 1.003765102094723 0
-0.9790096887343672 1.005661162723745 0
-0.9797492791464438 1.007774790768329 0
1 120 0 3
322
323
324
-0.98 1.012500000000043 0
-0.98 1.014999999999957 0
-0.98 1.01749999999987 0
1 121 0 7
325
326
327
328
329
330
331
-0.9824999999999892 1.02 0
-0.9849999999999783 1.02 0
-0.9874999999999675 1.02 0
-0.9899999999999567 1.02 0
-0.9924999999999458 1.02 0
-0.9949999999999783 1.02 0
-0.9975000000000108 1.02 0
1 122 0 8
332
333
334
335
336
337
338
339
-1 1.017266710972185 0
-1 1.013512480685236 0
-1 1.008355966195904 0
-1 1.001273383529407 0
-1 0.9915453074048741 0
-1 0.9781835874769942 0
-1 0.9598309845020927 0
-1 0.9346232941746477 0
1 123 0 35
340
341
342
343
344
345
346
347
348
349
350
351
352
353
354
355
356
357
358
359
360
361
362
363
364
365
366
367
368
369
370
371
372
373
374
-1 0.8500000000001205 0
-1 0.8000000000002193 0
-1 0.7500000000003254 0
-1 0.7000000000004555 0
-1 0.6500000000005591 0
-1 0.6000000000007013 0
-1 0.5500000000008652 0
-1 0.5000000000009859 0
-1 0.4500000000011279 0
-1 0.40000000000127 0
-1 0.3500000000014121 0
-1 0.3000000000015542 0
-1 0.2500000000016963 0
-1 0.2000000000018384 0
-1 0.1500000000019804 0
-1 0.1000000000021226 0
-1 0.05000000000226468 0
-1 2.406741472782414e-12 0
-1 -0.04999999999771609 0
-1 -0.09999999999783638 0
-1 -0.1499999999979832 0
-1 -0.199999999998106 0
-1 -0.2499999999982386 0
-1 -0.299999999998395 0
-1 -0.3499999999985178 0
-1 -0.3999999999986404 0
-1 -0.4499999999988066 0
-1 -0.4999999999989294 0
-1 -0.5499999999990522 0
-1 -0.5999999999991895 0
-1 -0.6499999999993412 0
-1 -0.6999999999994641 0
-1 -0.7499999999995869 0
-1 -0.7999999999997539 0
-1 -0.8499999999998772 0
2 1 0 1375
375
376
377
378
379
380
381
382
383
384
385
386
387
388
389
390
391
392
393
394
395
396
397
398
399
400
401
402
403
404
405
406
407
408
409
410
411
412
413
414
415
416
417
418
419
420
421
422
423
424
425
426
427
428
429
430
431
432
433
434
435
436
437
438
439
440
441
442
443
444
445
446
447
448
449
450
451
452
453
454
455
456
457
458
459
460
461
462
463
464
465
466
467
468
469
470
471
472
473
474
475
476
477
478
479
480
481
482
483
484
485
486
487
488
489
490
491
492
493
494
495
496
497
498
499
500
501
502
503
504
505
506
507
508
509
510
511
512
513
514
515
516
517
518
519
520
521
522
523
524
525
526
527
528
529
530
531
532
533
534
535
536
537
538
539
540
541
542
543
544
545
546
547
548
549
550
551
552
553
554
555
556
557
558
559
560
561
562
563
564
565
566
567
568
569
570
571
572
573
574
575
576
577
578
579
580
581
582
583
584
585
586
587
588
589
590
591
592
593
594
595
596
597
598
599
600
601
602
603
604
605
606
607
608
609
610
611
612
613
614
615
616
617
618
619
620
621
622
623
624
625
626
627
628
629
630
631
632
633
634
635
636
637
638
639
640
641
642
643
644
645
646
647
648
649
650
651
652
653
654
655
656
657
658
659
660
661
662
663
664
665
666
667
668
669
670
671
672
673
674
675
676
677
678
679
680
681
682
683
684
685
686
687
688
689
690
691
692
693
694
695
696
697
698
699
700
701
702
703
704
705
706
707
708
709
710
711
712
713
714
715
716
717
718
719
720
721
722
723
724
725
726
727
728
729
730
731
732
733
734
735
736
737
738
739
740
741
742
743
744
745
746
747
748
749
750
751
752
753
754
755
756
757
758
759
760
761
762
763
764
765
766
767
768
769
770
771
772
773
774
775
776
777
778
779
780
781
782
783
784
785
786
787
788
789
790
791
792
793
794
795
796
797
798
799
800
801
802
803
804
805
806
807
808
809
810
811
812
813
814
815
816
817
818
819
820
821
822
823
824
825
826
827
828
829
830
831
832
833
834
835
836
837
838
839
840
841
842
843
844
845
846
847
848
849
850
851
852
853
854
855
856
857
858
859
860
861
862
863
864
865
866
867
868
869
870
871
872
873
874
875
876
877
878
879
880
881
882
883
884
885
886
887
888
889
890
891
892
893
894
895
896
897
898
899
900
901
902
903
904
905
906
907
908
909
910
911
912
913
914
915
916
917
918
919
920
921
922
923
924
925
926
927
928
929
930
931
932
933
934
935
936
937
938
939
940
941
942
943
944
945
946
947
948
949
950
951
952
953
954
955
956
957
958
959
960
961
962
963
964
965
966
967
968
969
970
971
972
973
974
975
976
977
978
979
980
981
982
983
984
985
986
987
988
989
990
991
992
993
994
995
996
997
998
999
1000
1001
1002
1003
1004
1005
1006
1007
1008
1009
1010
1011
1012
1013
1014
1015
1016
1017
1018
1019
1020
1021
1022
1023
1024
1025
1026
1027
1028
1029
1030
1031
1032
1033
1034
1035
1036
1037
1038
1039
1040
1041
1042
1043
1044
1045
1046
1047
1048
1049
1050
1051
1052
1053
1054
1055
1056
1057
1058
1059
1060
1061
1062
1063
1064
1065
1066
1067
1068
1069
1070
1071
1072
1073
1074
1075
1076
1077
1078
1079
1080
1081
1082
1083
1084
1085
1086
1087
1088
1089
1090
1091
1092
1093
1094
1095
1096
1097
1098
1099
1100
1101
1102
1103
1104
1105
1106
1107
1108
1109
1110
1111
1112
1113
1114
1115
1116
1117
1118
1119
1120
1121
1122
1123
1124
1125
1126
1127
1128
1129
1130
1131
1132
1133
1134
1135
1136
1137
1138
1139
1140
1141
1142
1143
1144
1145
1146
1147
1148
1149
1150
1151
1152
1153
1154
1155
1156
1157
1158
1159
1160
1161
1162
1163
1164
1165
1166
1167
1168
1169
1170
1171
1172
1173
1174
1175
1176
1177
1178
1179
1180
1181
1182
1183
1184
1185
1186
1187
1188
1189
1190
1191
1192
1193
1194
1195
1196
1197
1198
1199
1200
1201
1202
1203
1204
1205
1206
1207
1208
1209
1210
1211
1212
1213
1214
1215
1216
1217
1218
1219
1220
1221
1222
1223
1224
1225
1226
1227
1228
1229
1230
1231
1232
1233
1234
1235
1236
1237
1238
1239
1240
1241
1242
1243
1244
1245
1246
1247
1248
1249
1250
1251
1252
1253
1254
1255
1256
1257
1258
1259
1260
1261
1262
1263
1264
1265
1266
1267
1268
1269
1270
1271
1272
1273
1274
1275
1276
1277
1278
1279
1280
1281
1282
1283
1284
1285
1286
1287
1288
1289
1290
1291
1292
1293
1294
1295
1296
1297
1298
1299
1300
1301
1302
1303
1304
1305
1306
1307
1308
1309
1310
1311
1312
1313
1314
1315
1316
1317
1318
1319
1320
1321
1322
1323
1324
1325
1326
1327
1328
1329
1330
1331
1332
1333
1334
1335
1336
1337
1338
1339
1340
1341
1342
1343
1344
1345
1346
1347
1348
1349
1350
1351
1352
1353
1354
1355
1356
1357
1358
1359
1360
1361
1362
1363
1364
1365
1366
1367
1368
1369
1370
1371
1372
1373
1374
1375
1376
1377
1378
1379
1380
1381
1382
1383
1384
1385
1386
1387
1388
1389
1390
1391
1392
1393
1394
1395
1396
1397
1398
1399
1400
1401
1402
1403
1404
1405
1406
1407
1408
1409
1410
1411
1412
1413
1414
1415
1416
1417
1418
1419
1420
1421
1422
1423
1424
1425
1426
1427
1428
1429
1430
1431
1432
1433
1434
1435
1436
1437
1438
1439
1440
1441
1442
1443
1444
1445
1446
1447
1448
1449
1450
1451
1452
1453
1454
1455
1456
1457
1458
1459
1460
1461
1462
1463
1464
1465
1466
1467
1468
1469
1470
1471
1472
1473
1474
1475
1476
1477
1478
1479
1480
1481
1482
1483
1484
1485
1486
1487
1488
1489
1490
1491
1492
1493
1494
1495
1496
1497
1498
1499
1500
1501
1502
1503
1504
1505
1506
1507
1508
1509
1510
1511
1512
1513
1514
1515
1516
1517
1518
1519
1520
1521
1522
1523
1524
1525
1526
1527
1528
1529
1530
1531
1532
1533
1534
1535
1536
1537
1538
1539
1540
1541
1542
1543
1544
1545
1546
1547
1548
1549
1550
1551
1552
1553
1554
1555
1556
1557
1558
1559
1560
1561
1562
1563
1564
1565
1566
1567
1568
1569
1570
1571
1572
1573
1574
1575
1576
1577
1578
1579
1580
1581
1582
1583
1584
1585
1586
1587
1588
1589
1590
1591
1592
1593
1594
1595
1596
1597
1598
1599
1600
1601
1602
1603
1604
1605
1606
1607
1608
1609
1610
1611
1612
1613
1614
1615
1616
1617
1618
1619
1620
1621
1622
1623
1624
1625
1626
1627
1628
1629
1630
1631
1632
1633
1634
1635
1636
1637
1638
1639
1640
1641
1642
1643
1644
1645
1646
1647
1648
1649
1650
1651
1652
1653
1654
1655
1656
1657
1658
1659
1660
1661
1662
1663
1664
1665
1666
1667
1668
1669
1670
1671
1672
1673
1674
1675
1676
1677
1678
1679
1680
1681
1682
1683
1684
1685
1686
1687
1688
1689
1690
1691
1692
1693
1694
1695
1696
1697
1698
1699
1700
1701
1702
1703
1704
1705
1706
1707
1708
1709
1710
1711
1712
1713
1714
1715
1716
1717
1718
1719
1720
1721
1722
1723
1724
1725
1726
1727
1728
1729
1730
1731
1732
1733
1734
1735
1736
1737
1738
1739
1740
1741
1742
1743
1744
1745
1746
1747
1748
1749
-0.6905788758541098 0.9562555643981459 0
0.6971425925030618 -0.9563354502265755 0
0.695538452723599 0.9510157702350268 0
-0.6973947904065896 -0.9542377665420105 0
0.9561282637300093 0.6761532637277009 0
-0.9595287601116416 -0.675005024848257 0
-0.956698729810896 0.6750000000005073 0
0.9509014519411811 -0.6789218186893139 0
-0.5016806497725305 0.5474289782001123 0
0.5050506986953992 -0.5509956317298123 0
0.5041460829715385 0.5460759085746152 0
-0.5083636377875962 -0.5392106707506408 0
0.6101748720453116 -0.423651983549497 0
-0.6117120864841686 0.4191354173186304 0
0.6047886400410455 0.4186189094585454 0
-0.6166771536353969 -0.4207921169820263 0
0.5490547561057251 -0.955764103087019 0
-0.5401205985681844 0.9585282178996672 0
-0.5477923519130947 -0.9545923133521088 0
0.5525503442553733 0.964625063775011 0
-0.9711214289945103 -0.998370057449773 0
-0.9602417838209955 -0.9955944253971296 0
0.9715204326155981 0.9976152235226461 0
0.9601413837325664 0.9957583139271874 0
0.9710167892522501 -0.9983629510778013 0
0.9601413837325448 -0.9957583139271764 0
-0.9710167892522503 0.9983629510778013 0
-0.9601413837325448 0.9957583139271764 0
0.9576206768053188 -0.525779468300857 0
-0.950483069051708 0.5204598113928862 0
0.9577170000438529 0.5220247577157027 0
-0.9566987298106717 -0.5249999999989908 0
0.3775992723560825 0.6364090111721088 0
-0.3783011281494469 -0.638947743488238 0
-0.3790431921004572 0.6388432018525809 0
0.3770614334541588 -0.6345608045286089 0
0.9325583300092062 0.9893817996272639 0
-0.9318856287044781 -0.9852054373718049 0
-0.9319073926890902 0.9840847392545629 0
0.9319073926890897 -0.9840847392545632 0
0.9566882739336885 -0.3749822300952138 0
-0.9541806312333289 0.3822861930856717 0
0.9622725847988107 0.3731297469518274 0
-0.9584676887220809 -0.3760700218246504 0
0.3448057348032912 -0.9566905493978812 0
-0.3479999999985733 0.9569461656402973 0
-0.3388861342081477 -0.9522202786943309 0
0.3446400602479985 0.9581163298360986 0
0.982052172513343 -1.011250000000027 0
-0.982052172513343 1.011250000000027 0
-0.9820361796694353 -1.011247092087574 0
0.9887500000000472 1.017834936490548 0
-0.9632618878140975 -0.8739222348267034 0
0.9634190860740369 0.8768627641985911 0
0.964807068420956 -0.8740213213979702 0
-0.9565421874813305 0.8750386240863827 0
0.8881580097737164 0.9781302144644006 0
-0.8863920494319412 -0.9775053649715666 0
0.88697126301639 -0.9783210308622725 0
-0.8857761539825455 0.9760941171331634 0
0.9766242982355321 0.9998192748952266 0
-0.9763796294164112 -0.9998346919820096 0
0.9763796294535412 -0.9998346920062252 0
-0.9763796294535412 0.9998346920062252 0
-0.7024573308611277 0.2332999693856991 0
0.7012601142108529 -0.2343408752672921 0
0.7033397294636435 0.2372606072647153 0
-0.7014995082212911 -0.2347136248500783 0
-0.6616750614126048 -0.3367654650750059 0
0.663749032385094 0.3328094432260827 0
0.6630692560756131 -0.3288679614497529 0
-0.6646592313384192 0.3315329829683693 0
0.1849203720651299 0.7178995739757283 0
-0.1812585221018682 -0.7281366117728685 0
0.186029801186968 -0.7170904367752763 0
-0.1837063502559138 0.7197543712535484 0
0.285198643235792 0.6858045676585578 0
-0.2820891605053923 -0.6848998537331135 0
-0.2842682117261383 0.6862841698754927 0
0.2822368090144246 -0.6860093832347935 0
-0.7283146434780663 0.131337680445665 0
0.7285114274101222 -0.1295733838542075 0
0.7281115132824543 0.1310788512030498 0
-0.725864432040392 -0.1295522073269354 0
0.9819215385183091 1.00867934982565 0
0.9913892268539131 -1.017510776500772 0
-0.9913892268539062 1.017510776500776 0
-0.9912637721150257 -1.017806305317154 0
0.07923497183314593 0.7432201729276919 0
-0.077607067925634 -0.7319112579704832 0
0.07481756935265241 -0.7370128475090576 0
-0.07855973253341432 0.7394329607489329 0
0.9802134945332674 1.003723549901953 0
-0.9800508720918413 -1.003682180928947 0
0.9803783481724262 -1.003521793308275 0
-0.9803783481724264 1.003521793308276 0
0.7444531565153905 -0.02322542948177182 0
-0.7483737337131303 0.02519937609490119 0
0.9556976138718779 -0.2244341753929459 0
-0.9544368499771648 0.2178194957447104 0
0.9539662657857462 0.2248921174691728 0
-0.9562815142949954 -0.2257583911577457 0
0.001050060777438434 -0.9578952085120023 0
-0.002430467100214904 0.9532548329918302 0
-0.2042825890349393 -0.9594100967513202 0
0.1988571428587962 0.9581074870723292 0
0.1941988458561515 -0.9600567519155612 0
-0.19854030395754 0.959305110874059 0
0.9566987298106739 0.07499999999777623 0
-0.9575899981396523 -0.07477953947345851 0
0.9549502556836185 -0.07588337728169545 0
-0.9570052022187305 0.07074734643995979 0
0.9522117748797483 -0.7731393113598594 0
-0.9562678318215336 0.7736522785081323 0
0.9561984218827201 0.7752278522379656 0
-0.9569868506996135 -0.7761573380104634 0
0.7968622162703143 -0.958614745851631 0
-0.7956221516438359 0.9598272762288949 0
-0.7971365731540404 -0.958731420070028 0
0.7931425584657992 0.9564336177748141 0
0.4510824412970874 -0.9510748878517785 0
-0.4482604609635119 0.9677866386764054 0
-0.4457117172241145 -0.9587803897543737 0
0.4483001307298892 0.9488160164189201 0
-0.09527858234059752 -0.9592999485270571 0
0.1017770643725485 0.9574702693476478 0
0.09942857142660655 -0.9569461656403615 0
-0.09890814991804564 0.9559802411481788 0
-0.987321047865756 -0.9700946338732541 0
0.9853013831684763 0.9656510104662998 0
-0.9873210478657556 0.9700946338734765 0
0.9873210478657555 -0.9700946338734765 0
-0.986177940998479 1.017769219040404 0
0.9861779409984792 -1.017769219040408 0
-0.9862500000000362 -1.01783493649053 0
0.9937500000000289 1.017834936490548 0
0.9823074030664142 1.013563689811622 0
-0.9950369125358771 -1.00496963793054 0
-0.9950369125361022 1.004969637930872 0
0.9950369125361022 -1.004969637930872 0
0.9948786377390593 1.004812615962313 0
-0.9971908217329157 -1.015389595828684 0
-0.9970051190166442 1.015825255425109 0
0.9970051190166479 -1.015825255425104 0
-0.9821115006311762 1.016231066285226 0
0.9821115006311764 -1.016231066285227 0
-0.9821115022753277 -1.016231066260556 0
0.9837546331166254 1.017826728294092 0
0.9944346754018555 1.009913526230485 0
0.990567726286397 1.007683373228481 0
0.9902838000198951 1.002863343131376 0
0.9905289793179013 1.011752893485532 0
0.987353536801909 1.010335687897133 0
0.9875229526502924 1.013310472602312 0
0.9977735817159444 1.015839357518219 0
-0.9945110844555526 1.009945320528296 0
-0.990783646223097 1.007547734312531 0
-0.9906454834489142 1.002924393483588 0
-0.9866975739207337 1.005648401605487 0
-0.9863624016997071 1.001305532783797 0
-0.9869194398042905 1.009771725055711 0
-0.9894076599462264 0.9985810908130548 0
-0.9850371119772497 0.9963165760403829 0
-0.9892620908496462 0.9835593890389731 0
-0.9769979824273848 0.9809273040131818 0
-0.9725901611137264 0.964515800480525 0
-0.9633565219155928 0.977793319600456 0
-0.9545480698340758 0.9599338802391923 0
-0.9706121459864432 0.9446877193248562 0
-0.9462220864370762 0.9386140222398142 0
0.9945110844555562 -1.009945320528292 0
0.9907836462230974 -1.007547734312531 0
0.9906454834489145 -1.002924393483588 0
0.9866975739207334 -1.005648401605486 0
0.9863624016997071 -1.001305532783796 0
0.9869194398042866 -1.009771725055705 0
0.9894076599462267 -0.9985810908130539 0
0.9850371119772502 -0.996316576040382 0
0.9892620908496466 -0.9835593890389729 0
0.9769979824273848 -0.9809273040131817 0
0.972590161113726 -0.9645158004805248 0
0.9633565219155926 -0.9777933196004557 0
0.9545480698340745 -0.9599338802391928 0
0.970612145986441 -0.9446877193248563 0
0.9449572575474641 -0.9351411009593082 0
-0.994517693802103 -1.009797387773919 0
-0.9907355273996166 -1.007504592631186 0
-0.990637463643923 -1.002917203202524 0
-0.9864287732117216 -1.005614504881158 0
-0.9854833461401411 -1.000892013197033 0
-0.9867744838143246 -1.009789814557894 0
-0.9892302448724526 -0.9984969488381497 0
-0.9850042041131841 -0.9960311292998096 0
-0.9892620908346604 -0.9835593890280774 0
-0.9770017152499462 -0.9809427426042177 0
-0.972590783250956 -0.9645183735788337 0
-0.961738748494594 -0.9792385092701279 0
-0.9538066271981465 -0.9603425453370318 0
-0.9704886759035276 -0.9447562590240741 0
-0.9448131054280711 -0.9352206350919443 0
0.9848078300949352 0.986162279953265 0
0.9761366835491154 0.9757776975532872 0
0.9727475470386355 0.9617955791593269 0
0.9591667012884175 0.9718549911133745 0
0.9609174188405559 0.949676664043446 0
0.97409242374403 0.9173116470872211 0
0.9305411276548973 0.904035617210835 0
0.9185527126438073 0.8645977554599635 0
0.8877940604280197 0.8952489645860636 0
0.8732963044581468 0.8543946197666317 0
0.8440106797253414 0.8864762786178751 0
0.8289636488128527 0.8422883525132192 0
0.8653730415372263 0.8089419841246023 0
0.8140614700146573 0.7973451859318148 0
0.7829301873604837 0.8324403656783003 0
0.7676753015034239 0.787398390734552 0
0.7995467507918673 0.7519124572130558 0
0.7526675520285965 0.7418165489383203 0
0.7849879993332824 0.7060890670286715 0
0.7376353120710221 0.6958263790184294 0
0.7053039399067265 0.7319203186627349 0
0.7702706704139235 0.6598121825049272 0
0.7225897764054691 0.6495194873806507 0
0.7554366065032309 0.6132298863862429 0
0.707479607158329 0.6028964053147925 0
0.7404871557556505 0.5664433523726473 0
0.6745858326364887 0.6393722229694494 0
0.7358224833576629 0.8230780535589204 0
0.8040057704035486 0.6237910291516071 0
0.6593625488335224 0.5925858027919191 0
0.6263783363846172 0.6292738253641943 0
0.8321910732034026 0.7164743012056528 0
0.6094819490483527 0.5806271760511461 0
0.5782028884916353 0.6189272260152124 0
0.5934054105830754 0.6660404280166158 0
0.5470403052483366 0.6576494783124827 0
0.5607238332652266 0.7032397118640989 0
0.5125898677897067 0.693335793855039 0
0.5274809512549601 0.7400296132748487 0
0.4791880817720222 0.7300386967286971 0
0.4942757155836218 0.7769134352997275 0
0.4456312595205855 0.7666884946281605 0
0.5428101002795134 0.7870843750044788 0
0.5096525382363226 0.8240340553149672 0
0.5577737842151806 0.8365730039458082 0
0.6439097433322345 0.5452865933120462 0
0.5911847392474342 0.7974801304134208 0
0.6062285944113714 0.8474037593323616 0
0.5002105809403495 0.6389750043775202 0
0.7531150672366653 0.8683973012670296 0
0.6088292071600199 0.7131471049352621 0
0.7037324093703309 0.8592360099148072 0
0.6884987256830044 0.8141728294801824 0
0.5941159765959112 0.5329772690734532 0
0.4318159795846579 0.718253976061043 0
0.3979482079215085 0.7569001769564516 0
0.4125343286491759 0.8037542732016079 0
0.3646316979114733 0.7942359527955209 0
0.379328000882702 0.8408849248399743 0
0.3306000392052482 0.8306702787275806 0
0.3137538293197215 0.775247464798372 0
0.2816610923009651 0.8202748593410181 0
0.2972023409762912 0.8676296379335373 0
0.2484290633188322 0.8573798901553735 0
0.2329104885965771 0.8100433186475754 0
0.1996665202096258 0.8471542674895648 0
0.4278900587398757 0.8509543206237364 0
0.5234623222209903 0.8735730146183599 0
0.2635832741535376 0.9096414383096992 0
0.1864401644868933 0.801106482919326 0
0.1528958859801852 0.8385937959266974 0
0.3950482911151628 0.886191796149842 0
0.164652107823347 0.8826862390513278 0
0.1169159636439985 0.8732471787523114 0
0.1027283194014492 0.8258226013649983 0
0.06887016433481051 0.8658220725114254 0
0.05540317358274584 0.8200933784283508 0
0.02044731134403319 0.8569654324109632 0
0.0166947617658653 0.8034149190167346 0
-0.02810773739068862 0.8327816825265635 0
0.6282125796443042 0.4999617603980151 0
0.6772455156192333 0.508986075391864 0
0.3833455728309543 0.7132852218152301 0
0.8573484647919238 0.9289487768036 0
0.6626427740389144 0.4647234255779179 0
0.7108351973927862 0.4724953435640012 0
0.6955596550221247 0.4246482270171266 0
0.743612766269002 0.4378456875444831 0
0.7593246402416733 0.4829328908975683 0
0.7926516828776454 0.4462828529375316 0
0.7712612698353321 0.4051614889755896 0
0.8080160405095498 0.4930890329628853 0
0.8413684613491444 0.4563483241521909 0
0.8570604633976725 0.5037866513764395 0
0.8905600424087506 0.4669251962660469 0
0.8765508558740095 0.4108881104116862 0
0.8231137127628642 0.540301886943628 0
0.8722800486046112 0.5513613518355263 0
0.9400324034353233 0.9628555608760498 0
0.9813773003510919 1.006210111506049 0
0.9829841837830924 1.003983325697065 0
0.9815896001268901 1.001158871772431 0
0.9838826194832893 1.006927092597115 0
0.9749794511582561 0.987099317993444 0
0.9668396129786125 0.9837032621680694 0
0.9474545193799143 0.9822801282181528 0
-0.9845521260118982 1.008003466090789 0
0.9845521260118955 -1.008003466090785 0
-0.9844721656543989 -1.008050257332616 0
-0.01331322227650147 0.8917281138012165 0
-0.06166063421705491 0.878023299634347 0
-0.08121677406011646 0.8294982711535002 0
-0.1110872898042134 0.8683928714607442 0
-0.1283373040073761 0.8225121181881623 0
-0.1598924722606334 0.8597358106143871 0
-0.1750379030623214 0.8127964304451064 0
-0.2083405244178889 0.8498726383792679 0
-0.2239061513035619 0.8028963965534024 0
-0.257088213190977 0.8397777109860816 0
-0.2726373375639592 0.7924409637477768 0
-0.3058636576912499 0.8295508690402486 0
-0.3214180441884528 0.7821913672408806 0
-0.35465274491904 0.8193364752253763 0
-0.370475966670812 0.7732512067259052 0
-0.4034902803332099 0.8093414567439283 0
-0.4193218434095126 0.763294427156999 0
-0.4522994123575406 0.7992140749234617 0
-0.4678599723575448 0.7518738182364992 0
-0.5010370577267427 0.7888512623643701 0
-0.5166000962573625 0.7414419970771831 0
-0.5499226250450395 0.7784864039246694 0
-0.5652664814177069 0.7312925283395214 0
-0.5985786888684597 0.7681083358819984 0
-0.6136595128397039 0.7210675619651852 0
-0.6468340332129117 0.7578395670742333 0
-0.6620965769661282 0.7108261997628049 0
-0.695217143752616 0.7476344048724726 0
-0.7106870927337143 0.7004913365158473 0
-0.6773576464531224 0.6634702480869668 0
-0.7261557434050184 0.6531477018704754 0
-0.7437864187339669 0.737442618988614 0
-0.6927764085241355 0.6160804543830232 0
-0.7416073961724559 0.6057237081346223 0
-0.7748889067694571 0.6429384550475741 0
-0.79040637610804 0.5954516048857894 0
-0.757049321580729 0.558258353103563 0
-0.7283460379690647 0.7844416785205146 0
-0.776635293693746 0.7744483110660864 0
-0.6316805571369692 0.8046557783307893 0
-0.8059069827981022 0.5478954510187996 0
-0.7725037749697168 0.51074376316839 0
-0.8213780224779849 0.5003754275677259 0
-0.78875477581928 0.4634849587794158 0
-0.6439409679638137 0.6264221689937461 0
-0.6593726392160459 0.5789904841347053 0
-0.5326991482227585 0.694578520129453 0
-0.8382775472384709 0.586234498416441 0
-0.7616383819164687 0.8211203638615886 0
-0.8098473079653925 0.8112837346217441 0
-0.8249477781136305 0.7646784884156012 0
-0.8369778390747152 0.4529003406309345 0
-0.804369873448232 0.4160126500969171 0
-0.733981523179835 0.468076211162298 0
-0.4854408474759835 0.836187945863168 0
-0.3878871357437036 0.8565073092076214 0
-0.6105385768243019 0.5893797902636605 0
-0.6259602217235716 0.5418987116546146 0
-0.8524912328436783 0.4053911544099528 0
-0.8190714175793539 0.3682388589421159 0
-0.8857563254033196 0.4424968075040367 0
-0.7748906988646524 0.374024919848525 0
-0.7884909724700582 0.3292315343233324 0
-0.8348840296153019 0.3203616928495849 0
-0.8015124672296686 0.2831474162305072 0
-0.8479059082912023 0.2748982778398645 0
-0.8161613232670724 0.2362020515879471 0
-0.8573646622325883 0.801400350058911 0
-0.8424529123524175 0.847382429863905 0
-0.7130579646774892 0.8308897092162663 0
-0.7461181144741604 0.8671258395294563 0
-0.2902984124967526 0.8768470193881855 0
-0.8726192160323845 0.7552430062740352 0
-0.8405530066747217 0.7175979735679916 0
-0.8803577230719113 0.3119883135756053 0
-0.8698047078568489 0.2298127528063767 0
-0.832561353487472 0.1891750618144586 0
-0.8807385103873275 0.1780581600177755 0
-0.8474260793852958 0.1410220667045883 0
-0.4325418942306293 0.7116040161301496 0
-0.698551275553146 0.8766798854376479 0
-0.7836220195386353 0.1993286494463877 0
-0.6748038631780933 0.531510239376768 0
-0.5953055481249466 0.6367372812642584 0
-0.8864821123749362 0.8409928368656452 0
-0.87169680150861 0.8836122374196969 0
-0.8276232172311506 0.891110947282499 0
-0.8977710069703118 0.1312276036120077 0
-0.8626653873333179 0.09337729526559985 0
-0.8151529762673265 0.1028056658684406 0
-0.829965886711141 0.055663360011517 0
-0.8766262307186268 0.04674904143951512 0
-0.8446357422216391 0.008735869790315565 0
-0.8907226588803328 0.001479085340444922 0
-0.8602602182553156 -0.03886130075142448 0
-0.8140494842820371 -0.02759064957892916 0
-0.8272727957893001 -0.07586849044462275 0
-0.8757203257542612 -0.08639468434453146 0
-0.8423596599121068 -0.1235266755875489 0
-0.8888816279826504 -0.1346776420937453 0
-0.8573738484896243 -0.1712064838284575 0
-0.8098615528213491 -0.1616782900955227 0
-0.8244145572088685 -0.2084241045664514 0
-0.871844037392653 -0.2190996000529005 0
-0.8395567913869014 -0.2558877555156086 0
-0.8870859954655619 -0.2666832898795658 0
-0.8549261999383004 -0.3034187584836446 0
-0.8063272401419407 -0.2929316152901522 0
-0.8217354325874423 -0.3404841321513019 0
-0.7721502130072613 -0.3298951526642704 0
-0.7892413802905743 -0.3772572722500872 0
-0.8373810290694814 -0.3879440734803382 0
-0.8039741484383726 -0.4250842719029884 0
-0.7549089605955739 -0.4147715361759372 0
-0.770396119906104 -0.4622970536683866 0
-0.8192887557624147 -0.4726743197793437 0
-0.7858257719440941 -0.5098257203799716 0
-0.7369461018287146 -0.4994525675740404 0
-0.7523846354761342 -0.5469614689831044 0
-0.7035240603208894 -0.5365856068218184 0
-0.7189661722270251 -0.584088550578628 0
-0.7678134090287159 -0.5944611067785988 0
-0.7344414630225069 -0.6315574656797699 0
-0.6855806701382139 -0.6211915700185164 0
-0.7010477719872626 -0.6686466656255813 0
-0.6521985126280686 -0.6582864943187728 0
-0.6676121016519786 -0.7057462380058659 0
-0.6188189925562756 -0.69537275451254 0
-0.7163737997966546 -0.7160206656708027 0
-0.6342318402395697 -0.7428097064189169 0
-0.5854525311592113 -0.7324431522843395 0
-0.7832831169637968 -0.6419361260147849 0
-0.6008646939202948 -0.7798576232877766 0
-0.552097179270525 -0.7694977690340467 0
-0.6496112637781841 -0.7902204210031201 0
-0.5379266313087578 -0.7232058422910371 0
-0.5047194113587883 -0.7603937789248182 0
-0.8166662030394769 -0.6048384214438954 0
-0.5191080365547837 -0.8061222002565257 0
-0.4695414019382258 -0.7956763123373634 0
-0.6162765396420167 -0.8272368246767321 0
-0.6375018197866125 -0.6115029658032778 0
-0.8307629461215776 -0.6527216583937894 0
-0.4558235776677021 -0.7414653769323779 0
-0.4213640625294297 -0.784552946956748 0
-0.6649858952958527 -0.8373823135343488 0
-0.8654943334346127 -0.6152297159667452 0
-0.4358606049213304 -0.8322835042713278 0
-0.3877793316982986 -0.8225450224518062 0
-0.3724694911427782 -0.7752435641749376 0
-0.3391356384179429 -0.8125952951653933 0
-0.6317342296199464 -0.8743867650455839 0
-0.4035073010466302 -0.8698407483529136 0
-0.6981665317171026 -0.8006300777705233 0
-0.7132365415639472 -0.8472113761162446 0
-0.7455492778426955 -0.8100664425071537 0
-0.7613029534512178 -0.8538221626396824 0
-0.7926931738167062 -0.8207325723092467 0
-0.8079244277396933 -0.8648870299055359 0
-0.838450929197638 -0.8310237807817117 0
-0.8537559430947557 -0.8715497336720734 0
-0.8257395360753801 -0.7835732437071798 0
-0.7985763361080652 -0.6889180767516311 0
-0.8457439418513328 -0.6999735822059761 0
-0.5841794474146124 -0.8638438730110438 0
-0.8346973800611095 -0.5202071435678661 0
-0.868149366919659 -0.4830658111262617 0
-0.6880689476099074 -0.4890818921648177 0
-0.6546578638633592 -0.526214038554253 0
-0.8826729798637803 -0.8393843188509791 0
-0.3243901670070317 -0.7657660592622456 0
-0.2909957846871538 -0.8028224400209992 0
-0.3059002686379869 -0.8497510363134062 0
-0.257685421955082 -0.8399042890717248 0
-0.2726076035961922 -0.8868141004412348 0
-0.2239776794952231 -0.8759997626602255 0
-0.2083048271601126 -0.829026946462058 0
-0.1751444430183878 -0.8655134473746382 0
-0.1586829911009477 -0.8188997989018123 0
-0.1262432553358304 -0.8557758921076635 0
-0.3570381747829851 -0.7281130933914272 0
-0.4518144562396262 -0.8751820952740537 0
-0.7784260163408564 -0.06264810269459335 0
-0.561710652014218 0.5997853330415616 0
-0.9030892715957313 -0.3131514061878692 0
-0.7768013770664717 -0.1985914373042323 0
-0.8788925738579056 -0.5328991367691069 0
-0.7560214882770454 0.2971518354129992 0
-0.1121768688415758 -0.809791674884311 0
-0.07769880459705931 -0.8456951883499482 0
-0.6437628120136932 0.5034087437649444 0
-0.5969315940293521 0.5042262214808595 0
-0.2775615800741019 -0.7597682583646079 0
-0.8580938496276366 0.9221031452508712 0
-0.8866713528020421 0.7086459543454102 0
-0.8560731521234822 0.6704662339541448 0
-0.1454568371191692 0.7747829485352338 0
-0.7298653767355751 -0.8848831633224843 0
-0.3436609479591207 0.7376012175305431 0
-0.8958032647746299 -0.8910971635358903 0
-0.860643460116346 -0.9162575530995208 0
-0.1410921876778306 0.9102915731419283 0
-0.5963935203235892 -0.9119463422060345 0
-0.7591891106858781 -0.2814022621766872 0
-0.8979394535765126 0.9135614100824583 0
-0.1416969867463016 -0.9031453468145924 0
-0.2375486123361267 0.755262477233998 0
-0.06504881660972268 -0.8018410084885779 0
-0.02923346194503674 -0.8358143370345084 0
-0.01325785209477511 -0.7827177883857718 0
0.01880865803636681 -0.8237135003037452 0
-0.04595921482311151 -0.8804771649735833 0
-0.9811183977000089 -1.005933390511332 0
-0.9814309224577795 1.005767516639268 0
0.98143092245778 -1.005767516639267 0
0.9784773640996688 -1.001536399363178 0
0.9785777396264715 -0.9987489438646485 0
0.9759374349357441 -0.9965193862127852 0
-0.9784773640996689 1.001536399363178 0
-0.9785777396264715 0.9987489438646486 0
-0.9759374349357444 0.9965193862127852 0
-0.321216709179856 -0.8970333982897926 0
-0.2864576542306819 -0.9326763922296478 0
0.9850123619520913 1.001155060178825 0
0.983386685946736 0.9972546389728875 0
0.9882593357246579 0.9973213391096378 0
-0.9293407908842736 0.168901941730323 0
-0.9295994300187655 -0.9609193298742097 0
-0.9160355868907116 -0.928218682854739 0
-0.9307779705648384 0.9621057275270833 0
0.9301231911522874 -0.9611930615532813 0
0.9148348155949677 -0.9330530833108208 0
0.9182067427179956 0.4338779435716897 0
-0.1441163720468479 -0.771301079371795 0
0.8560955152724427 0.9696174587526109 0
0.9742792186674085 0.9984813590413424 0
0.976946334188495 0.9969765661779557 0
0.9739674520958934 0.9941996757151959 0
0.9694187504727507 0.9945064214440771 0
-0.9784191160331934 -1.001572649077302 0
-0.9791059974084364 -0.9986735109113499 0
-0.9760608532860121 -0.996513673215919 0
-0.9904868177314157 1.011657759040986 0
-0.9873708743850679 1.013135765214834 0
0.9904868177314246 -1.011657759040979 0
0.9873708743850723 -1.013135765214831 0
-0.990565964697294 -1.011500822226899 0
-0.9872929853612226 -1.013175887695325 0
-0.6360335583540341 -0.4766017329115604 0
-0.6006815686430792 -0.5145751862314658 0
-0.6699840602043254 -0.4403334541529945 0
-0.662986876423528 -0.3917257258339866 0
-0.6976055327923444 -0.3653674756764861 0
0.9001986311086598 0.9292413395834129 0
0.9690047318447945 -0.9143639385620661 0
-0.9670482573803292 0.9172268618584374 0
-0.9687025980434637 -0.9143721031055146 0
0.8393312656375747 -0.954453401190664 0
0.8201258000941352 -0.9217372757606775 0
0.7767001186331337 -0.9175427535718466 0
0.8034610915226128 -0.8789529195610696 0
0.7548179187007844 -0.8752888115164389 0
0.7829508800702538 -0.8373727342551762 0
0.7356754069441542 -0.8331148959511891 0
0.7631054536653178 -0.7942596769285775 0
0.7154525203427242 -0.7900178427589195 0
0.7430396091326243 -0.750723472289595 0
0.6950437217056855 -0.7464700882752424 0
0.7227738227120791 -0.7069044644752674 0
0.6745066873635721 -0.7026328087447458 0
0.6467238773706991 -0.7425044254626242 0
0.7023608634175662 -0.6628282197621673 0
0.7508993215726241 -0.6672352185869381 0
0.7305413563028702 -0.6229276332673505 0
0.7793117886116223 -0.6273007503927978 0
0.7587863852641668 -0.5827305080824019 0
0.6259983950695643 -0.6983128687359639 0
0.5979963588756949 -0.7385516933604294 0
0.6881310102867546 -0.8294054262882083 0
0.6822605878306713 -0.6182594919623028 0
0.791255993718061 -0.7553914100494341 0
0.5771623521319237 -0.6939697265862581 0
0.5490157639531007 -0.7343818853727336 0
0.569999630223614 -0.7789102606659205 0
0.5208647473105981 -0.774856449775623 0
0.8077181266148342 -0.5870567974919727 0
0.7869463629801863 -0.5422476835083641 0
0.7381638596113398 -0.5378415858327387 0
0.766180203710439 -0.497280009122167 0
0.5280419727910299 -0.6897308119064026 0
0.8155299327913031 -0.5017279117955935 0
0.7946909173921914 -0.4566579072849201 0
0.8353431797230944 -0.8433176228161738 0
0.7451613828501524 -0.4522465350721544 0
0.7737587823915208 -0.4115015382324031 0
0.8438733830245069 -0.4612808085297884 0
0.8283845968301758 -0.6318797818164434 0
0.5419458720471235 -0.8195706154070934 0
0.4926529959268133 -0.8154618004913391 0
0.47158713104687 -0.7707036284683927 0
0.4432858224044892 -0.8113655218372855 0
0.4221583750257023 -0.7665204615731913 0
0.3938014414326325 -0.8072748360060823 0
0.5563657239407517 -0.6492148445568602 0
0.5064880290885537 -0.6436690937136988 0
0.8568825751580401 -0.591530328569722 0
0.3726481458914025 -0.7622857447184899 0
0.3442411564273784 -0.8031366928773207 0
0.4137747767040781 -0.8532625984601045 0
0.5137688842609769 -0.8601803355897751 0
0.563096621901688 -0.8642978454448602 0
0.4786974447146143 -0.6852550825433854 0
0.7242113634682977 -0.4071579733691514 0
0.7528523303292328 -0.3663606526632649 0
0.802442351645797 -0.3707151027891858 0
0.7814138877815699 -0.3254719568599621 0
0.8301039420600118 -0.3291641626975408 0
0.8099296308366719 -0.2844772334282505 0
0.8570693058319623 -0.2902624023627446 0
0.8361355701772413 -0.2449189955361997 0
0.8482070473854177 -0.3736991666795653 0
0.6965340869459805 -0.4481891279704086 0
0.8644870791156217 -0.5059596341199245 0
0.8947343770544857 -0.4684352851483649 0
0.8763095247451749 -0.6370488648593599 0
0.84894736565239 -0.6768673457630396 0
0.910941168514543 -0.5963588879643045 0
0.78990406000317 -0.2388550315566941 0
0.8174551913291088 -0.1985312721640806 0
0.8645744017937185 -0.2035005615191391 0
0.8459365354687721 -0.1576417232971337 0
0.8953987405296362 -0.1615074764798225 0
0.8749732803154134 -0.1165616418494178 0
0.8255372218742474 -0.1123663744974154 0
0.8541312299270418 -0.07130471171936338 0
0.4009634478928595 -0.7227204876159277 0
0.3177829660330621 -0.7576746158824375 0
0.2935199688147343 -0.8017827620985863 0
0.3156582810300533 -0.8444879389082153 0
0.266011720472019 -0.8404192813115243 0
0.2875439485501339 -0.8831614124977174 0
0.2445227613832065 -0.7985428493163473 0
0.2164724506056659 -0.8364400322352973 0
0.4576918478137097 -0.6406483210764391 0
0.1950649874524811 -0.7937414626550356 0
0.1668626322888483 -0.8322106479501603 0
0.1475612550929287 -0.7878106605056887 0
0.1178274634715645 -0.8272762476544764 0
0.139805077945405 -0.8720161812096401 0
0.09411779420362476 -0.8664028398804982 0
0.8075900205208035 -0.06547055908822379 0
0.8337383630196022 -0.02566430063559185 0
0.8809922505873061 -0.03126191694659594 0
0.8616145907019171 0.01485131315375028 0
0.8151870280311422 0.01822572472833646 0
0.8412530718959603 0.06007179604601202 0
0.7866474806302972 0.05937907405635209 0
0.8195960115791197 0.1048738706205046 0
0.8690607119864079 0.1013725601909851 0
0.8484291464889767 0.1465141005944188 0
0.8976538061058688 0.1424657613556744 0
0.8770567892034703 0.1874836806162453 0
0.8273564388586976 0.191853010814741 0
0.8560654800871182 0.2327533290212278 0
0.8052084532619677 0.2355619308787507 0
0.8348410373770965 0.277774933131386 0
0.7839298873539914 0.2785236222217644 0
0.8824861291452362 0.2725320867186173 0
0.8633171734318027 0.318684564398289 0
0.7775977913228376 0.1962733465715109 0
0.9138654259741825 0.006890083972826743 0
0.9149244457129264 0.3090143497989872 0
0.7679835219237219 -0.1939845025236228 0
0.3370547582910139 -0.8873597245027058 0
0.6712630665961328 -0.4084696341823497 0
0.736481689551277 -0.3197633437203528 0
0.5332241784909717 -0.601473350730774 0
0.5842840162417147 -0.6082787816900037 0
0.5620095681909264 -0.5596917730768228 0
0.6127895446013538 -0.5674430541789219 0
0.5926423256798824 -0.5212377346200109 0
0.6415048259919894 -0.5274071276589118 0
0.8570225303449513 -0.9204835821835975 0
0.8909458158909432 0.3569259266746554 0
0.8439961700519439 0.363996222988539 0
-0.8384274970725413 -0.953674697867003 0
-0.8133325985986111 -0.9205489983087853 0
0.4433374545376799 0.898234109324801 0
0.8982427082300887 -0.6814385300997212 0
0.8696586393194363 -0.7216593977801375 0
0.9189131927141412 -0.7264020966432441 0
0.8948273526004762 -0.7680535169169689 0
0.916839024494456 -0.8139586604451653 0
-0.6497758854318989 -0.923826432729657 0
0.9847078877778443 1.012116754306387 0
0.6215635614178427 -0.4813967917631081 0
0.5803911368692013 0.4880154047942604 0
0.4801725917106089 -0.6018713416668394 0
-0.5468375264336787 -0.8976153774064424 0
-0.5104389652006376 -0.9242470694813654 0
-0.9012052201031968 0.3949605316682884 0
-0.9325556731897346 0.433233624157719 0
-0.9191658856293147 0.4796582126860619 0
-0.7774060160976397 -0.9277837446457824 0
-0.7513870212762117 -0.9603538133566759 0
-0.7304908214954725 0.9161731973857625 0
-0.7211965163843986 -0.3178752153448769 0
-0.8451428571428287 0.966749015192686 0
0.04322588894383289 -0.7791930361479583 0
-0.7820857652834685 0.8994263772383451 0
0.9460122733720471 -0.9894672642355682 0
-0.9460122733720475 0.9894672642355685 0
-0.9439989019235956 -0.9911586644681225 0
0.7472304927143321 -0.9577391704411891 0
-0.05134852781086612 0.9269319216347768 0
0.03515293596948782 0.9108249725433912 0
-0.9829326239314864 -1.003863988746852 0
0.7244385616550476 0.9062017504848635 0
0.6733956451823094 0.8996334983697631 0
0.638968485513515 0.9517797171360343 0
0.6216700533755621 0.8974062280123798 0
0.7469618044295643 0.9546862168257662 0
0.7737923068557298 0.9141426110907349 0
0.1331678519458479 -0.7376211944592972 0
0.1321533114595222 0.7291634074077905 0
0.2352487290619138 -0.7029827061080081 0
0.2352723637584858 0.7035663838144304 0
0.2741599183862319 0.7357374753771968 0
0.2212488173559079 0.7570638207847497 0
0.3309135767277409 0.7141422133207815 0
-0.2330115611879874 -0.7023872582047606 0
-0.3306835745103256 0.6615207345126419 0
-0.3754863456678772 0.6910316678866768 0
0.3325958953281687 -0.6695767039688539 0
-0.3338526318147418 -0.6730343327623846 0
-0.03148358071675346 0.7414065709269432 0
0.02094915078601746 0.7462091004202765 0
0.4196114829179133 0.611945124996361 0
0.4675272033443803 0.5885048851030382 0
0.5133658021394697 0.5910651226028529 0
-0.4217483342708733 -0.6112827666540566 0
-0.4234905962056988 -0.6610731131531418 0
-0.4655439149969536 -0.6378044068820111 0
-0.4649494994648204 -0.687628305948403 0
-0.5034357050917628 -0.6632305972611675 0
-0.5092380429662925 -0.6134621820376266 0
-0.5520922586841513 -0.6411139994149634 0
-0.5483547275839152 -0.5964753898248981 0
-0.4233627369322733 0.6102214714689231 0
-0.4636063467296563 0.5802454624710287 0
-0.464725683524309 0.6306932849275763 0
-0.5470773967133524 -0.5031374550837895 0
-0.5816455410427555 -0.4655005622883562 0
0.7248747495236216 0.1861319408196051 0
-0.7249829202359598 -0.1853913107487918 0
-0.6830429367355266 0.2828685528709065 0
0.6795993209305442 -0.2804902982338083 0
-0.7141716799539323 0.1820871494820167 0
0.6859855246481277 0.2867774986258236 0
0.7133874484931845 0.3277159139529024 0
-0.6388623085281853 0.377271036032837 0
-0.6630141055976653 0.4184010301556407 0
-0.6876879365421634 0.3740757302443671 0
-0.7131702994099298 0.4204037206805578 0
0.6360798680802396 0.3765305559081645 0
0.7348584225604673 -0.07767715499500344 0
-0.7376732166227287 0.07979781532896021 0
0.740706206123815 0.03002793525590034 0
0.4148852349051972 0.6680262805427541 0
0.7260813035670808 -0.9151494207012779 0
0.6763850482004783 -0.9138076323328335 0
-0.9800751656802478 -0.9950194305106814 0
-0.9762199067902724 -0.9914646420170681 0
-0.979908623618019 0.995385758374101 0
-0.9761346428103117 0.9913571206955961 0
0.979908623618019 -0.9953857583741009 0
0.9761346428103117 -0.9913571206955962 0
0.9938128884173688 0.9983358182959465 0
0.9912754682510707 0.991702950317743 0
-0.4993815106113697 -0.8846659513909528 0
0.9236445611677329 -0.1201738062656758 0
0.9495785589736294 -0.1684534260878278 0
-0.9688915806617466 -0.9980931826136765 0
-0.9708520976794308 -0.9950092003677893 0
-0.9699928398993667 -0.9875372660714249 0
-0.9657026192156201 -0.996621340746086 0
0.968762489814845 0.9978091557473983 0
0.9654212624513751 0.9965085813747774 0
0.9647415704453433 0.9911644246887363 0
-0.9687065495107341 0.9980885538634197 0
-0.9706960700414548 0.9949838921406329 0
-0.9702442947993316 0.9872173805421047 0
0.9687065495107339 -0.9980885538634197 0
0.9706960700414546 -0.9949838921406329 0
0.9702442947993316 -0.9872173805421046 0
-0.9312424380621712 -0.2727064886725866 0
0.9821573611484669 1.011061136609395 0
-0.2294778106128042 -0.7498005367229448 0
-0.4230253518093954 0.6588075134884548 0
0.3187950530907265 0.9150099976096661 0
0.9848767371017089 1.015240288317739 0
-0.9119948361235363 0.6593124503165325 0
-0.9938960669294555 -1.013662199260095 0
0.7366117641912352 0.08020011219833108 0
-0.4713901301855153 -0.5812638517320999 0
0.981827804853227 -1.000070151816668 0
-0.981827804853227 1.000070151816668 0
-0.9811360602236722 -1.001119288510946 0
-0.7949609498705096 0.8562416153995898 0
-0.3726009487985491 -0.9074743345999567 0
-0.7396119466888418 -0.02985051757194848 0
0.3318299363811101 0.6602876960174783 0
0.9862747829044176 1.004624678573063 0
0.5349236130247442 -0.9049197723979905 0
0.5833348649020614 -0.9095457929591332 0
0.6113275779701287 -0.8684118277990913 0
0.4820405877852707 -0.9056609403536584 0
0.9140201530831076 0.9839902127897566 0
-0.9120125750989505 -0.9796371378132627 0
0.9126380957637498 -0.980689908757011 0
-0.9125480408268674 0.9804708674644598 0
-0.7465442646940181 0.9612518926366869 0
0.9502756658902495 0.8282116436380204 0
0.9115315988348081 0.7948522442840686 0
0.9140334734267167 0.7495949933560631 0
-0.9141504306317649 0.8782103538014794 0
-0.05918518403799247 0.7842331788381257 0
-0.8127393997229484 -0.7354159204798749 0
-0.8623409739136401 -0.7465104131336587 0
-0.8898533051460951 -0.7025882533028527 0
-0.7784960020833374 -0.771368204390569 0
-0.9903252585021803 -1.014732685304151 0
-0.7138502564982123 0.3220441256007135 0
-0.5105187827612911 0.6034832624672067 0
0.8425465633831859 -0.7619662314004128 0
0.5433696062787366 -0.5083146705507242 0
0.982239792001523 -1.013597337660805 0
0.9848953557271261 -1.015155663468551 0
-0.9822397920015244 1.013597337660809 0
-0.9848953557271267 1.015155663468553 0
-0.9821233213990905 -1.013718076451545 0
-0.9847803533452685 -1.015280752151342 0
-0.9845331841582092 1.01216431918906 0
0.9845331841582065 -1.012164319189056 0
0.9249750924043745 0.1826400705693652 0
0.9507543083565416 0.1336107563978971 0
0.8669765922314421 -0.8091111099586277 0
0.8914107433612154 -0.8552524344184771 0
-0.6815058695858844 -0.8809650445318711 0
0.1137575975495836 0.7766498004182876 0
0.9357328116427515 0.4731200973207091 0
-0.9545461591992126 -0.320610282360815 0
0.9898005510224994 1.015136431287047 0
0.9932513741666449 1.014183316669905 0
0.5543408473814646 0.5714113631354074 0
-0.5833029574071277 0.815133853968622 0
-0.6167361869720106 0.8515603282235324 0
-0.5681204016043746 0.8621128058757953 0
-0.6028228214228897 0.9005633231635884 0
-0.6799711117147856 0.7944450692251217 0
0.7340167765840802 0.2796922500137335 0
0.838128379797571 0.5875438632053127 0
0.8870926023262907 0.5982459149851171 0
0.8530273156685834 0.6345321683030705 0
0.9112276117632383 0.6480635310030188 0
0.9289112564511589 0.6037927153902065 0
0.8690704202018598 0.6820266199830699 0
-0.9844996153561558 -1.012240721105311 0
0.5857604214041083 0.9334381124342797 0
0.5713206102280894 0.8874030909267683 0
-0.9138427774020392 -0.5031733076542362 0
-0.9090824233182963 -0.4457368120598867 0
0.6909341156714273 0.3760593910901543 0
0.2737742830740488 -0.7307400424498065 0
-0.2358010823892918 0.7050297394791439 0
0.6484756078145947 -0.9572347984012196 0
-0.6500290872841715 0.8868938836915836 0
-0.6398300934225497 0.9332846445408152 0
-0.9595929707724974 -0.8254369707728317 0
-0.9175720960634015 -0.8071712747757172 0
-0.9572205641829533 0.8223191657103418 0
-0.6826866851077905 -0.7532666784469024 0
0.662032925394019 -0.5729229705980156 0
0.5911166370566869 -0.8237749396943627 0
-0.7499263702578355 -0.6784819148719402 0
-0.8723135142083063 0.6237868671626032 0
-0.918072599013074 0.6053915216050068 0
-0.3977142857153722 -0.952859548260062 0
0.575881427749657 0.7501580058557035 0
0.6243804354145617 0.7597373571455253 0
0.618852479117814 -0.7829731164082966 0
0.07041241632882682 -0.8238037933418011 0
0.6416722098892452 0.6761151430174488 0
0.657332337787742 0.7223821733412863 0
0.7747014301276109 0.5297239927222269 0
-0.3550233662965439 -0.8598733058622114 0
0.7998576186152837 -0.6720327215851354 0
-0.09325948034884998 -0.8915411060287857 0
-0.5458894168202293 0.5119519780500137 0
-0.3390836638610859 0.8666390664260768 0
-0.3695380693150411 0.9074070338129869 0
-0.4188747289283291 0.8947758198106481 0
-0.4363031444459968 0.8465817546273999 0
-0.468968603444226 0.8815671817884524 0
-0.5187516889618857 0.8724611826273432 0
-0.5048921447163763 0.9171473938864396 0
-0.5344292630368589 0.8255389091039946 0
0.1884536025722505 -0.8756046707534941 0
0.1664932079132278 -0.9156936871100227 0
-0.2378309303607581 -0.9217782093744269 0
0.815177657841651 0.3216470569660594 0
0.7642873998302332 0.326626561080237 0
-0.1920569702649934 0.8952973573163835 0
-0.2410458334879301 0.8849971135775673 0
-0.2710420615487156 0.9197225766770459 0
-0.0006390057069451578 -0.8721784793482136 0
-0.9601640252858014 -0.7258305780098451 0
-0.9596928872373571 0.7244991096350951 0
0.3473560399102638 0.8762246440497456 0
0.2123408752038227 0.8919024153403079 0
-0.5689907027414066 -0.8163654546864589 0
0.2379269686873362 -0.8793406151834564 0
0.2653283023504275 -0.919798055859105 0
0.9025844620233282 0.2272024340732952 0
-0.6210793073250629 -0.5626860819287778 0
-0.7592650852116649 0.6902892348932201 0
0.9564898571671854 -0.6245729061114598 0
0.9584137398841979 -0.5744561435821232 0
-0.957174300021723 -0.6250102137708156 0
-0.9131587797966287 -0.6517233952589588 0
-0.915982496531918 -0.5999878667608283 0
-0.9578923767063784 -0.5761930054018414 0
0.8009336182133509 0.1518324631296132 0
-0.7925055428753836 -0.2450083770245122 0
-0.8011564074819747 0.1512501551133384 0
-0.7703635688338628 0.2501142399544362 0
-0.7969529125445179 -0.1144238152302586 0
-0.7998014829410801 0.01890608882378784 0
-0.955414307790053 0.1251157645138379 0
0.9579474376392235 -0.02239274124896849 0
-0.9605194191340714 0.02299998448933442 0
-0.96027405418786 -0.02529581969660977 0
-0.9133487771044538 -0.04607614900483399 0
-0.9599320615801035 -0.1245273970598883 0
-0.956698725767283 -0.1749968125022146 0
0.9565325911189261 -0.2749012948249085 0
0.9233500930154556 -0.2514845306213495 0
0.9081733617132096 -0.2965468512425269 0
0.9557988347067754 -0.3244007316160842 0
0.9143832733072743 -0.3500348970441007 0
0.9133886983488821 -0.3999632262507387 0
0.9578557738399909 -0.4229530126187924 0
0.9489715218172009 -0.4734428006698488 0
-0.9580070577474531 0.2738029601132344 0
-0.9173896089641813 0.250422241506104 0
-0.9575930100846328 0.325425286532063 0
0.9582594888398003 0.2786366312180655 0
-0.9589347977464359 -0.4244677727906821 0
-0.9570317950833107 0.5750517087590591 0
-0.9119870035162194 0.552778861695598 0
0.7988529830978262 -0.1547540239168261 0
-0.9102640605025392 -0.1865730549305847 0
-0.8697535845735112 -0.3501205978771725 0
0.9015674864154414 -0.07592476804011231 0
0.8884078364844715 0.05519531854446588 0
-0.5800756562697293 0.5522579330315035 0
-0.8698100208454003 0.4877518992339516 0
-0.8677747836973826 0.3578051170690186 0
-0.6038550172219409 -0.6493094339050276 0
-0.8540015612265834 -0.4354810742438885 0
-0.8012419312079059 -0.5573405373612569 0
-0.6702183156101937 -0.5737114689508785 0
-0.8861336438512774 -0.3983811571145127 0
0.5034997969054944 0.9562790415960967 0
0.4983806213393309 -0.9558937703644581 0
0.431270639474748 -0.903585555479699 0
0.398096272666197 -0.9438547442935233 0
-0.7082104232248716 0.5686141464115371 0
0.394087187240658 0.9576048793490261 0
0.2941522874672985 -0.9602036975295516 0
-0.4045271213913108 0.9492821449146068 0
0.3648895986511074 -0.8479050401617927 0
-0.7207687991204637 -0.4530832688763747 0
-0.8615362633684572 0.5384703385364945 0
0.4610786611476943 0.8138925834680251 0
0.248571428572938 0.9569461656405595 0
-0.1489421871547414 -0.9507954100680756 0
0.1502392295112023 0.9595665651954226 0
-0.1501128044798735 0.9577516675795017 0
-0.04570137817696691 -0.9589114373436931 0
0.04988929584213037 -0.9576094043692522 0
-0.5721345344127358 -0.6880289185720126 0
-0.7227972991038394 0.5202016527566011 0
-0.6833419032746499 0.487665595338601 0
-0.486082955361232 0.7048881113575363 0
-0.8471460967846834 -0.5677157552113736 0
-0.4026513040475348 -0.7366751962301841 0
0.6395804367447876 0.806741225699852 0
-0.2876230802691012 0.7373304589068075 0
0.9055845474851456 0.5133085285980545 0
0.6003027782114037 -0.9564834944901195 0
0.7648886825249043 -0.2778595473274456 0
-0.9828779285002744 -0.9899540584533342 0
0.9828408233362158 -0.9900421942375572 0
-0.9828408233362153 0.9900421942375577 0
0.7259072271387146 0.5191955108566537 0
-0.9104057717629475 0.7979068044371439 0
0.6051843891704621 -0.653680272181992 0
0.3525175248497063 -0.7183928877886676 0
0.823368946724403 -0.4158947699873916 0
0.9786825781700432 1.00155012150713 0
0.4762463938153612 0.8614230094791921 0
0.4644434196410879 -0.8561066979080402 0
0.7172298493937886 -0.4927597137435468 0
0.4997859668326381 -0.7301643888191307 0
0.6923845526082151 0.5559456502619946 0
-0.665004363889762 0.8408541090208235 0
-0.3201381237966155 0.9145254609968907 0
0.8361606985311855 -0.5466299553484404 0
0.9567715637044951 0.7252783020494423 0
-0.62879408577818 0.6738026317870167 0
0.6676640457602009 -0.7859634336789167 0
-0.8233185695813462 0.6331920184964126 0
0.789312175891746 0.5768390017969441 0
0.4504650333643223 -0.7260950726261242 0
0.6539299905152175 -0.6582190298670236 0
0.6898532347827822 0.6858559540649998 0
0.7228233106824777 -0.184614248948507 0
0.7207653028312215 0.7776214015762879 0
0.639987879279043 -0.8264788867255017 0
-0.7921558819840242 0.7274481588512578 0
0.7713641537301195 -0.7114288309224179 0
0.8189255415374334 0.6704542280294997 0
0.4900426506543784 0.9084969587415199 0
0.8206050557364126 -0.7165576562500962 0
-0.9534008299856251 -0.9933812869062481 0
0.9531810905382829 0.9936666822811002 0
0.9532897290227753 -0.9942271646619834 0
-0.9532897290227753 0.9942271646619834 0
0.4305870865402085 -0.6839023082947051 0
-0.8077091003907826 0.6803220124684334 0
0.8843525895600755 -0.5499392529220026 0
0.8136964437985591 -0.8002364642347335 0
0.8448132042216776 0.7627491121785441 0
-0.9446195251495146 -0.9751185538079392 0
0.986230228369753 1.017800664180967 0
-0.5474071260238085 0.6463759342431217 0
0.697099096926271 -0.3606545048553419 0
0.9142692231875256 0.7006937029758737 0
-0.5805219837345172 0.6839757429547594 0
-0.5547974746424532 0.9115331894855365 0
0.633413575625573 -0.6131339334130431 0
-0.7311846717027179 -0.7625274263791704 0
0.08408947197105079 0.9117061304561944 0
0.07457142856938537 -0.9149914619200393 0
0.8210940539007497 0.4076397779641062 0
0.7102885931894676 -0.5779228771915477 0
-0.02808709430008605 -0.7351816452364048 0
0.9581556033660041 0.02499999999765468 0
-0.9656097969892642 0.9966426710319809 0
0.9656097969892642 -0.9966426710319809 0
0.9897869472554213 -1.015037920475198 0
0.9933024169029863 -1.014278255666304 0
0.9941504649303126 -1.01714131088452 0
-0.9897869472554138 1.015037920475201 0
-0.9933024169029672 1.014278255666327 0
-0.9941504649303096 1.017141310884525 0
0.6726435297280072 0.7687625509843113 0
0.919068104443638 0.560399466013578 0
0.7998591805166073 0.8768032107085391 0
0.7758418138364132 -0.1080889614566206 0
0.6896868256683165 -0.5327797037308193 0
0.2256753926321803 -0.7531699580570951 0
0.02542743685286288 -0.9133194729639735 0
-0.1931311708154186 0.7730985248042577 0
0.6690299877134865 -0.4879054712644386 0
0.6563423605267908 0.8524113838833444 0
-0.7649169452948219 -0.7249859742044953 0
-0.9146802239206984 0.3476420213522952 0
0.3848071780214884 -0.891908450216328 0
0.4264942560217181 -0.6054590851027015 0
-0.1301227958867892 0.72992994518236 0
-0.9122602482489135 -0.7507626514902871 0
0.5765155940682665 -0.4645856255970977 0
-0.6055650548497613 -0.9592095059747759 0
-0.6834291646731275 -0.2819327317805532 0
-0.3854459225571905 -0.6892633204083123 0
-0.9099022088247928 0.08293232255781756 0
0.8759733359697753 -0.4188624933227223 0
0.9913419875315493 1.017498270156341 0
0.9962500000000147 1.01783493649057 0
-0.9838288241751292 1.017899128001075 0
0.9838288241751292 -1.017899128001075 0
-0.983807664231405 -1.017912717450972 0
0.7443454656988263 0.3670863748783875 0
0.4655748339952736 0.6819562196633964 0
-0.5947636331792473 0.9571408485724635 0
0.6587220085519176 -0.8707610107574585 0
0.9887421832386752 -1.017839449499803 0
-0.9887421832386754 1.017839449499803 0
-0.98875892495664 -1.017797753931426 0
-0.9335266687811812 0.9087876584549676 0
0.2953602074398951 0.9566189885660039 0
0.959709206026105 0.3249999999984564 0
0.9820942831006908 1.016127404735807 0
-0.9937500000000319 -1.017834936490552 0
-0.9961092813476463 -1.017886463781057 0
-0.190452739948153 -0.9110350989367189 0
0.9125994968618071 -0.512263673379258 0
0.707223021630945 -0.8721168622525304 0
0.8516325312266894 -0.8841722861415331 0
0.05091277103873712 0.9585157105280432 0
0.8163349990228694 0.9202572088744914 0
-0.8685555134506852 -0.7970672644746972 0
-0.7830434331272533 0.06424151549449418 0
-0.9575139208815127 -0.4748068919641446 0
0.5392258920562235 0.5104326807839934 0
0.7719014688857282 0.1146146373537985 0
0.9157234589400363 0.09575507806100725 0
-0.9643426469858456 -0.9907548513223785 0
0.6368875624443863 -0.3759004619917969 0
0.9640362568019143 -0.9910252662606568 0
-0.9640362568019144 0.9910252662606568 0
0.9737438835847676 -0.9986808276997983 0
-0.9737438835847676 0.9986808276997983 0
-0.973922527565484 -0.9987900605378377 0
-0.244681108906526 -0.7947192057257004 0
-0.1292587738449489 -0.7278320008628902 0
-0.9342720370775435 -0.8981805390769093 0
-0.2488920009535609 0.9604341399407251 0
0.9143426574565467 -0.2056213789722017 0
-0.5820661062079945 0.4600286646360168 0
-0.7339148322699404 -0.07890401159248488 0
0.7908855502983192 -0.02273183616749933 0
-0.4218527532596267 -0.9136632123291049 0
0.6537131149437508 -0.4499226017459604 0
0.145960046657227 -0.9571215816414445 0
-0.5621396393673171 -0.5569036981553021 0
-0.7577696172415422 0.4180228928877194 0
-0.9902647472789458 0.9932720894335475 0
0.9902647472789459 -0.9932720894335471 0
-0.9902358776473748 -0.9931958020148932 0
0.9614984243978624 -0.8260451159475874 0
0.876038121017957 0.731183930027518 0
-0.2974406024776221 0.9586047238758264 0
-0.91880909612609 0.7433242655667087 0
-0.9840530447790469 1.003676058982296 0
0.9840530447790458 -1.003676058982295 0
-0.09281935788560214 0.907923981403995 0
0.9856302789053684 0.9919885097022137 0
0.9799046993590844 0.9931904619537122 0
0.7499178997180083 0.2319788343524492 0
-0.3099831684477503 -0.7216796388411792 0
-0.1924417418701926 -0.7823840576376073 0
-0.9874999587037572 -1.015701703721936 0
-0.915637420539992 -0.3582107331420191 0
-0.4809797790428618 -0.8396142931579264 0
0.2647468291918808 0.7796733877897823 0
0.1319456395539792 0.9181906839649594 0
-0.5016138600916757 0.658688078424617 0
-0.9821627439974163 1.008388752600287 0
0.9821627439974148 -1.008388752600284 0
-0.9821063835624755 -1.008454398404371 0
-0.5899414795965628 -0.6037622577365858 0
-0.9203393315981889 -0.10252661067695 0
0.6285190051841478 -0.915026517985315 0
0.9832292554111 0.9478850373623677 0
0.3581185769422797 0.7507622059372713 0
-0.7441235428068065 -0.3663783665073996 0
0.9644052839070142 -0.7256926453386396 0
-0.7704247242681257 0.1142384108198015 0
-0.9626037067668175 0.4700418628860139 0
0.3833992641906569 -0.6802442489793569 0
-0.9255292060609915 -0.8558654169731718 0
0.9624766715093891 0.5749908069937582 0
-0.9620465913973322 0.6256401707922525 0
-0.9519814750074773 -0.9847322534736331 0
-0.4934260029572136 0.9620531457054633 0
-0.7475630645125829 -0.2340932860570401 0
0.9336519191139065 -0.8977101955156145 0
0.887419681306497 -0.9065209175484645 0
0.216828725991516 -0.9194700549471262 0
0.9874461655913739 -1.015783880694821 0
-0.9874461655913724 1.015783880694809 0
0.9355770915116086 0.9372788615318655 0
0.9124574122206069 0.9603797053830516 0
-0.8177786656433579 0.928833100753536 0
0.02110599004526104 -0.7387202995828395 0
-0.01927157713148116 -0.9174587068271258 0
0.04711645471402024 -0.8690682579597118 0
-0.5332461671331188 -0.8513711916515582 0
0.8744900717205808 -0.3329432913893641 0
0.09909531208774036 -0.783414073405345 0
0.9441207597407492 0.9930657220253034 0
-0.8804373854689056 0.5813324174832287 0
-0.9962500000000131 1.01807295397946 0
0.9962500000000131 -1.01807295397946 0
-0.68189603072189 0.913857435090791 0
-0.3882973995875904 0.7353565070860547 0
-0.8701875849294729 -0.6646693490974298 0
0.1200626877859127 -0.9138619862336677 0
-0.6477018967177177 -0.9661994952590359 0
-0.9941900831166044 -0.9987330471533415 0
-0.9942258005350313 0.9987609837658905 0
0.9942258005350315 -0.9987609837658902 0
0.05423705137841565 0.7734692473606271 0
0.1639325573579551 0.7633577481368317 0
-0.9179988184182738 -0.5535972353882845 0
0.6509664226114684 0.4203403037213577 0
0.9874360938288602 1.015864558575723 0
-0.911343609143584 -0.2341641649386766 0
-0.7053726640184117 -0.4106663811662979 0
0.3688197464081117 0.9191472246326071 0
-0.9109412011327422 0.2084453031670379 0
-0.2524489492421894 -0.9644754370483366 0
0.5377726909447389 0.9206358803486726 0
-0.7658127884483106 -0.1526620357513047 0
0.7472521936816522 -0.2311702867046942 0
0.9190019445787497 -0.6443591534713237 0
-0.1038131046074763 0.7800649037743856 0
-0.8836252198955225 0.9450785190995427 0
0.962087229337427 0.4264373342569152 0
0.9796148631239073 0.9986522451610235 0
-0.7563600163022439 0.1659439727980334 0
-0.872963665278826 -0.9514229136657768 0
0.7933603361931226 0.3653595804754864 0
0.2446085031341332 -0.9599214267085572 0
-0.9011184547407908 -0.954192694661995 0
-0.497673398390444 -0.7141916375062457 0
0.98445231598441 1.009415997209933 0
0.4541424685153104 0.6378926149688553 0
0.9665587029318397 -0.1250000000020515 0
0.9037468400276402 -0.9605406208719494 0
-0.9066454286137891 0.9595887812761612 0
0.9857687075714163 -0.9540047042993074 0
-0.9857687075714168 0.9540047042993074 0
-0.9857511578649203 -0.9540148632702377 0
-0.921221171423513 0.298582222383007 0
-0.4959385096502539 -0.9644339503935754 0
-0.4678899668972463 -0.9199369638793913 0
-0.4264721799885893 -0.7032210625344838 0
-0.9203784176075933 0.03884545355906904 0
0.966331638186005 0.1773061349183734 0
-0.2209295283684806 0.9248530251649308 0
0.178493961984662 0.9237215306002169 0
-0.9839813664502826 -1.010035384409163 0
0.9470720675648435 -0.9762980565145367 0
-0.9471811974669359 0.9764501675101706 0
0.9336414359576791 -0.8533975455449628 0
-0.04971428571220482 0.9681421808625867 0
-0.7319584160158048 0.3689819080615809 0
-0.9969637240750328 1.012383455700174 0
0.9969637240750381 -1.012383455700168 0
-0.9971209164928949 -1.012143525948741 0
-0.06669280930716738 -0.9209120376079361 0
0.3146723977256093 -0.9212558860332358 0
-0.5399750315275996 0.5629814969580796 0
0.7599367792180894 0.1587428388116516 0
0.9556513720682862 -0.9874282308667295 0
-0.9556695603853017 0.9874535826993351 0
0.9970186968064241 1.012557868759898 0
0.9203100921842223 0.3901516876337713 0
0.9254307368181406 -0.5500255991145513 0
0.8821097787752934 0.7724524026741981 0
-0.637657778434052 0.4606494300537268 0
0.9866909521766417 1.00737596202392 0
-0.9688805175230705 0.1750000000019094 0
0.3117512697023954 -0.7144155851732048 0
0.8784713684245978 -0.9471582469877009 0
-0.7003389537808733 -0.9144975412705818 0
-0.9256511948356163 -0.4005732993863502 0
-0.1007003920555094 -0.7684474056133981 0
0.1742491464762097 -0.7579012970247085 0
0.6155072533135171 0.4589488018392477 0
-0.7404706230927293 0.217421791480991 0
-0.4629922584008266 0.6704514386648228 0
0.9934248814908001 0.9848740424960667 0
-0.4550905128880195 0.9257089024155476 0
0.9619930972475619 0.632400695705335 0
0.827918695977739 0.9533589682830841 0
-0.9190261354154189 0.9355654275703496 0
0.1442720981767792 0.8002938907709081 0
0.9899451297172212 0.9750799337412325 0
0.9211328854355951 -0.04012678017318193 0
-0.9818301270189 1.018169872981053 0
0.9818301270189 -1.018169872981053 0
-0.9818301270189065 -1.018169872981076 0
0.9818301270189176 1.018169872981064 0
-0.9271975171002746 0.6999984402004368 0
0.4129918468438608 0.9217357008012648 0
-0.901716070252616 0.5147152413705114 0
0.9203765457976877 -0.4378007262037402 0
-0.2982857142870849 -0.9708994169626394 0
0.359149354891491 -0.9203218764124542 0
0.878873561476746 0.9505211752431713 0
0.928334044810021 0.0491523000025015 0
-0.9265631990280123 -0.1487042520852425 0
0.7679970634189559 -0.05492823388669305 0
-0.7243934915980257 0.2674336955677852 0
-0.6462857142850686 0.9713047628590096 0
0.7209651196682622 -0.2767537398273242 0
0.8785663376011192 -0.2522230779511435 0
0.4163306842552665 -0.6456923049610116 0
0.9296324289226017 0.3508443422115395 0
-0.9822076274674281 -0.9980598667293189 0
0.7589967255693248 -0.156121919063233 0
-0.971711310911204 0.4250000000011988 0
0.9209570155140242 0.2629133200451431 0
0.9572016895302766 0.9864237184877687 0
-0.9248927710047973 0.843396054542229 0
-0.3180273257206189 0.7025032772398181 0
-0.9838859923439894 1.009993907842971 0
0.9838859923439806 -1.009993907842967 0
-0.7225754728954557 -0.2700034240418472 0
-0.1739999999981437 0.9293618526038046 0
0.9954348075270278 1.015735874938855 0
-0.01792416712627578 0.7812486946288003 0
0.4571085551835831 -0.5678995048004392 0
-0.994689234002021 -1.016143161183073 0
-0.9927034759355466 -1.016009215523568 0
0.9278672787973901 0.976049557263824 0
0.9981510238033343 -1.01823298407535 0
-0.9981510238033335 1.018232984075351 0
0.9886707039675247 1.005513824045185 0
0.2237142857158654 0.9300849360490298 0
0.9699339168948082 0.9900938738345498 0
0.998214866352879 1.018143896045751 0
-0.8853260910345107 -0.5744269803450116 0
-0.9981600206161145 -1.018108554116381 0
0.7264235640644809 0.4033681446488863 0
-0.7574743943026674 -0.1067610075234789 0
0.5395507292764998 0.616796644590948 0
-0.9301337379680826 2.994194335753306e-06 0
-0.9294753920020511 -0.7003176197580081 0
-0.7801897371441717 -0.8949905152129328 0
0.3710033278879368 0.6742526936392367 0
0.5776150370946386 0.449622168876749 0
-0.8861451767029728 0.2740471565023855 0
-0.8576137852138201 -0.9765205953008693 0
-0.9834021332147367 -1.006257378397104 0
-0.9710362737256728 -0.2743954247122145 0
-0.7777609948514508 -0.01368167870768569 0
-0.8893128863602607 -0.9282378015635843 0
-0.9583410968589074 -0.9887402652739035 0
-0.6882596468275255 0.4490835999927815 0
-0.1119628104374595 -0.92328922250609 0
-0.6274955848934534 -0.3719437087744512 0
0.7761467680650943 0.01406352238334296 0
-0.7496961782689824 0.3351111853819648 0
0.2717407224702766 -0.7704559524068386 0
0.8590119222728436 -0.9759865358081274 0
-0.8265406108164738 -0.8916385587860255 0
0.9014576584053755 0.8315721418818552 0
0.8871938338501038 -0.3749991702923053 0
-0.2686362910872843 -0.7215921002384891 0
-0.5198972355781273 -0.5774631585001135 0
0.9736278969395696 0.4748220631650862 0
0.6971245697550872 -0.3159630298977129 0
-0.05396434894336603 -0.7634252315717067 0
0.5953025474961487 0.972358270340422 0
0.08193647680507818 0.7955640860579272 0
0.9836712540200021 -1.00596636840108 0
-0.9836712540199972 1.00596636840109 0
-0.5346617755460782 -0.6867283290241689 0
-0.7410091332391715 -0.9223850501985511 0
-0.771145167742729 0.9352553178073186 0
2 2 0 694
1750
1751
1752
1753
1754
1755
1756
1757
1758
1759
1760
1761
1762
1763
1764
1765
1766
1767
1768
1769
1770
1771
1772
1773
1774
1775
1776
1777
1778
1779
1780
1781
1782
1783
1784
1785
1786
1787
1788
1789
1790
1791
1792
1793
1794
1795
1796
1797
1798
1799
1800
1801
1802
1803
1804
1805
1806
1807
1808
1809
1810
1811
1812
1813
1814
1815
1816
1817
1818
1819
1820
1821
1822
1823
1824
1825
1826
1827
1828
1829
1830
1831
1832
1833
1834
1835
1836
1837
1838
1839
1840
1841
1842
1843
1844
1845
1846
1847
1848
1849
1850
1851
1852
1853
1854
1855
1856
1857
1858
1859
1860
1861
1862
1863
1864
1865
1866
1867
1868
1869
1870
1871
1872
1873
1874
1875
1876
1877
1878
1879
1880
1881
1882
1883
1884
1885
1886
1887
1888
1889
1890
1891
1892
1893
1894
1895
1896
1897
1898
1899
1900
1901
1902
1903
1904
1905
1906
1907
1908
1909
1910
1911
1912
1913
1914
1915
1916
1917
1918
1919
1920
1921
1922
1923
1924
1925
1926
1927
1928
1929
1930
1931
1932
1933
1934
1935
1936
1937
1938
1939
1940
1941
1942
1943
1944
1945
1946
1947
1948
1949
1950
1951
1952
1953
1954
1955
1956
1957
1958
1959
1960
1961
1962
1963
1964
1965
1966
1967
1968
1969
1970
1971
1972
1973
1974
1975
1976
1977
1978
1979
1980
1981
1982
1983
1984
1985
1986
1987
1988
1989
1990
1991
1992
1993
1994
1995
1996
1997
1998
1999
2000
2001
2002
2003
2004
2005
2006
2007
2008
2009
2010
2011
2012
2013
2014
2015
2016
2017
2018
2019
2020
2021
2022
2023
2024
2025
2026
2027
2028
2029
2030
2031
2032
2033
2034
2035
2036
2037
2038
2039
2040
2041
2042
2043
2044
2045
2046
2047
2048
2049
2050
2051
2052
2053
2054
2055
2056
2057
2058
2059
2060
2061
2062
2063
2064
2065
2066
2067
2068
2069
2070
2071
2072
2073
2074
2075
2076
2077
2078
2079
2080
2081
2082
2083
2084
2085
2086
2087
2088
2089
2090
2091
2092
2093
2094
2095
2096
2097
2098
2099
2100
2101
2102
2103
2104
2105
2106
2107
2108
2109
2110
2111
2112
2113
2114
2115
2116
2117
2118
2119
2120
2121
2122
2123
2124
2125
2126
2127
2128
2129
2130
2131
2132
2133
2134
2135
2136
2137
2138
2139
2140
2141
2142
2143
2144
2145
2146
2147
2148
2149
2150
2151
2152
2153
2154
2155
2156
2157
2158
2159
2160
2161
2162
2163
2164
2165
2166
2167
2168
2169
2170
2171
2172
2173
2174
2175
2176
2177
2178
2179
2180
2181
2182
2183
2184
2185
2186
2187
2188
2189
2190
2191
2192
2193
2194
2195
2196
2197
2198
2199
2200
2201
2202
2203
2204
2205
2206
2207
2208
2209
2210
2211
2212
2213
2214
2215
2216
2217
2218
2219
2220
2221
2222
2223
2224
2225
2226
2227
2228
2229
2230
2231
2232
2233
2234
2235
2236
2237
2238
2239
2240
2241
2242
2243
2244
2245
2246
2247
2248
2249
2250
2251
2252
2253
2254
2255
2256
2257
2258
2259
2260
2261
2262
2263
2264
2265
2266
2267
2268
2269
2270
2271
2272
2273
2274
2275
2276
2277
2278
2279
2280
2281
2282
2283
2284
2285
2286
2287
2288
2289
2290
2291
2292
2293
2294
2295
2296
2297
2298
2299
2300
2301
2302
2303
2304
2305
2306
2307
2308
2309
2310
2311
2312
2313
2314
2315
2316
2317
2318
2319
2320
2321
2322
2323
2324
2325
2326
2327
2328
2329
2330
2331
2332
2333
2334
2335
2336
2337
2338
2339
2340
2341
2342
2343
2344
2345
2346
2347
2348
2349
2350
2351
2352
2353
2354
2355
2356
2357
2358
2359
2360
2361
2362
2363
2364
2365
2366
2367
2368
2369
2370
2371
2372
2373
2374
2375
2376
2377
2378
2379
2380
2381
2382
2383
2384
2385
2386
2387
2388
2389
2390
2391
2392
2393
2394
2395
2396
2397
2398
2399
2400
2401
2402
2403
2404
2405
2406
2407
2408
2409
2410
2411
2412
2413
2414
2415
2416
2417
2418
2419
2420
2421
2422
2423
2424
2425
2426
2427
2428
2429
2430
2431
2432
2433
2434
2435
2436
2437
2438
2439
2440
2441
2442
2443
0.4120849893703944 0.5086832779340917 0
-0.4198973425387427 -0.5149696567840603 0
-0.5088588758703929 0.4117435859220461 0
0.5115854602547037 -0.4114114136058121 0
-0.651790142634322 -0.06879091210811343 0
0.07073386908195969 -0.6506995843482859 0
0.6538917042461918 0.06377085833173539 0
-0.07172146988485406 0.6529313234576528 0
-0.3438325253189216 0.5616367376659414 0
-0.5690983519657459 -0.3329018209755373 0
0.3373301015597837 -0.566993176706002 0
-0.6255660614947688 0.2134819868247076 0
-0.2067187002466011 -0.6210696137225589 0
0.6322653103791358 -0.2062790710812608 0
0.5644095627355226 0.3348796726503531 0
0.2068661609957854 0.6234554783833127 0
-0.6505960680572421 0.06552934341050395 0
-0.07015305781622776 -0.652519040698193 0
0.6512107197953253 -0.06806995637441715 0
0.07043098678441879 0.6562116215684539 0
-0.6203456357274186 -0.2103465134116191 0
0.2048680442913614 -0.6189532611978039 0
-0.2081596129592262 0.6230712058656039 0
0.6266357443878767 0.2086186374184834 0
-0.5711081472625567 0.3319344706336349 0
-0.3315559963498571 -0.5658571097706684 0
0.5677401460390231 -0.3374365535470823 0
-0.5110063405188163 -0.4117949363234281 0
0.4117949363234281 -0.5110063405188163 0
-0.4087690444650249 0.5099907935100164 0
0.5159830047739524 0.4200606465456758 0
0.3348796710255628 0.5644095639800405 0
-0.4803748639731192 -0.4500487223028546 0
-0.4622654938819832 -0.4048006754598465 0
-0.4928540023641229 -0.3654274512882869 0
-0.4434414566907898 -0.3584902165311 0
-0.4735462081564599 -0.3186147564543145 0
-0.4245810264886949 -0.3120763302220442 0
-0.3939331876974613 -0.351539423736943 0
-0.3751785015970381 -0.3052036146968797 0
-0.405925414025618 -0.2658144584571809 0
-0.3564575528355607 -0.2588913689929329 0
-0.3257060233341855 -0.2982774447382434 0
-0.3069729156902582 -0.2519551186397625 0
-0.3377234984778431 -0.2125682141556176 0
-0.2882382565565217 -0.2056314877330598 0
-0.2574880609607804 -0.2450187139829708 0
-0.2387530058443416 -0.1986947642764958 0
-0.269503203093765 -0.1593075363754596 0
-0.2200177969797535 -0.1523706861385155 0
-0.1892675783444232 -0.1917578900140789 0
-0.1705323734958606 -0.1454338163991468 0
-0.2012825955595185 -0.1060466163683897 0
-0.1517971695769621 -0.09910974382020499 0
-0.1210469472685191 -0.1384969436284157 0
-0.1023117426841281 -0.09217287028639856 0
-0.1330619648495055 -0.05278567033459809 0
-0.08357653802769356 -0.04584879681986052 0
-0.05282631583957712 -0.08523599677301281 0
-0.03409111118981912 -0.03891192330882254 0
-0.06484133331038641 0.0004752766561146454 0
-0.01535590649132469 0.007412150163826602 0
0.01539431560749359 -0.03197504981202812 0
0.03412952032792783 0.01434902366069314 0
0.003379298237339372 0.05373622365206636 0
0.06487974245880049 -0.02503817630380113 0
0.05286472505633824 0.06067309714566333 0
0.0221145029724777 0.1000602971483036 0
0.07159992978835951 0.1069971706482554 0
0.04084970771321324 0.1463843706451548 0
-0.008635719112134838 0.1394474971470865 0
0.0903351345405656 0.1533212441438645 0
0.1210853566301276 0.1139340441395919 0
0.01009948562881552 0.1857715706392318 0
-0.03938594119518304 0.1788346971408133 0
0.1398205613720837 0.1602581176436087 0
0.170570783475845 0.1208709176471931 0
-0.02065073645356195 0.2251587706345802 0
-0.07013616327639918 0.2182218971370119 0
0.189305988208667 0.167194991144177 0
0.2200562103007974 0.1278077911365023 0
0.1585557661156058 0.2065821911490996 0
-0.05140095853515518 0.2645459706298983 0
-0.1008863853561709 0.2576090971280714 0
0.2080411929484546 0.2135190646488944 0
0.1772909708598807 0.2529062646528578 0
-0.1196215900910809 0.2112850236375893 0
-0.1503718121712231 0.2506722236275964 0
-0.1691070168993628 0.2043481501437792 0
-0.1998572389739556 0.24373535011819 0
-0.2185924436930961 0.1974112766551092 0
-0.08215118062111862 0.3039331706213093 0
0.2267763976898712 0.2598431381545336 0
0.1960261756027589 0.2992303381553255 0
-0.2493426657660999 0.2367984766307716 0
-0.2680778704752804 0.1904744031675741 0
-0.2306074610865061 0.2831225501195908 0
-0.2988280925453273 0.2298616031260331 0
-0.3175632972502963 0.1835375296731823 0
-0.03266575379383534 0.3108700441248444 0
-0.06341597588381188 0.3502572441239307 0
-0.01393054904823811 0.357194117633811 0
0.2455116024319139 0.3061672116576404 0
0.2762618245215722 0.2667800116513024 0
0.2147613803433926 0.3455544116531806 0
-0.2868130751949708 0.1441503297031708 0
-0.3362985019646835 0.1372134562282996 0
-0.3670487240151654 0.1766006561786324 0
-0.3857839287322474 0.1302765827408879 0
-0.355033706686836 0.09088938278572437 0
-0.4045191334580835 0.0839525093016984 0
-0.04468077114524598 0.3965813176331486 0
0.004804655709850504 0.4035181911387334 0
-0.09416619798748378 0.3896444441215817 0
0.201321005572467 0.08148371764019557 0
0.250806432390144 0.08842059112828332 0
0.2320712276516738 0.04209651762647322 0
0.2815566544697684 0.04903339112181238 0
0.2628214497298554 0.002709317629698666 0
0.3123068765390576 0.009646191125178991 0
0.2935716718061303 -0.03667788234732012 0
0.3310420812767181 0.05597026460089574 0
0.3430570985989932 -0.02974100885625939 0
0.3243218938779168 -0.07606508231446266 0
0.2748364670925837 -0.08300195580756291 0
0.3055866891575995 -0.1223891557615418 0
0.2561012623874585 -0.1293260292549727 0
0.2868514844353203 -0.1687132291997963 0
0.2373660576580045 -0.1756501026918046 0
0.2681162797154001 -0.2150373026470992 0
0.2186308529359642 -0.2219741761395342 0
0.2493810750028929 -0.2613613761011933 0
0.1998956482261831 -0.2682982495960206 0
0.3363369112123735 -0.1617763557062639 0
0.2306458702958856 -0.3076854495547188 0
0.1811604435056064 -0.314622323052718 0
0.150410221439121 -0.2752351230879675 0
0.1316750167104074 -0.3215591965485579 0
0.1009247946448214 -0.2821719965768233 0
0.08218958991477557 -0.3284960700453812 0
0.112939811981601 -0.3678832700170005 0
0.06345438518555856 -0.3748201435102217 0
0.03270416312408911 -0.3354329435381201 0
0.01396895839270724 -0.381757016998326 0
0.2801312970753013 -0.3007485760629815 0
0.09420460724801701 -0.4142073434786454 0
0.2949970292656304 0.3131040851627049 0
0.3257472513612066 0.2737168851494298 0
-0.3737689114107998 0.0445653093413096 0
-0.4232543381930561 0.03762843585436107 0
-0.01678126366426126 -0.3423698170281091 0
-0.03551646839487391 -0.3886938904889184 0
0.2613960923573878 -0.3470726495112256 0
-0.3925041161432911 -0.001758764115606114 0
-0.4419895429350105 -0.008695637603424487 0
0.3738073206584355 -0.069128208827515 0
-0.004766246337264776 -0.4280810904564356 0
-0.05425167311965466 -0.435017963944387 0
-0.08500189516982727 -0.3956307639777979 0
-0.1037370998966505 -0.4419548374247176 0
-0.3242834846426901 0.05150218280230804 0
0.1196599993732517 -0.2358479231056491 0
-0.1344873219365502 -0.4025676374954886 0
0.3925425253857622 -0.02280413537391994 0
0.4232927474458265 -0.06219133534572422 0
0.442027952173892 -0.01586726188405085 0
0.07017457257849857 -0.2427847966015159 0
-0.1878422216224426 0.1580240766594021 0
-0.07543099324345129 0.435968517643433 0
-0.1249164200910654 0.4290316441318818 0
0.3108815191330783 -0.3401357760268451 0
-0.4165341507671513 0.1696637826925601 0
-0.397798946064096 0.2159878561104434 0
-0.4540045602176265 0.07701563584792144 0
-0.1532225266695514 -0.4488917109042069 0
-0.02350145106575559 -0.4744051639155246 0
0.3444824561035452 0.3200409586679215 0
0.3752326782072237 0.2806537586544766 0
0.31373223400588 0.3594281586712406 0
-0.1061812153427102 0.4753557176581383 0
-0.05669578846708951 0.482292591131331 0
-0.1556666421875374 0.4684188441497753 0
0.4727781742234675 -0.05525446186025204 0
0.4540429694960151 -0.1015785353083481 0
-0.1839727487001984 -0.4095045109847396 0
-0.4112393208720989 -0.04808283758774363 0
-0.4605417809733139 -0.0550937097185802 0
0.2066158355980482 -0.1362629027145592 0
-0.1157521172737676 -0.3562435641185795 0
0.3564974734592165 0.2343296851313165 0
0.4059829003141382 0.24126655863501 0
0.2921463144208724 -0.3864598494593273 0
-0.4914749697431236 -0.01563251107605233 0
-0.4472843727940434 0.2090509826295069 0
-0.4285491680996542 0.2553750560256689 0
0.4915133789649574 -0.008930388396239934 0
0.4607631569040718 0.03045681159761134 0
-0.1224723046245375 -0.488278910879835 0
0.1652759535222777 0.3386175381522931 0
0.1840111582592204 0.3849416116449553 0
0.08890977729853544 -0.1964607231281022 0
0.3416317411826384 -0.3795229759580999 0
0.3603669458887669 -0.3331989025447069 0
-0.2027079534315918 -0.4558285843808144 0
0.5035283962624668 -0.09464166182942099 0
0.4847931915357397 -0.1409657352546722 0
-0.2334581754538079 -0.4164413844676482 0
-0.361753894179354 -0.04114596355679606 0
-0.4299440311598616 -0.09441924417551487 0
-0.4792414088627185 -0.1014321718250641 0
-0.1744018469323659 0.4220947706306657 0
-0.2051520690238375 0.4614819706402077 0
-0.2238872737590459 0.4151578971398258 0
-0.05812114593214555 0.1325106236544598 0
0.01681967304459796 0.3178069176392596 0
0.2426608876396437 -0.3933967229681077 0
0.2133360229227042 -0.004227555861162616 0
0.3872476955638579 0.1949424851097766 0
0.4367331224206185 0.201879358612524 0
0.03942435050839337 -0.2033975966269506 0
0.3632176608424885 0.3663650321809824 0
0.3324674387342937 0.4057522321730164 0
0.5102485837221208 0.03739368509003321 0
0.4247181050574266 0.2875906321607008 0
0.2734111097120698 -0.4327839229257178 0
0.223925682922817 -0.4397207964373069 0
-0.2546374958470196 0.4545450971313477 0
-0.2733727005762371 0.4082210236459012 0
-0.1369314374437957 0.5147429176732161 0
-0.4486682254614857 -0.1407477757187377 0
-0.4985231085435323 -0.1475352229624214 0
-0.2147229708612225 -0.3701173111112318 0
0.1345257314428605 0.3780047381458455 0
0.1532609361804337 0.4243288116307635 0
0.2027463629880807 0.4312656851276261 0
0.1719961409133043 0.4706528851129789 0
0.1225107141115071 0.4637160116159734 0
0.1412459188388965 0.5100400850903966 0
0.09176049204086341 0.5031032115935523 0
0.2214815677135976 0.4775897586076763 0
0.1278055440259672 0.2459693911520393 0
0.2695416371321709 0.1347446646277354 0
0.05815955523827347 -0.1570735231725554 0
0.4794983616484703 0.07678088508928491 0
0.5289837884875301 0.08371775859410259 0
-0.2521933801810394 -0.4627654578511362 0
-0.2829436021962566 -0.4233782579465395 0
0.5405717658524052 -0.002040733361728757 0
-0.5288833283811627 -0.1075678887237691 0
-0.2359022911215211 0.5008691706330677 0
0.2546651553233944 -0.4790313116569851 0
0.2051886865832894 -0.4860320891295813 0
-0.4780345948142329 0.2484381825431499 0
-0.4967697995117606 0.2021141091548602 0
-0.4592993901190972 0.2947622559265328 0
-0.4098139634139241 0.3016991294117846 0
0.3911171679280331 -0.3725861024620313 0
0.4098523726247741 -0.3262620290524018 0
0.379102150576105 -0.2868748291077892 0
0.4285875773086891 -0.2799379556214934 0
-0.3041229226547146 0.4476082236232536 0
-0.3228581273835514 0.4012841501497184 0
-0.2214431581569756 -0.5021526577784912 0
0.5342786182985391 -0.1340288618187969 0
0.515543413567457 -0.1803529352183119 0
0.3041487904976588 -0.4720816573269396 0
-0.5275200215239009 0.2415013090647204 0
0.1104956967698613 0.5494272850649038 0
0.06101026996843792 0.5424904115734894 0
0.3819528655792941 0.4126891056890627 0
-0.4405641854265843 0.3410863293048079 0
0.4593377993375751 -0.3193251555667479 0
-0.3016788069153538 -0.4697023313204539 0
-0.3324290243734406 -0.4303151639056344 0
-0.4674926780691091 -0.187035764822071 0
-0.5173642704280739 -0.1938164453332607 0
-0.3992181837184439 -0.1337965900223855 0
-0.2921079053100797 0.3618969501491375 0
0.4780730040367553 -0.2730010821857126 0
0.4473227820505344 -0.233613882169673 0
0.4353077647873764 -0.1479026087419767 0
-0.193137051691467 0.3757706971250255 0
0.1076449820244676 -0.15013664965954 0
0.008674128441073254 -0.1640103966709697 0
-0.01006107629049516 -0.2103344701237429 0
0.1157905267024768 0.331680664654962 0
0.5528282525939621 -0.0878496661922667 0
0.04227506523601059 0.4961663380971927 0
0.02883469037826444 0.2320956441439241 0
0.01152484316249146 0.5355535380784363 0
0.4127030876817107 0.3733019056897387 0
0.02598397572280416 -0.4674682904277987 0
0.007248770993131738 -0.5137923638919938 0
0.05673419778185539 -0.5068554904007574 0
-0.04223665580161375 -0.520729237379429 0
-0.01148643374446524 -0.5601164373556105 0
0.430012934852625 0.06984401157146619 0
0.4982335664227613 0.1231049585980981 0
0.5477189932649745 0.1300418320933802 0
0.5169687712445543 0.1694290320961225 0
0.2362586632133295 -0.5254780455797803 0
0.1866790607762875 -0.5325936235434348 0
0.1557420506710792 -0.4930170599809308 0
0.1370133110789885 -0.5393491496985892 0
0.3723819632260102 -0.4189101758835314 0
0.35080358001622 0.4516579569174038 0
0.5836283961979926 -0.126369092609474 0
-0.06109308919450202 -0.5661885045151239 0
-0.3528518916678978 0.4403654098792468 0
0.4210451157098627 -0.4116407436145922 0
0.4300544880871348 0.4201856419312081 0
-0.4862604078779554 -0.2333467062511892 0
-0.5357332014340761 -0.2402454322302013 0
-0.3136938800792551 -0.383991132566912 0
-0.3910787587242442 0.3480232028021421 0
-0.4218289807470151 0.3874104026893762 0
-0.3603285366921 0.3086360029123366 0
-0.04081129835766963 -0.170947270169639 0
-0.05954650313695183 -0.217271343662105 0
0.2522317897971652 0.4382025586307441 0
0.2709669945143421 0.4845266321073208 0
0.2402167724440347 0.5239138320765835 0
0.08504030462456415 0.3710678646513413 0
0.001953941061259256 -0.2960457435636168 0
-0.04753148573988496 -0.302982617075179 0
0.1931754608510647 -0.4003335964758031 0
0.3377622687095377 0.1880056116078604 0
0.3685124907953089 0.1486184116011413 0
0.0768947599274443 -0.1107494497221412 0
0.1263801867527451 -0.10381257619603 0
0.02898174300649345 0.5808796183306806 0
-0.01935138836844635 0.5741534807503055 0
-0.5448114744847541 0.1945933279546622 0
-0.5152643789303568 0.1556927178088607 0
-0.5632659496956385 0.1481557169492402 0
-0.5339126911837866 0.109333501815925 0
0.1589726182772913 0.5554718452969092 0
0.1276847121237521 0.6003630192169367 0
0.0002486554525437991 0.6181851728679238 0
-0.3332966814740979 0.4824977572429144 0
0.5766278259683939 0.08971893192018507 0
0.5987327188749071 0.1358068140681746 0
-0.5812596639686863 0.1016793288406936 0
-0.5525098320908449 0.06297818551829565 0
-0.4888755740995304 0.3336746305083814 0
-0.4319961993296169 -0.4411655107920405 0
-0.6083285532695155 0.1343695161970856 0
-0.3510367503054546 -0.4755778528007989 0
-0.03383157770843958 -0.6137064060724399 0
0.01646663884053391 -0.5998266796230844 0
0.4584294606578667 0.3792173831648101 0
0.1690019950261429 -0.5791023407698372 0
0.1181139758563939 -0.5832687217885957 0
0.5057645577670999 -0.3095902760548886 0
0.5257473929790134 -0.2643648070703117 0
0.1489848639894929 -0.6250170904689714 0
0.49351159382128 -0.361087289018498 0
-0.5679816674138293 -0.2010752953595638 0
-0.5824207452051765 -0.248832628535505 0
-0.598135457608663 -0.1603390060238246 0
0.2949319708848082 0.5356848769034236 0
0.2594704989626241 0.5652328111982443 0
0.0005285835718808552 -0.6458277108028356 0
-0.5762956150915481 0.228291295846365 0
-0.5582702435268172 0.2808885089678331 0
0.4044463351154228 -0.4641640495633984 0
0.4526176119912977 -0.4513605022989696 0
-0.6014267306083513 0.05687186942313724 0
-0.571710618361699 0.01681781550763893 0
-0.6217241043770102 0.009810022793795095 0
-0.587033546906208 -0.02978757097620433 0
-0.3823763247986672 -0.4346008027849511 0
0.2194817530385398 -0.5716476041891746 0
0.265412296556256 -0.5616491128981782 0
0.6016796989595818 -0.07963705737019863 0
0.6397502262799585 -0.1215198661861873 0
0.6185257481846633 -0.03312853230321072 0
-0.3183427159441295 -0.5171268335700412 0
-0.5482678046672939 -0.1538654263854615 0
-0.5775894130683656 -0.1138395403597882 0
-0.6358638278003496 -0.1184814973085782 0
-0.5578940012131968 -0.06814758899480255 0
-0.5042302457800925 -0.2790626928094055 0
-0.4127864801418148 -0.3976607449662105 0
-0.3872058002867838 -0.2195026495666088 0
-0.4554298717823935 -0.2727665012650934 0
-0.3444415727085138 -0.3446011211343624 0
-0.2762228002964707 -0.2913424018083565 0
-0.2267378610604923 -0.2844059322016821 0
-0.3684724260483936 -0.1731812189802919 0
-0.3189882852063685 -0.1662443393856704 0
-0.3002533837803488 -0.1199203396006119 0
-0.2454730693167175 -0.3307300086598313 0
0.09562996469416811 -0.06442537621636918 0
0.1451153914780835 -0.05748850273534731 0
0.1143651693273242 -0.01810130276270756 0
0.1758656135420325 -0.09687570273540697 0
0.04614453776362432 -0.07136224977665402 0
-0.007210361594685688 0.4892294646041532 0
0.08361494716234005 0.02128589720427503 0
0.133100374014605 0.0282227706866678 0
-0.2507680067328734 -0.1129834807366521 0
-0.232032815135017 -0.0666594150776523 0
0.2118595235421671 0.5708317704731114 0
-0.02207609367272651 -0.1246231967377848 0
-0.2702943986593851 -0.5090473322942337 0
-0.239992392780463 -0.5468003205768767 0
-0.190851465692385 -0.539908448461438 0
-0.09174228735409831 -0.5275219764762604 0
-0.110602088206414 -0.5729572212033632 0
-0.1412614318899817 -0.5341348998534583 0
-0.1652639501240341 -0.5868877782400816 0
-0.1267141420718135 -0.6125506327844813 0
-0.0902967252104665 -0.1778841436946997 0
-0.1090319299931401 -0.2242082171897943 0
0.4402138701007656 -0.3656570660039762 0
-0.5065582521234827 0.2869248755974526 0
-0.348313519315515 0.2229247296118751 0
0.4660579868123452 -0.1872898086906608 0
0.4165725600471307 -0.1942266821628737 0
0.3978373552771248 -0.2405507556164495 0
0.348351928525633 -0.24748762914872 0
0.3858223380113819 -0.1548394822249637 0
0.4965063691760642 -0.2263937751193715 0
0.5442567779824086 -0.2207249774346539 0
0.5685901872043587 -0.2585031223683686 0
0.5628773241235244 -0.1740279588124327 0
-0.2426224785112536 0.3688338236499435 0
-0.2613576832111678 0.3225097501062639 0
-0.2118722564436075 0.3294466236349739 0
-0.1623868295905666 0.3363834971093017 0
-0.2800928878696535 0.2761856765711879 0
-0.1436516248342974 0.3827075706218115 0
0.4045575427289379 -0.1085154087964723 0
0.355072115952937 -0.1154522822787565 0
-0.4713144074357238 0.3804735291798418 0
-0.4509349468600519 0.4310912318982354 0
0.2440862450252824 -0.04361475583199474 0
-0.2080027837774422 -0.2380819642886412 0
-0.1772525404443291 -0.2774691466595035 0
-0.1585173532795801 -0.2311450877083449 0
-0.1277671306619779 -0.2705322873172185 0
-0.1465023351823368 -0.3168563606957833 0
0.0663050998798424 0.3247437911539508 0
-0.0273709238506833 0.09312342365742091 0
-0.07685635066649674 0.0861865501670139 0
-0.1076065727455373 0.1255737501573071 0
-0.126341777479465 0.07924967667801976 0
-0.0955915553993318 0.03986247667613754 0
-0.1450769822137153 0.03292560319579014 0
-0.1758272042854282 0.07231280318557337 0
-0.1945624090205984 0.02598872971297065 0
-0.2253126310797772 0.06537592969834929 0
-0.2440478358142358 0.01905185623131646 0
-0.1638121869542954 -0.01339847027631321 0
-0.2065774263503087 0.1117000031788726 0
-0.2560628531435255 0.1047631296836844 0
0.1907313456296175 0.5169769585914021 0
-0.07299024531038506 -0.4813180150033589 0
-0.1397821512653316 -0.18482101643908 0
0.0768594994037939 0.5864261567927804 0
0.3210626600321734 0.4897191140173777 0
-0.3804829964248717 -0.08747250296491707 0
0.2642468071729326 0.3524912851653565 0
-0.07828170716855827 -0.2635954165979729 0
-0.08887136801052489 0.1718978236440764 0
-0.1383567948220014 0.1649609501417943 0
-0.1316366074532764 0.2969962971144905 0
-0.1570919995508639 0.1186368766668282 0
-0.04610612858014726 0.04679935016209666 0
-0.1143267601258213 -0.006461596817121583 0
0.3070120466161786 0.2273928116373933 0
0.4179979176178582 0.1555552850902031 0
0.109070339283959 0.1996453176480374 0
0.1037755093674131 0.41739193813488 0
0.05429008255360599 0.4104550646395304 0
-0.1719931400775038 -0.4948658687097073 0
0.1571304087997043 -0.1431997761825305 0
0.1878806308469023 -0.1825869761678716 0
-0.2132976131890293 -0.02033534339970456 0
-0.2627830394349225 -0.0272722164680726 0
-0.2935332624072694 0.01211498291512027 0
-0.1129014027284258 0.3433203706187375 0
0.0783201172083641 0.239032517650721 0
0.3228944462616054 -0.4258321384781207 0
-0.4352693554820272 0.1233397092776877 0
0.2829820118948922 0.3988153586537644 0
0.3987688146283202 0.4591760536476097 0
0.4514473123863059 0.4715962513043391 0
-0.1811220342677435 0.2900594235882517 0
0.233496585074411 0.3918784851442421 0
0.03555487779650558 0.3641309911468904 0
0.1465407487785561 0.2922934646543488 0
0.3002918592144384 0.09535746461442181 0
0.1825858008523516 0.03515964416474715 0
0.2387914150392714 0.1741318646402933 0
0.02068914578475371 -0.2497216700963819 0
0.05958491245807578 0.1927084441423227 0
0.3176017064791357 -0.2081004291468563 0
-0.2849470543134164 0.4919134637569368 0
-0.266045115466657 0.5403546448676797 0
-0.2168187341779952 0.5454467537986358 0
-0.2401299699627717 0.5839063736081893 0
0.051439367852262 -0.2891088700708795 0
0.5219759288481904 -0.04849448225540502 0
0.09705532195699502 0.2853565911547266 0
-0.186358805583939 0.5075149624314708 0
-0.02879628091497954 -0.2566585435198331 0
-0.06626669045306768 -0.3493066905733657 0
-0.08744601057031059 0.521679791161067 0
-0.1181962326939321 0.5610669912043359 0
-0.06864476598994834 0.5672517299451455 0
-0.09570886860467201 0.6070677616868978 0
-0.1525589228268881 0.6029473982746442 0
-0.472739764953952 0.03069156241693246 0
0.143690034053037 -0.4072704699772749 0
-0.001915531702154413 0.2714828441391408 0
-0.3415933320136563 0.3549600763030077 0
0.3617923033288882 0.01658306460139047 0
-0.1825473908773879 -0.05972254321281046 0
0.04471918045251931 -0.4211442169675816 0
0.3497772860212905 0.1022943380933241 0
0.4554683271565446 0.2482034321453309 0
0.4742035319226319 0.2945275056677619 0
0.5049537540217766 0.2551403056454967 0
0.5259818772608695 0.3022396313945261 0
0.5576485183422265 0.2566790976293291 0
0.4883212279789662 0.3382379648301002 0
-0.2373276484132707 0.1510872031746355 0
-0.02594556637293594 0.4429053911305703 0
0.3939678829419051 0.3269778321774373 0
0.07302528730206773 0.4567791381189585 0
0.5588458672198584 0.0443730311003955 0
0.2575266197807242 0.2204559381440311 0
0.2253510403175944 -0.08993882927285302 0
0.03753280146639282 -0.5532334042505306 0
0.2119106655713979 -0.3540095230120983 0
0.5353665613916999 0.2142786695248331 0
-0.3055482799167798 0.09782625624891345 0
0.3670871332554912 -0.2011635556492506 0
-0.4659794732843745 0.162710689569571 0
0.3190270639688939 0.1416815381098056 0
0.1624252387788523 -0.3609463965139087 0
-0.1679688831402985 0.5524431874454396 0
0.3017524124981811 0.4447789754166045 0
0.04756989513311216 0.2784197176513493 0
-0.3295783145953459 0.2692488030206614 0
-0.2747980578340463 0.05843905626328197 0
-0.3988699098508892 0.4333271295027923 0
-0.3715135000645423 0.3942283952210471 0
0.2882768418744628 0.1810687381278532 0
0.2988665017662037 -0.2544245026223336 0
0.1691454261547809 -0.2289110496264151 0
-0.3790637413634391 0.2623119295154617 0
0.1744461240665233 -0.4466614259081681 0
0.4420572160400845 0.3333088706150915 0
0.07546940251302518 -0.4605314169363205 0
0.3296167238275146 -0.2938117025855627 0
0.4112777301160116 0.02351993807472322 0
0.02353986047231886 0.449842264621523 0
0.1249619738550233 -0.4536010555302979 0
-0.3430186893490262 0.005178109449593027 0
-0.4847178381442327 0.1163878942629307 0
0.1383952040712498 -0.1895238496323017 0
0.1062342259565779 -0.499932810488203 0
0.3536467585303829 -0.4652342493151088 0
0.3330355883985019 -0.5164244005701503 0
-0.03796568312857306 0.5284857639213949 0
0.08739628787133559 -0.5458677234126817 0
-0.3122684667475442 -0.03420908950546124 0
0.06636209657364686 -0.5976848006822719 0
0.1023501519084101 0.06760997067034076 0
0.3805275080678215 0.06290713808979617 0
-0.503419405025688 0.07005230787405842 0
0.1946008182498464 -0.05055162929111791 0
0.3992627128113963 0.1092312115969774 0
-0.3108431099486672 0.3155728765104325 0
0.1638505961408191 -0.01116442929982007 0
0.151835578742301 0.07454684415812268 0
0.4487481396277944 0.1161680850913684 0
0.02740933310811364 -0.1176863232203029 0
-0.00334088903714853 -0.07829912327143418 0
-0.5221624887172439 0.02391316296878861 0
-0.07156152050551448 -0.1315600702149917 0
0.4861623134414749 0.2085704927710813 0
0.4674739717958436 0.1624512020432329 0
0.5637521000034056 0.1739772422741529 0
-0.09701691107993218 -0.3099194893963498 0
-0.1652375433723604 -0.3631804370058594 0
-0.2949576238664954 -0.337666048931072 0
-0.2642082202956258 -0.3770540239472058 0
-0.1959877200395764 -0.3237931993889818 0
-0.3310026432886907 -0.08053356765574632 0
-0.2815180591865661 -0.07359635150736607 0
-0.4367122814953501 -0.2264307152539978 0
-0.3497375718136866 -0.1268576662880367 0
-0.4179595169302409 -0.1801182111618439 0
-0.3632767449665254 -0.3904513981825022 0
-0.5510870983052569 -0.2870112387309132 0
0.2824668641147045 -0.5175543407426952 0
-0.5398979998659102 -0.02253954483301695 0
-0.5096555815065709 -0.06173556919521421 0
0.5707312217363993 -0.04131203728263702 0
0.5890354156864321 0.005529314850710884 0
0.6339395159438748 0.01455087768724586 0
0.6076078236022688 0.05191922950907003 0
-0.2865595098949493 -0.5544018524524876 0
-0.2541991818329416 -0.5982800269196834 0
-0.3745191079741765 -0.5277835448257845 0
-0.4525064723169623 0.4810951145206963 0
-0.5403620156208314 -0.3718691219258284 0
0.3762080247968204 -0.541842574977684 0
-0.3826143640980774 0.5460074822663883 0
-0.6601505925104096 -0.02130458015877527 0
0.5421225210991432 0.3768658962681645 0
0.253805834230769 -0.606583510558244 0
-0.2945978280340161 0.5882090741033089 0
0.6082551104329951 0.2525073464196075 0
-0.5437495220777003 0.371904282980959 0
0.5845687928950525 0.2954284249304934 0
0.5418425765416401 -0.3762080230442351 0
0.6491598043507153 0.1171213151008773 0
0.6391504805639847 0.1631334337567472 0
0.1617243292592684 0.6376600904560643 0
0.1171213144725071 0.6491598046897099 0
0.3762080230442351 0.54184257654164 0
0.3668387047485193 0.4960275198174569 0
-0.04646292942169453 0.6133945452223951 0
-0.1220552226351197 0.6470133269867506 0
-0.6048704437021014 -0.07373096684765268 0
0.6091935100542428 -0.1691734784685713 0
0.02345073119580514 0.6601673432664614 0
-0.5218629870320849 -0.325814513697381 0
-0.3786258496773781 0.4739766961299268 0
-0.02407040683802363 0.6571491441720464 0
-0.08393460175925235 -0.6109780730806171 0
0.4678586678538405 -0.4064912939251236 0
-0.6506076451716619 0.1163184392052185 0
-0.1657564503703608 0.6457359637174988 0
0.5825713353796659 0.2135211091728189 0
0.2967539039669846 0.5890549938618438 0
-0.4480839463412272 -0.4836467264558255 0
0.662428418113672 -0.01876004695522447 0
-0.6661374490364484 0.02079444282790918 0
0.1131169746645808 -0.6539857571503795 0
-0.6426534525692107 -0.1651844888774795 0
-0.3150704215505249 0.5257041632944234 0
0.2534779824864461 0.6117260039135221 0
-0.1632669180566929 -0.6392557300764253 0
-0.211405138135285 -0.5785892375841277 0
0.5898088386786743 -0.3001861008615357 0
0.1728621343816119 0.5973921638729572 0
-0.4872599492170706 0.4554614381243159 0
0.2973489540891732 -0.5895008341975442 0
-0.6081121221765522 0.2593967148561307 0
0.4746575428959877 0.4212330109672356 0
-0.5955772982698815 -0.2937038127835623 0
-0.5942571326315683 0.1806831621086016 0
0.04860512784751986 0.6208421322925733 0
-0.5977216406560223 0.2996968985073415 0
-0.2997158972313713 -0.5939313358914049 0
-0.1971272246134359 0.5815629837985025 0
0.6144978546695816 -0.2486916400164793 0
-0.402858013925283 -0.4716970178180516 0
-0.6390678800912237 0.1651435992959718 0
0.6172039754084953 0.09166742978600849 0
0.3758263286329112 -0.4997343229890316 0
0.4463648363393715 -0.4908737939332779 0
-0.1117277837602064 -0.6524750923647036 0
0.5886134940688752 -0.2129000413636278 0
0.3404127306126875 0.5254154993377329 0
0.4916331472549851 -0.4460712712861839 0
0.5477800199445277 -0.3020777849180314 0
-0.5285863177984181 0.3269439983888454 0
-0.6204672312138499 0.09132356103782101 0
-0.03344639784081248 -0.6636009654507216 0
0.03652771190928568 -0.6325870059643998 0
-0.6262254716763961 -0.04258638807308042 0
0.09901510267703162 -0.6185829667737213 0
0.6033530936408079 0.1760927821285792 0
0.6500325184659933 -0.1667867110053977 0
-0.6209262530744809 -0.2571960760909247 0
-0.505924077639063 0.3675203380002053 0
-0.4179412446340613 0.4658961931123335 0
0.5014277828728653 0.3796689712445844 0
-0.2568554959111634 0.6202277658920494 0
0.6726780445205898 0.0240247573530573 0
0.09037678130195265 0.6229706600774458 0
0.302593598016656 -0.5504921282804069 0
0.02854737147840705 -0.6688962543655209 0
0.5298667454770279 -0.3405251118911859 0
0.5273764291017558 0.3438491813715586 0
0.4932228475666333 0.4576583516039743 0
-0.3619652622977113 0.5111011828600465 0
$EndNodes
$Elements
26 4884 1 4884
1 100 1 9
1 5 113 
2 113 114 
3 114 115 
4 115 116 
5 116 117 
6 117 118 
7 118 119 
8 119 120 
9 120 6 
1 101 1 8
10 6 121 
11 121 122 
12 122 123 
13 123 124 
14 124 125 
15 125 126 
16 126 127 
17 127 7 
1 102 1 4
18 7 128 
19 128 129 
20 129 130 
21 130 8 
1 103 1 7
22 8 131 
23 131 132 
24 132 133 
25 133 134 
26 134 135 
27 135 136 
28 136 9 
1 104 1 8
29 9 137 
30 137 138 
31 138 139 
32 139 140 
33 140 141 
34 141 142 
35 142 143 
36 143 10 
1 105 1 35
37 10 144 
38 144 145 
39 145 146 
40 146 147 
41 147 148 
42 148 149 
43 149 150 
44 150 151 
45 151 152 
46 152 153 
47 153 154 
48 154 155 
49 155 156 
50 156 157 
51 157 158 
52 158 159 
53 159 160 
54 160 161 
55 161 162 
56 162 163 
57 163 164 
58 164 165 
59 165 166 
60 166 167 
61 167 168 
62 168 169 
63 169 170 
64 170 171 
65 171 172 
66 172 173 
67 173 174 
68 174 175 
69 175 176 
70 176 177 
71 177 11 
1 106 1 8
72 11 178 
73 178 179 
74 179 180 
75 180 181 
76 181 182 
77 182 183 
78 183 184 
79 184 12 
1 107 1 7
80 12 185 
81 185 186 
82 186 187 
83 187 188 
84 188 189 
85 189 190 
86 190 13 
1 108 1 4
87 13 191 
88 191 192 
89 192 193 
90 193 14 
1 109 1 8
91 14 194 
92 194 195 
93 195 196 
94 196 197 
95 197 198 
96 198 199 
97 199 200 
98 200 15 
1 110 1 9
99 15 201 
100 201 202 
101 202 203 
102 203 204 
103 204 205 
104 205 206 
105 206 207 
106 207 208 
107 208 16 
1 111 1 36
108 16 209 
109 209 210 
110 210 211 
111 211 212 
112 212 213 
113 213 214 
114 214 215 
115 215 216 
116 216 217 
117 217 218 
118 218 219 
119 219 220 
120 220 221 
121 221 222 
122 222 223 
123 223 224 
124 224 225 
125 225 226 
126 226 227 
127 227 228 
128 228 229 
129 229 230 
130 230 231 
131 231 232 
132 232 233 
133 233 234 
134 234 235 
135 235 236 
136 236 237 
137 237 238 
138 238 239 
139 239 240 
140 240 241 
141 241 242 
142 242 243 
143 243 17 
1 112 1 9
144 17 244 
145 244 245 
146 245 246 
147 246 247 
148 247 248 
149 248 249 
150 249 250 
151 250 251 
152 251 18 
1 113 1 8
153 18 252 
154 252 253 
155 253 254 
156 254 255 
157 255 256 
158 256 257 
159 257 258 
160 258 19 
1 114 1 4
161 19 259 
162 259 260 
163 260 261 
164 261 20 
1 115 1 7
165 20 262 
166 262 263 
167 263 264 
168 264 265 
169 265 266 
170 266 267 
171 267 21 
1 116 1 8
172 21 268 
173 268 269 
174 269 270 
175 270 271 
176 271 272 
177 272 273 
178 273 274 
179 274 22 
1 117 1 35
180 22 275 
181 275 276 
182 276 277 
183 277 278 
184 278 279 
185 279 280 
186 280 281 
187 281 282 
188 282 283 
189 283 284 
190 284 285 
191 285 286 
192 286 287 
193 287 288 
194 288 289 
195 289 290 
196 290 291 
197 291 292 
198 292 293 
199 293 294 
200 294 295 
201 295 296 
202 296 297 
203 297 298 
204 298 299 
205 299 300 
206 300 301 
207 301 302 
208 302 303 
209 303 304 
210 304 305 
211 305 306 
212 306 307 
213 307 308 
214 308 23 
1 118 1 8
215 23 309 
216 309 310 
217 310 311 
218 311 312 
219 312 313 
220 313 314 
221 314 315 
222 315 24 
1 119 1 7
223 24 316 
224 316 317 
225 317 318 
226 318 319 
227 319 320 
228 320 321 
229 321 25 
1 120 1 4
230 25 322 
231 322 323 
232 323 324 
233 324 26 
1 121 1 8
234 26 325 
235 325 326 
236 326 327 
237 327 328 
238 328 329 
239 329 330 
240 330 331 
241 331 27 
1 122 1 9
242 27 332 
243 332 333 
244 333 334 
245 334 335 
246 335 336 
247 336 337 
248 337 338 
249 338 339 
250 339 28 
1 123 1 36
251 28 340 
252 340 341 
253 341 342 
254 342 343 
255 343 344 
256 344 345 
257 345 346 
258 346 347 
259 347 348 
260 348 349 
261 349 350 
262 350 351 
263 351 352 
264 352 353 
265 353 354 
266 354 355 
267 355 356 
268 356 357 
269 357 358 
270 358 359 
271 359 360 
272 360 361 
273 361 362 
274 362 363 
275 363 364 
276 364 365 
277 365 366 
278 366 367 
279 367 368 
280 368 369 
281 369 370 
282 370 371 
283 371 372 
284 372 373 
285 373 374 
286 374 5 
2 1 2 3124
287 905 421 906 
288 901 1177 1507 
289 904 1174 1508 
290 1237 510 1473 
291 487 1074 1075 
292 579 580 1550 
293 384 1060 1062 
294 1285 1364 1661 
295 465 1092 1576 
296 495 1200 1359 
297 208 558 1618 
298 339 543 1619 
299 573 113 1620 
300 623 1122 1123 
301 453 1258 1382 
302 880 450 1465 
303 450 880 1458 
304 1431 445 1504 
305 423 1220 1227 
306 424 1222 1226 
307 886 393 1082 
308 1058 1431 1504 
309 635 1111 1113 
310 478 684 1099 
311 1285 1284 1364 
312 334 513 530 
313 203 514 545 
314 512 118 560 
315 487 1075 1076 
316 1200 495 1358 
317 507 1223 1475 
318 508 1221 1476 
319 1060 384 1081 
320 1225 509 1477 
321 1220 1221 1227 
322 1222 1223 1226 
323 483 228 1229 
324 932 390 934 
325 1122 623 1614 
326 565 931 1251 
327 926 535 927 
328 928 550 929 
329 498 1071 1417 
330 1242 1434 1480 
331 393 886 1468 
332 1185 381 1559 
333 1465 466 1603 
334 917 448 1537 
335 1102 377 1103 
336 278 279 1103 
337 390 932 1136 
338 684 478 1098 
339 1223 507 1567 
340 1221 508 1566 
341 509 1225 1538 
342 564 1100 1191 
343 619 622 1253 
344 515 249 523 
345 1525 116 1586 
346 336 1523 1587 
347 205 1524 1588 
348 1236 1237 1473 
349 580 579 1568 
350 1167 925 1509 
351 522 1184 1429 
352 1147 1522 1634 
353 1067 670 1068 
354 652 650 1099 
355 1270 1185 1559 
356 1101 377 1102 
357 1255 1341 1499 
358 933 1135 1136 
359 654 1210 1700 
360 208 16 938 
361 339 28 939 
362 5 113 940 
363 553 554 1387 
364 538 539 1388 
365 569 568 1386 
366 771 1322 1471 
367 384 1062 1219 
368 607 608 1238 
369 387 1058 1504 
370 1522 745 1634 
371 558 208 938 
372 543 339 939 
373 113 573 940 
374 1058 387 1519 
375 934 390 935 
376 1118 864 1536 
377 884 1069 1070 
378 1258 890 1382 
379 382 1072 1074 
380 473 222 1165 
381 168 169 1360 
382 1092 1275 1576 
383 654 686 1210 
384 1107 465 1576 
385 1197 1200 1358 
386 1116 763 1182 
387 864 1118 1470 
388 880 1465 1603 
389 565 1251 1629 
390 450 890 1258 
391 635 1113 1551 
392 1457 1438 1573 
393 678 575 1534 
394 524 523 526 
395 885 502 1372 
396 421 905 1193 
397 1231 976 1494 
398 1364 496 1661 
399 531 535 926 
400 546 550 928 
401 1357 498 1417 
402 1369 643 1486 
403 1230 976 1231 
404 1441 893 1571 
405 1328 476 1345 
406 502 885 1532 
407 1221 929 1227 
408 1223 927 1226 
409 386 1521 1739 
410 530 531 926 
411 545 546 928 
412 222 223 1165 
413 890 450 1458 
414 527 526 528 
415 1515 875 1648 
416 391 1197 1358 
417 883 912 1726 
418 554 1160 1387 
419 539 1158 1388 
420 1156 569 1386 
421 1345 476 1594 
422 1446 460 1447 
423 1449 461 1450 
424 1212 1466 1497 
425 684 652 1099 
426 377 278 1103 
427 334 335 513 
428 203 204 514 
429 117 118 512 
430 61 1282 1515 
431 893 1092 1571 
432 416 1084 1085 
433 931 1225 1251 
434 470 897 1530 
435 469 898 1531 
436 566 1525 1586 
437 1523 536 1587 
438 1524 551 1588 
439 1184 522 1488 
440 228 229 1229 
441 1445 460 1446 
442 1448 461 1449 
443 550 548 682 
444 535 533 681 
445 563 565 683 
446 875 874 1648 
447 1248 379 1432 
448 494 276 1105 
449 503 568 569 
450 553 506 554 
451 538 505 539 
452 564 563 1100 
453 571 1168 1503 
454 448 917 1511 
455 932 933 1136 
456 622 1104 1253 
457 503 115 568 
458 206 506 553 
459 337 505 538 
460 1336 1007 1492 
461 531 533 535 
462 546 548 550 
463 563 561 565 
464 1143 1244 1295 
465 1100 563 1723 
466 1069 884 1608 
467 1254 1255 1499 
468 1151 1040 1187 
469 524 526 527 
470 1264 488 1390 
471 545 514 546 
472 530 513 531 
473 512 560 561 
474 643 1183 1486 
475 1230 1218 1426 
476 1434 392 1480 
477 629 657 1152 
478 1370 889 1491 
479 515 523 524 
480 1048 1050 1535 
481 276 277 1105 
482 1514 1013 1685 
483 1261 375 1581 
484 1178 556 1505 
485 1175 541 1506 
486 887 793 1090 
487 653 1120 1589 
488 379 1248 1662 
489 1270 1342 1343 
490 248 249 515 
491 1330 1514 1685 
492 375 1261 1683 
493 1561 1289 1661 
494 1521 1308 1547 
495 1254 406 1591 
496 386 1135 1521 
497 198 199 1447 
498 329 330 1450 
499 1101 624 1106 
500 413 1095 1631 
501 414 1094 1630 
502 1225 931 1538 
503 517 1449 1450 
504 518 1446 1447 
505 1284 420 1364 
506 247 248 1161 
507 336 538 1523 
508 205 553 1524 
509 568 116 1525 
510 1563 1231 1564 
511 944 942 1494 
512 1253 1252 1599 
513 1030 1107 1576 
514 1252 394 1599 
515 642 619 1253 
516 496 1561 1661 
517 1565 481 1610 
518 569 1156 1168 
519 10 144 1722 
520 571 569 1168 
521 913 413 1631 
522 914 414 1630 
523 911 412 1202 
524 561 560 930 
525 628 1238 1500 
526 1306 1565 1610 
527 564 1191 1688 
528 575 1533 1534 
529 1027 1081 1464 
530 1160 554 1178 
531 1158 539 1175 
532 1105 1101 1106 
533 177 11 1734 
534 115 116 568 
535 205 206 553 
536 336 337 538 
537 1068 670 1439 
538 906 421 1676 
539 539 541 1175 
540 554 556 1178 
541 1104 622 1460 
542 1322 486 1471 
543 1449 517 1635 
544 1446 518 1636 
545 1552 797 1595 
546 413 913 1204 
547 414 914 1203 
548 146 378 1088 
549 448 1181 1537 
550 1088 378 1748 
551 1219 1064 1467 
552 657 1113 1719 
553 639 644 1112 
554 929 1221 1566 
555 927 1223 1567 
556 245 246 1666 
557 1197 391 1198 
558 382 1074 1553 
559 1466 1263 1497 
560 549 552 1189 
561 534 537 1190 
562 1126 1124 1188 
563 383 1133 1217 
564 180 181 1094 
565 311 312 1095 
566 577 579 1550 
567 511 1078 1184 
568 419 168 1360 
569 1238 608 1715 
570 886 1077 1468 
571 1521 1131 1739 
572 1190 470 1530 
573 1189 469 1531 
574 552 1159 1189 
575 537 1157 1190 
576 483 1229 1502 
577 40 385 1122 
578 49 463 1120 
579 658 583 937 
580 1237 1644 1699 
581 1078 511 1180 
582 915 1564 1652 
583 1282 875 1515 
584 1270 1343 1578 
585 1540 822 1574 
586 204 205 1588 
587 335 336 1587 
588 116 117 1586 
589 870 1254 1591 
590 1478 1295 1609 
591 992 1359 1396 
592 479 1370 1491 
593 628 607 1238 
594 169 495 1360 
595 1359 1200 1396 
596 1429 1184 1593 
597 935 443 936 
598 412 911 1428 
599 1062 1064 1219 
600 376 175 1097 
601 575 576 1666 
602 976 1230 1426 
603 1558 238 1662 
604 930 560 1186 
605 1007 1336 1675 
606 411 680 1577 
607 1113 1195 1719 
608 653 654 1700 
609 1264 1390 1693 
610 1129 1126 1188 
611 527 528 1078 
612 1122 385 1123 
613 1481 1199 1549 
614 910 474 1650 
615 1468 1077 1585 
616 1135 933 1521 
617 565 930 931 
618 474 910 1597 
619 530 926 1449 
620 545 928 1446 
621 1198 391 1384 
622 1249 1558 1662 
623 1313 1213 1583 
624 763 1116 1582 
625 501 1520 1584 
626 1146 1145 1147 
627 1231 1563 1632 
628 22 275 918 
629 1139 1216 1682 
630 511 1184 1488 
631 1103 279 1743 
632 1010 1310 1311 
633 658 937 1678 
634 1213 1313 1717 
635 771 910 1322 
636 1099 650 1437 
637 1080 628 1500 
638 1216 871 1682 
639 942 1066 1494 
640 576 575 678 
641 912 883 1512 
642 1437 500 1495 
643 546 547 548 
644 531 532 533 
645 562 561 563 
646 988 1060 1081 
647 1027 988 1081 
648 377 1101 1105 
649 144 493 1069 
650 1120 653 1700 
651 1131 1521 1547 
652 1070 1718 1735 
653 1244 1050 1295 
654 882 1116 1694 
655 936 1552 1595 
656 1464 1081 1701 
657 277 377 1105 
658 1079 387 1467 
659 1090 793 1552 
660 1127 827 1624 
661 943 945 1153 
662 1438 1033 1573 
663 827 1127 1612 
664 907 525 1196 
665 920 921 1534 
666 1050 1244 1535 
667 670 1067 1645 
668 308 23 1091 
669 1648 1377 1728 
670 1074 487 1553 
671 1064 1079 1467 
672 1261 1242 1480 
673 443 76 1469 
674 1089 375 1205 
675 1186 516 1702 
676 523 249 1644 
677 1110 1111 1112 
678 491 177 941 
679 874 1377 1648 
680 901 1160 1177 
681 904 1158 1174 
682 378 1653 1748 
683 1144 1145 1146 
684 1102 1104 1460 
685 1099 1437 1495 
686 1093 770 1192 
687 38 1080 1500 
688 1644 529 1699 
689 145 146 1088 
690 376 1097 1153 
691 203 545 1636 
692 334 530 1635 
693 560 118 1637 
694 665 1478 1609 
695 1097 943 1153 
696 1215 462 1484 
697 1313 830 1314 
698 1564 1066 1652 
699 1430 1217 1543 
700 1070 1087 1718 
701 1173 1174 1443 
702 1176 1177 1444 
703 770 1093 1570 
704 1143 1142 1244 
705 732 754 1192 
706 1098 502 1532 
707 206 207 506 
708 337 338 505 
709 114 115 503 
710 460 198 1447 
711 461 329 1450 
712 1152 657 1719 
713 1040 1151 1731 
714 526 523 1237 
715 246 247 1660 
716 250 251 529 
717 1163 1540 1574 
718 1113 451 1195 
719 1248 1249 1662 
720 898 190 1545 
721 897 321 1544 
722 929 550 1227 
723 927 535 1226 
724 202 203 1636 
725 333 334 1635 
726 118 119 1637 
727 1139 446 1216 
728 550 682 1696 
729 535 681 1695 
730 420 1284 1401 
731 175 176 1097 
732 1510 860 1537 
733 1513 297 1528 
734 332 333 517 
735 201 202 518 
736 119 120 516 
737 1148 1256 1592 
738 1592 659 1657 
739 447 1110 1112 
740 448 1114 1181 
741 409 1115 1116 
742 249 250 1644 
743 1111 635 1541 
744 884 1070 1735 
745 1112 644 1590 
746 1144 388 1145 
747 754 1093 1192 
748 93 465 1107 
749 463 48 1108 
750 451 44 1195 
751 95 449 1109 
752 447 46 1110 
753 448 88 1114 
754 410 98 1117 
755 85 408 1118 
756 409 56 1115 
757 865 1163 1623 
758 383 59 1133 
759 1124 83 1188 
760 867 1217 1430 
761 1135 80 1136 
762 1075 1218 1230 
763 416 1085 1690 
764 107 445 1140 
765 33 441 1142 
766 63 388 1144 
767 31 457 1137 
768 65 446 1139 
769 73 458 1138 
770 263 467 674 
771 404 1086 1674 
772 378 1077 1653 
773 1215 1484 1538 
774 409 1116 1182 
775 769 877 888 
776 1077 378 1585 
777 1082 393 1083 
778 1069 493 1070 
779 502 1098 1633 
780 911 1202 1611 
781 534 1190 1530 
782 549 1189 1531 
783 1118 408 1470 
784 1343 1367 1578 
785 565 561 930 
786 494 1105 1106 
787 1289 392 1434 
788 1164 485 1347 
789 841 839 1214 
790 1033 1031 1275 
791 1078 528 1184 
792 567 1386 1525 
793 1388 537 1523 
794 1387 552 1524 
795 1156 925 1167 
796 1520 1292 1584 
797 845 1211 1212 
798 1084 416 1462 
799 1092 465 1571 
800 1137 1053 1535 
801 1090 443 1469 
802 1256 661 1592 
803 530 1449 1635 
804 545 1446 1636 
805 844 883 884 
806 1055 1340 1487 
807 1299 1457 1573 
808 1154 1153 1493 
809 463 1108 1233 
810 1002 1331 1685 
811 1154 1481 1549 
812 921 678 1534 
813 473 1165 1514 
814 16 429 938 
815 28 430 939 
816 427 5 940 
817 1116 882 1582 
818 1250 1248 1432 
819 583 581 937 
820 1142 441 1244 
821 1194 866 1516 
822 495 1359 1360 
823 443 935 1730 
824 876 1181 1738 
825 651 653 1589 
826 674 675 677 
827 492 1091 1570 
828 1054 1323 1442 
829 683 565 1629 
830 1321 472 1498 
831 1094 181 1421 
832 1095 312 1422 
833 41 40 1122 
834 489 242 1206 
835 2 49 1120 
836 830 1313 1583 
837 1106 624 1453 
838 389 1592 1657 
839 387 1079 1519 
840 1367 1343 1674 
841 580 244 1550 
842 492 308 1091 
843 152 153 1271 
844 1163 1083 1623 
845 1380 864 1470 
846 1086 404 1555 
847 1102 1103 1104 
848 1181 1114 1738 
849 176 177 491 
850 307 308 492 
851 144 145 493 
852 275 276 494 
853 769 770 877 
854 1112 1111 1541 
855 1138 458 1600 
856 71 1194 1516 
857 581 580 1568 
858 781 778 1326 
859 23 434 1091 
860 1109 449 1456 
861 1076 1075 1230 
862 930 1186 1215 
863 778 777 1326 
864 1116 1115 1694 
865 1223 519 1475 
866 1221 520 1476 
867 363 364 1235 
868 472 1150 1498 
869 898 1545 1745 
870 897 1544 1746 
871 869 1138 1600 
872 567 1155 1386 
873 1157 537 1388 
874 1159 552 1387 
875 521 1225 1477 
876 1148 444 1256 
877 845 1212 1497 
878 1233 1108 1590 
879 176 491 1097 
880 511 261 1180 
881 1147 737 1522 
882 1113 657 1551 
883 491 941 942 
884 1481 1154 1493 
885 1341 1255 1654 
886 489 1206 1207 
887 1257 1109 1456 
888 493 145 1088 
889 510 1237 1699 
890 733 732 1192 
891 629 1152 1479 
892 737 1147 1728 
893 248 515 1161 
894 887 1090 1697 
895 1436 812 1461 
896 525 907 909 
897 845 841 1214 
898 585 583 658 
899 1349 1282 1640 
900 836 1193 1279 
901 242 243 1206 
902 1091 434 1604 
903 1193 905 1279 
904 1247 1250 1416 
905 17 244 580 
906 1310 1010 1602 
907 1072 382 1602 
908 374 5 427 
909 243 17 428 
910 16 209 429 
911 28 340 430 
912 1138 869 1562 
913 1146 1147 1634 
914 1234 916 1605 
915 1331 1330 1685 
916 875 1282 1349 
917 842 843 844 
918 668 669 1383 
919 453 1382 1694 
920 1453 585 1496 
921 452 1118 1536 
922 928 929 1445 
923 926 927 1448 
924 383 1217 1640 
925 1033 1275 1573 
926 1250 606 1416 
927 364 418 1235 
928 504 245 1666 
929 1121 41 1122 
930 403 1336 1492 
931 1132 409 1182 
932 1119 2 1120 
933 516 1186 1637 
934 1340 1055 1691 
935 1071 498 1673 
936 768 752 769 
937 934 935 1595 
938 417 1605 1645 
939 428 17 580 
940 1123 1238 1715 
941 392 1289 1561 
942 574 912 1512 
943 976 944 1494 
944 769 752 770 
945 1181 1510 1537 
946 1080 38 1720 
947 1298 1513 1528 
948 1214 839 1436 
949 1130 1352 1375 
950 931 930 1215 
951 1359 992 1463 
952 410 1117 1556 
953 1622 497 1623 
954 844 884 1735 
955 426 1236 1473 
956 1053 1048 1535 
957 1134 1132 1182 
958 1381 1273 1451 
959 1217 1134 1543 
960 25 322 424 
961 13 191 423 
962 130 8 425 
963 497 152 1271 
964 153 421 1271 
965 261 20 1180 
966 936 443 1090 
967 884 883 1726 
968 639 1112 1541 
969 375 306 1205 
970 1127 1128 1612 
971 1360 1359 1463 
972 1380 1470 1624 
973 189 190 898 
974 320 321 897 
975 1120 463 1589 
976 1123 385 1238 
977 1183 422 1486 
978 528 526 1236 
979 490 1262 1263 
980 603 1245 1247 
981 1149 456 1454 
982 102 384 1219 
983 603 1247 1416 
984 481 1292 1520 
985 53 450 1258 
986 42 41 1121 
987 453 54 1258 
988 57 409 1132 
989 82 386 1188 
990 679 678 1709 
991 44 43 1195 
992 1214 1436 1461 
993 50 2 1119 
994 94 93 1107 
995 48 47 1108 
996 96 95 1109 
997 46 45 1110 
998 88 87 1114 
999 98 97 1117 
1000 86 85 1118 
1001 56 55 1115 
1002 59 58 1133 
1003 84 83 1124 
1004 81 80 1135 
1005 79 390 1136 
1006 61 60 1282 
1007 108 107 1140 
1008 34 33 1142 
1009 389 36 1148 
1010 64 63 1144 
1011 32 31 1137 
1012 66 65 1139 
1013 35 444 1148 
1014 74 73 1138 
1015 71 3 1194 
1016 67 439 1141 
1017 455 68 1141 
1018 457 30 1187 
1019 111 456 1149 
1020 69 455 1150 
1021 471 112 1149 
1022 472 70 1150 
1023 1 471 1151 
1024 29 1151 1187 
1025 207 208 1618 
1026 338 339 1619 
1027 113 114 1620 
1028 478 1099 1495 
1029 1234 1605 1740 
1030 964 1218 1418 
1031 375 1089 1581 
1032 1227 550 1696 
1033 1226 535 1695 
1034 935 936 1595 
1035 1323 1054 1667 
1036 307 492 1205 
1037 1411 440 1601 
1038 840 841 842 
1039 109 440 1411 
1040 456 110 1411 
1041 671 1245 1407 
1042 192 520 1220 
1043 323 519 1222 
1044 521 129 1224 
1045 1211 845 1214 
1046 672 668 1383 
1047 515 525 1161 
1048 1076 1230 1231 
1049 1059 1684 1741 
1050 732 753 754 
1051 669 1234 1383 
1052 1233 1590 1665 
1053 1405 1274 1413 
1054 1228 475 1307 
1055 940 574 1512 
1056 262 263 674 
1057 1292 481 1565 
1058 751 733 752 
1059 1245 603 1407 
1060 1237 523 1644 
1061 490 373 1262 
1062 341 488 1264 
1063 1082 1083 1163 
1064 1096 412 1428 
1065 421 1193 1271 
1066 829 837 838 
1067 531 513 532 
1068 546 514 547 
1069 512 561 562 
1070 844 853 883 
1071 487 1076 1526 
1072 515 524 525 
1073 582 581 583 
1074 91 464 1441 
1075 562 563 564 
1076 548 547 549 
1077 533 532 534 
1078 753 1243 1400 
1079 1187 1040 1501 
1080 1570 1093 1749 
1081 1288 1241 1290 
1082 627 1381 1451 
1083 1218 1073 1418 
1084 838 839 840 
1085 245 504 1550 
1086 754 1089 1093 
1087 936 1090 1552 
1088 1605 916 1645 
1089 1106 1453 1496 
1090 1117 1392 1556 
1091 752 733 1192 
1092 962 1405 1413 
1093 1077 835 1232 
1094 1239 705 1290 
1095 1238 385 1500 
1096 489 1207 1208 
1097 753 721 1243 
1098 585 658 1496 
1099 1104 1103 1252 
1100 485 1164 1615 
1101 460 1445 1482 
1102 461 1448 1483 
1103 525 524 1707 
1104 99 410 1464 
1105 103 1219 1467 
1106 1266 1063 1435 
1107 144 1069 1722 
1108 571 1503 1727 
1109 51 466 1465 
1110 722 732 733 
1111 450 52 1465 
1112 722 721 732 
1113 1053 1137 1641 
1114 732 721 753 
1115 387 104 1467 
1116 1282 383 1640 
1117 1212 1213 1466 
1118 1612 1128 1747 
1119 1153 945 1493 
1120 76 75 1469 
1121 624 589 1453 
1122 1201 431 1569 
1123 1241 1239 1290 
1124 1545 682 1745 
1125 1544 681 1746 
1126 1383 405 1452 
1127 25 424 1544 
1128 13 423 1545 
1129 425 8 1546 
1130 838 837 839 
1131 1252 1103 1743 
1132 1234 405 1383 
1133 173 174 1259 
1134 1278 600 1389 
1135 1277 1276 1410 
1136 422 1183 1596 
1137 721 711 1243 
1138 837 818 1265 
1139 846 847 1211 
1140 963 1266 1435 
1141 595 1277 1410 
1142 1288 1289 1434 
1143 1343 404 1674 
1144 711 709 1243 
1145 1167 1166 1169 
1146 838 881 1232 
1147 1202 432 1611 
1148 1163 865 1540 
1149 829 838 1232 
1150 1081 384 1701 
1151 1278 671 1407 
1152 842 841 843 
1153 376 1153 1154 
1154 1140 445 1741 
1155 838 840 881 
1156 677 675 1196 
1157 706 705 707 
1158 1218 964 1426 
1159 708 707 709 
1160 829 818 837 
1161 476 1179 1594 
1162 1167 1169 1503 
1163 1075 1073 1218 
1164 447 1112 1590 
1165 846 826 847 
1166 391 172 1384 
1167 241 489 1403 
1168 709 707 723 
1169 39 38 1500 
1170 1241 1288 1434 
1171 621 1272 1273 
1172 967 1267 1274 
1173 967 981 1267 
1174 173 1259 1384 
1175 707 705 1239 
1176 815 826 846 
1177 1211 847 1212 
1178 731 719 1406 
1179 611 625 1272 
1180 935 390 1730 
1181 663 1278 1389 
1182 751 752 768 
1183 1243 723 1400 
1184 1257 1456 1733 
1185 622 621 1381 
1186 1260 764 1400 
1187 1272 625 1273 
1188 994 1198 1199 
1189 954 961 1274 
1190 1684 1140 1741 
1191 1269 731 1406 
1192 812 808 1268 
1193 709 723 1243 
1194 1280 1415 1418 
1195 326 327 507 
1196 195 196 508 
1197 125 126 509 
1198 818 813 1265 
1199 656 1389 1399 
1200 705 703 1290 
1201 1247 1248 1250 
1202 994 1199 1267 
1203 489 1208 1403 
1204 810 812 1265 
1205 1293 479 1491 
1206 813 810 1265 
1207 105 387 1504 
1208 445 106 1504 
1209 613 611 1272 
1210 710 713 1404 
1211 463 1233 1744 
1212 1389 600 1399 
1213 961 967 1274 
1214 174 376 1259 
1215 1224 425 1251 
1216 1104 1252 1253 
1217 738 1287 1288 
1218 1181 876 1510 
1219 1300 1466 1717 
1220 958 956 1280 
1221 840 839 841 
1222 605 601 1276 
1223 625 609 1276 
1224 625 1276 1277 
1225 981 994 1267 
1226 1274 1267 1413 
1227 1352 1130 1547 
1228 1245 1246 1247 
1229 808 806 1268 
1230 584 583 585 
1231 666 671 1278 
1232 622 1381 1460 
1233 275 494 1663 
1234 1074 1073 1075 
1235 754 764 1089 
1236 621 1273 1381 
1237 619 617 621 
1238 621 617 1272 
1239 609 605 1276 
1240 1065 1063 1266 
1241 1415 964 1418 
1242 824 818 829 
1243 143 432 1202 
1244 274 431 1201 
1245 464 90 1511 
1246 611 609 625 
1247 1009 980 1280 
1248 663 666 1278 
1249 89 448 1511 
1250 706 707 708 
1251 617 613 1272 
1252 1072 1009 1073 
1253 815 846 1268 
1254 1273 625 1277 
1255 172 173 1384 
1256 965 960 1391 
1257 529 251 1710 
1258 738 1288 1290 
1259 832 836 1279 
1260 703 738 1290 
1261 1083 1622 1623 
1262 671 672 1245 
1263 323 324 519 
1264 192 193 520 
1265 128 129 521 
1266 980 958 1280 
1267 738 1286 1287 
1268 1008 980 1009 
1269 739 1285 1286 
1270 407 1121 1152 
1271 863 889 1281 
1272 691 1296 1297 
1273 710 709 711 
1274 619 621 622 
1275 1288 1287 1289 
1276 1052 1068 1294 
1277 217 218 1335 
1278 695 755 1283 
1279 103 102 1219 
1280 217 1335 1336 
1281 712 715 1309 
1282 444 1143 1256 
1283 699 739 1286 
1284 1286 1285 1287 
1285 834 832 1279 
1286 1291 1032 1292 
1287 666 668 671 
1288 835 829 1232 
1289 986 991 1365 
1290 415 1333 1334 
1291 858 906 1293 
1292 1240 1242 1260 
1293 638 643 1303 
1294 892 895 1299 
1295 689 885 1296 
1296 215 403 1311 
1297 488 342 1301 
1298 1073 1009 1418 
1299 454 1109 1257 
1300 824 829 835 
1301 723 1240 1400 
1302 633 646 1302 
1303 1029 1032 1291 
1304 382 213 1310 
1305 407 42 1121 
1306 714 712 1309 
1307 403 216 1336 
1308 816 824 1304 
1309 380 371 1300 
1310 1049 1052 1294 
1311 1024 1023 1305 
1312 1110 451 1111 
1313 466 1119 1210 
1314 1024 1305 1306 
1315 1111 451 1113 
1316 600 1278 1407 
1317 825 1308 1355 
1318 634 633 1302 
1319 1312 380 1313 
1320 1052 1067 1068 
1321 734 733 751 
1322 685 684 1098 
1323 824 848 1304 
1324 213 214 1310 
1325 755 1297 1298 
1326 715 711 721 
1327 858 905 906 
1328 971 972 1397 
1329 873 863 1281 
1330 406 368 1315 
1331 895 873 1281 
1332 739 1283 1284 
1333 615 613 617 
1334 1308 852 1355 
1335 640 638 1303 
1336 1310 214 1311 
1337 894 892 1299 
1338 689 687 885 
1339 660 662 663 
1340 654 652 684 
1341 859 858 1293 
1342 1048 1047 1049 
1343 691 689 1296 
1344 415 1332 1333 
1345 892 873 895 
1346 647 640 1303 
1347 858 856 905 
1348 693 691 1297 
1349 1023 1026 1305 
1350 1029 1031 1032 
1351 857 856 858 
1352 863 861 889 
1353 1071 641 1395 
1354 695 693 755 
1355 1026 1291 1305 
1356 836 831 865 
1357 816 818 824 
1358 699 697 739 
1359 216 217 1336 
1360 466 50 1119 
1361 755 693 1297 
1362 394 1357 1599 
1363 832 831 836 
1364 43 407 1195 
1365 697 695 1283 
1366 981 993 994 
1367 444 1142 1143 
1368 449 94 1107 
1369 1026 1029 1291 
1370 47 447 1108 
1371 408 1124 1125 
1372 372 490 1300 
1373 633 631 641 
1374 1133 1132 1134 
1375 1125 1126 1127 
1376 703 701 738 
1377 739 697 1283 
1378 241 242 489 
1379 372 373 490 
1380 210 211 487 
1381 341 342 488 
1382 643 637 1183 
1383 454 96 1109 
1384 370 380 1312 
1385 816 813 818 
1386 45 451 1110 
1387 1050 1049 1294 
1388 87 452 1114 
1389 645 640 647 
1390 814 813 816 
1391 97 454 1117 
1392 343 381 1301 
1393 739 1284 1285 
1394 701 699 1286 
1395 855 834 856 
1396 654 684 685 
1397 660 663 1389 
1398 811 810 813 
1399 415 219 1332 
1400 633 641 646 
1401 637 634 1302 
1402 803 802 804 
1403 822 817 1304 
1404 452 86 1118 
1405 55 453 1115 
1406 809 808 810 
1407 738 701 1286 
1408 886 835 1077 
1409 638 637 643 
1410 817 816 1304 
1411 828 823 831 
1412 51 50 466 
1413 93 92 465 
1414 49 48 463 
1415 91 90 464 
1416 807 806 808 
1417 1049 1051 1052 
1418 801 800 802 
1419 415 1334 1335 
1420 368 369 1315 
1421 1048 1049 1050 
1422 804 805 806 
1423 820 817 822 
1424 646 641 1071 
1425 218 415 1335 
1426 53 52 450 
1427 95 94 449 
1428 47 46 447 
1429 89 88 448 
1430 54 53 1258 
1431 1022 1024 1057 
1432 857 858 859 
1433 1045 1228 1307 
1434 58 1132 1133 
1435 1032 1031 1033 
1436 55 54 453 
1437 97 96 454 
1438 45 44 451 
1439 87 86 452 
1440 1125 1124 1126 
1441 856 834 1279 
1442 992 986 1365 
1443 408 84 1124 
1444 1062 1061 1063 
1445 1046 1045 1047 
1446 645 647 648 
1447 663 664 666 
1448 58 57 1132 
1449 804 806 807 
1450 212 213 382 
1451 343 344 381 
1452 239 240 379 
1453 370 371 380 
1454 342 343 1301 
1455 1046 1047 1048 
1456 801 802 803 
1457 1049 1047 1051 
1458 57 56 409 
1459 99 98 410 
1460 43 42 407 
1461 85 84 408 
1462 1127 1126 1128 
1463 855 856 857 
1464 1133 1134 1217 
1465 1050 1294 1295 
1466 814 816 817 
1467 1022 1023 1024 
1468 1183 637 1302 
1469 828 831 832 
1470 848 835 886 
1471 1329 473 1330 
1472 820 822 823 
1473 933 852 1308 
1474 60 59 383 
1475 102 101 384 
1476 40 39 385 
1477 82 81 386 
1478 219 220 1332 
1479 811 813 814 
1480 798 800 801 
1481 1329 1330 1331 
1482 214 215 1311 
1483 848 886 1082 
1484 807 808 809 
1485 1046 1053 1316 
1486 83 82 1188 
1487 804 802 805 
1488 1312 1313 1314 
1489 1342 404 1343 
1490 386 81 1135 
1491 371 372 1300 
1492 869 786 1317 
1493 809 810 811 
1494 1332 1331 1333 
1495 810 808 812 
1496 369 370 1312 
1497 798 799 800 
1498 60 383 1282 
1499 700 699 701 
1500 806 805 815 
1501 636 634 637 
1502 1325 484 1326 
1503 1247 1246 1248 
1504 728 740 767 
1505 702 701 703 
1506 765 760 1318 
1507 991 1022 1365 
1508 641 631 1368 
1509 1043 1046 1316 
1510 358 484 1325 
1511 221 473 1329 
1512 987 965 1391 
1513 346 404 1342 
1514 991 1021 1022 
1515 871 748 1319 
1516 361 476 1328 
1517 696 695 697 
1518 866 780 1320 
1519 475 231 1340 
1520 786 788 1317 
1521 694 693 695 
1522 1043 1045 1046 
1523 804 807 1355 
1524 698 697 699 
1525 1092 894 1275 
1526 692 691 693 
1527 800 799 849 
1528 1337 474 1338 
1529 776 779 1321 
1530 905 856 1279 
1531 345 346 1342 
1532 231 232 1340 
1533 220 221 1329 
1534 797 798 1366 
1535 416 350 1339 
1536 355 486 1322 
1537 851 803 852 
1538 805 802 1354 
1539 690 689 691 
1540 618 617 619 
1541 352 474 1337 
1542 1052 1055 1067 
1543 780 782 1320 
1544 760 762 1318 
1545 80 79 1136 
1546 1041 1043 1316 
1547 782 785 1320 
1548 779 780 866 
1549 849 870 1379 
1550 800 849 1354 
1551 1056 1012 1344 
1552 517 1450 1579 
1553 518 1447 1580 
1554 762 773 1318 
1555 748 750 1319 
1556 750 765 1319 
1557 791 793 887 
1558 688 687 689 
1559 1043 1044 1045 
1560 1046 1048 1053 
1561 686 685 687 
1562 785 786 869 
1563 797 796 798 
1564 774 776 1321 
1565 704 703 705 
1566 762 772 773 
1567 776 778 779 
1568 750 760 765 
1569 782 784 785 
1570 1012 1014 1344 
1571 485 225 1323 
1572 486 356 1324 
1573 1324 357 1325 
1574 484 359 1327 
1575 791 792 793 
1576 1327 360 1328 
1577 351 1337 1339 
1578 1038 1039 1040 
1579 746 748 871 
1580 788 790 791 
1581 418 365 1341 
1582 224 225 485 
1583 355 356 486 
1584 788 791 1317 
1585 357 358 1325 
1586 354 355 1322 
1587 227 228 483 
1588 358 359 484 
1589 773 772 774 
1590 351 352 1337 
1591 360 361 1328 
1592 221 222 473 
1593 352 353 474 
1594 230 231 475 
1595 361 362 476 
1596 369 1312 1315 
1597 1035 1037 1038 
1598 779 778 780 
1599 349 350 416 
1600 218 219 415 
1601 233 234 417 
1602 364 365 418 
1603 794 796 797 
1604 932 852 933 
1605 807 825 1355 
1606 767 740 867 
1607 785 784 786 
1608 346 347 404 
1609 215 216 403 
1610 236 237 405 
1611 367 368 406 
1612 225 226 1323 
1613 356 357 1324 
1614 359 360 1327 
1615 791 887 1317 
1616 1017 1018 1034 
1617 791 790 792 
1618 365 366 1341 
1619 736 743 745 
1620 350 351 1339 
1621 1128 1129 1130 
1622 793 792 794 
1623 653 652 654 
1624 220 1329 1332 
1625 893 892 894 
1626 36 35 1148 
1627 1040 1039 1041 
1628 1014 1017 1344 
1629 798 796 799 
1630 745 743 746 
1631 821 805 1354 
1632 1038 1037 1039 
1633 1014 1016 1017 
1634 762 771 772 
1635 1034 1018 1035 
1636 636 637 638 
1637 774 775 776 
1638 760 761 762 
1639 1047 1045 1307 
1640 780 781 782 
1641 750 759 760 
1642 776 777 778 
1643 782 783 784 
1644 786 787 788 
1645 748 749 750 
1646 671 668 672 
1647 788 789 790 
1648 746 747 748 
1649 891 873 892 
1650 1029 1030 1031 
1651 651 650 652 
1652 794 795 796 
1653 446 1146 1216 
1654 649 648 650 
1655 860 859 861 
1656 446 1144 1146 
1657 63 62 388 
1658 105 104 387 
1659 79 78 390 
1660 37 36 389 
1661 440 108 1140 
1662 725 727 737 
1663 872 863 873 
1664 774 772 775 
1665 444 34 1142 
1666 1329 1331 1332 
1667 1041 1042 1043 
1668 1017 1016 1018 
1669 33 32 441 
1670 75 74 442 
1671 67 66 439 
1672 109 108 440 
1673 780 778 781 
1674 801 803 851 
1675 65 64 446 
1676 107 106 445 
1677 35 34 444 
1678 77 76 443 
1679 786 784 787 
1680 68 67 1141 
1681 794 792 795 
1682 632 631 633 
1683 862 861 863 
1684 849 850 870 
1685 1045 1044 1228 
1686 31 30 457 
1687 73 72 458 
1688 69 68 455 
1689 111 110 456 
1690 441 32 1137 
1691 1035 1036 1037 
1692 746 743 747 
1693 1 112 471 
1694 3 70 472 
1695 446 64 1144 
1696 852 803 1355 
1697 30 29 1187 
1698 112 111 1149 
1699 762 761 771 
1700 70 69 1150 
1701 29 1 1151 
1702 851 852 932 
1703 833 832 834 
1704 790 789 868 
1705 782 781 783 
1706 439 66 1139 
1707 760 759 761 
1708 776 775 777 
1709 788 787 789 
1710 750 749 759 
1711 442 74 1138 
1712 748 747 749 
1713 736 742 743 
1714 700 701 702 
1715 632 633 634 
1716 3 472 1194 
1717 1041 1039 1042 
1718 827 823 828 
1719 784 783 1345 
1720 1085 744 1086 
1721 1022 1021 1023 
1722 1043 1042 1044 
1723 792 790 1346 
1724 1035 1018 1036 
1725 790 868 1346 
1726 868 1179 1235 
1727 1011 1012 1056 
1728 868 789 1179 
1729 1014 1015 1016 
1730 819 817 820 
1731 802 800 1354 
1732 787 784 1345 
1733 1037 1036 1054 
1734 727 735 736 
1735 1353 795 1356 
1736 771 761 910 
1737 809 811 1352 
1738 795 792 1346 
1739 749 747 758 
1740 854 834 855 
1741 743 742 1351 
1742 796 795 1353 
1743 698 699 700 
1744 1018 1016 1347 
1745 1128 1126 1129 
1746 1039 1037 1348 
1747 815 821 826 
1748 736 735 742 
1749 803 804 1355 
1750 735 726 1350 
1751 1037 1054 1348 
1752 747 743 1351 
1753 1254 850 1255 
1754 1084 744 1085 
1755 1164 1015 1165 
1756 1016 1015 1164 
1757 742 1084 1351 
1758 1042 1039 1348 
1759 702 703 704 
1760 1012 1013 1014 
1761 742 744 1084 
1762 742 735 744 
1763 1036 1018 1347 
1764 1014 1013 1015 
1765 704 705 706 
1766 849 799 850 
1767 1026 1028 1029 
1768 1228 1044 1229 
1769 1016 1164 1347 
1770 608 605 609 
1771 799 796 1353 
1772 1086 744 1350 
1773 644 640 645 
1774 741 874 875 
1775 725 726 727 
1776 870 850 1254 
1777 727 726 735 
1778 821 1354 1379 
1779 728 729 740 
1780 758 747 1351 
1781 696 697 698 
1782 694 695 696 
1783 1000 998 1004 
1784 807 809 825 
1785 1012 1003 1013 
1786 1130 1129 1131 
1787 725 737 1376 
1788 744 735 1350 
1789 639 638 640 
1790 1255 850 1353 
1791 1255 1353 1356 
1792 692 693 694 
1793 1011 1003 1012 
1794 795 1346 1356 
1795 851 932 934 
1796 933 1308 1521 
1797 815 805 821 
1798 1001 1003 1011 
1799 741 875 1349 
1800 724 719 731 
1801 798 801 1366 
1802 725 724 726 
1803 850 799 1353 
1804 867 740 1349 
1805 720 724 725 
1806 713 716 728 
1807 741 729 766 
1808 615 617 618 
1809 740 729 741 
1810 174 175 376 
1811 305 306 375 
1812 146 147 378 
1813 277 278 377 
1814 620 655 656 
1815 690 691 692 
1816 717 714 718 
1817 654 685 686 
1818 149 150 393 
1819 280 281 394 
1820 171 172 391 
1821 302 303 392 
1822 729 716 1361 
1823 830 821 1379 
1824 820 823 827 
1825 281 282 1357 
1826 170 171 1358 
1827 1022 1057 1365 
1828 814 817 819 
1829 741 766 874 
1830 728 716 729 
1831 717 719 720 
1832 151 152 497 
1833 282 283 498 
1834 169 170 495 
1835 300 301 496 
1836 688 689 690 
1837 166 167 1363 
1838 582 583 584 
1839 825 809 1352 
1840 766 1361 1376 
1841 283 284 1362 
1842 299 300 1364 
1843 1312 1314 1315 
1844 740 741 1349 
1845 1052 1051 1055 
1846 153 154 421 
1847 284 285 422 
1848 167 168 419 
1849 298 299 420 
1850 766 729 1361 
1851 630 616 631 
1852 857 859 860 
1853 686 687 688 
1854 1350 726 1367 
1855 717 718 719 
1856 828 832 833 
1857 826 821 830 
1858 720 719 724 
1859 999 1001 1385 
1860 874 766 1377 
1861 1051 1047 1307 
1862 286 287 1369 
1863 1023 1025 1026 
1864 1361 720 1376 
1865 645 648 649 
1866 1001 1002 1003 
1867 663 662 664 
1868 994 1197 1198 
1869 764 753 1400 
1870 716 717 1361 
1871 801 851 1366 
1872 766 1376 1377 
1873 893 894 1092 
1874 978 975 1393 
1875 717 720 1361 
1876 1060 987 1061 
1877 156 157 479 
1878 287 288 480 
1879 164 165 481 
1880 295 296 482 
1881 724 731 1367 
1882 1354 849 1379 
1883 288 289 1371 
1884 157 158 1370 
1885 294 295 1372 
1886 158 159 499 
1887 289 290 500 
1888 162 163 501 
1889 293 294 502 
1890 726 724 1367 
1891 833 834 854 
1892 720 725 1376 
1893 651 652 653 
1894 851 934 1366 
1895 704 706 730 
1896 159 160 1373 
1897 161 162 1374 
1898 160 161 477 
1899 291 292 478 
1900 891 892 893 
1901 972 977 1397 
1902 635 634 636 
1903 872 873 891 
1904 860 861 862 
1905 649 650 651 
1906 862 863 872 
1907 1376 737 1377 
1908 854 855 876 
1909 716 714 717 
1910 718 714 1309 
1911 1352 811 1375 
1912 877 1091 1604 
1913 811 814 1375 
1914 700 702 763 
1915 636 638 639 
1916 1001 1000 1002 
1917 1029 1028 1030 
1918 394 281 1357 
1919 171 391 1358 
1920 282 498 1357 
1921 495 170 1358 
1922 639 640 644 
1923 191 192 1220 
1924 322 323 1222 
1925 129 130 1224 
1926 1023 1021 1025 
1927 498 283 1362 
1928 300 496 1364 
1929 1245 672 1246 
1930 814 819 1375 
1931 827 828 1380 
1932 696 698 882 
1933 167 419 1363 
1934 656 659 660 
1935 828 833 1380 
1936 332 517 1706 
1937 201 518 1705 
1938 630 631 632 
1939 975 979 1393 
1940 833 854 864 
1941 284 422 1362 
1942 420 299 1364 
1943 991 1020 1021 
1944 632 634 635 
1945 977 996 1005 
1946 755 1298 1401 
1947 1059 999 1385 
1948 692 694 890 
1949 824 835 848 
1950 997 978 998 
1951 1026 1025 1028 
1952 713 714 716 
1953 702 704 1378 
1954 999 1000 1001 
1955 688 690 880 
1956 1284 1283 1401 
1957 287 480 1369 
1958 1064 1063 1065 
1959 1001 1011 1385 
1960 1008 1009 1072 
1961 862 872 917 
1962 479 157 1370 
1963 480 288 1371 
1964 295 482 1372 
1965 618 619 642 
1966 289 500 1371 
1967 158 499 1370 
1968 502 294 1372 
1969 833 864 1380 
1970 499 159 1373 
1971 162 501 1374 
1972 666 667 668 
1973 160 477 1373 
1974 477 161 1374 
1975 666 664 667 
1976 1269 1185 1270 
1977 996 978 997 
1978 704 730 1378 
1979 694 696 1382 
1980 614 613 615 
1981 615 618 1368 
1982 763 702 1378 
1983 997 999 1059 
1984 1260 1242 1261 
1985 616 615 1368 
1986 999 998 1000 
1987 631 616 1368 
1988 1004 998 1393 
1989 879 1185 1269 
1990 641 1368 1395 
1991 997 998 999 
1992 712 711 715 
1993 614 615 616 
1994 1368 618 1395 
1995 1005 996 1058 
1996 696 882 1382 
1997 986 990 991 
1998 984 986 992 
1999 618 642 1395 
2000 610 609 611 
2001 890 694 1382 
2002 660 661 662 
2003 1061 987 1391 
2004 991 990 1020 
2005 979 974 1006 
2006 669 667 670 
2007 994 993 1197 
2008 629 616 630 
2009 1060 1061 1062 
2010 664 662 665 
2011 977 978 996 
2012 879 878 1185 
2013 257 258 522 
2014 990 985 1019 
2015 669 916 1234 
2016 629 630 657 
2017 656 660 1389 
2018 719 718 1406 
2019 656 655 659 
2020 614 616 629 
2021 669 670 916 
2022 998 978 1393 
2023 979 1006 1007 
2024 62 61 1515 
2025 1056 1411 1601 
2026 668 667 669 
2027 1062 1063 1064 
2028 612 611 613 
2029 608 609 610 
2030 240 241 1403 
2031 599 597 601 
2032 660 659 661 
2033 458 72 1516 
2034 757 878 879 
2035 612 613 614 
2036 441 1137 1535 
2037 961 966 967 
2038 713 712 714 
2039 806 815 1268 
2040 981 982 993 
2041 986 985 990 
2042 982 968 983 
2043 620 656 1399 
2044 1242 1241 1434 
2045 1020 990 1392 
2046 990 1019 1392 
2047 981 968 982 
2048 754 753 764 
2049 1064 1065 1079 
2050 984 985 986 
2051 977 975 978 
2052 610 611 612 
2053 977 1005 1397 
2054 713 728 1404 
2055 1300 490 1466 
2056 1197 993 1200 
2057 967 968 981 
2058 972 975 977 
2059 1098 478 1633 
2060 610 612 623 
2061 1240 1260 1400 
2062 975 974 979 
2063 982 983 984 
2064 1273 1277 1451 
2065 959 970 971 
2066 607 605 608 
2067 604 601 605 
2068 1265 812 1436 
2069 973 988 995 
2070 1240 1241 1242 
2071 984 992 1396 
2072 674 467 675 
2073 984 983 985 
2074 969 958 980 
2075 1276 601 1410 
2076 1072 1073 1074 
2077 993 982 1396 
2078 1283 755 1401 
2079 982 984 1396 
2080 1006 974 1402 
2081 1357 1417 1599 
2082 715 721 722 
2083 620 628 655 
2084 967 966 968 
2085 972 970 974 
2086 708 710 1404 
2087 1406 718 1424 
2088 1200 993 1396 
2089 971 970 972 
2090 973 965 987 
2091 604 607 620 
2092 839 837 1436 
2093 655 628 1080 
2094 995 988 1027 
2095 954 1274 1405 
2096 988 987 1060 
2097 1248 1246 1249 
2098 972 974 975 
2099 723 707 1239 
2100 973 987 988 
2101 376 1154 1259 
2102 989 980 1008 
2103 968 966 1398 
2104 723 1239 1240 
2105 1182 763 1659 
2106 1212 847 1213 
2107 767 1430 1433 
2108 620 607 628 
2109 757 756 878 
2110 1071 1395 1417 
2111 599 601 604 
2112 1280 956 1415 
2113 604 605 607 
2114 597 594 1410 
2115 260 261 511 
2116 708 709 710 
2117 969 980 989 
2118 966 965 973 
2119 989 1008 1010 
2120 959 969 970 
2121 959 958 969 
2122 966 973 1398 
2123 1240 1239 1241 
2124 600 599 1399 
2125 983 968 1398 
2126 1309 715 1414 
2127 516 120 1712 
2128 598 599 600 
2129 973 995 1398 
2130 853 1263 1557 
2131 919 397 921 
2132 961 965 966 
2133 718 1309 1424 
2134 599 604 1399 
2135 957 958 959 
2136 1019 985 1408 
2137 594 595 1410 
2138 728 767 1404 
2139 942 941 1066 
2140 466 1210 1603 
2141 1211 1214 1461 
2142 598 597 599 
2143 770 752 1192 
2144 953 952 955 
2145 604 620 1399 
2146 949 950 951 
2147 951 952 953 
2148 955 957 963 
2149 941 177 1734 
2150 955 952 956 
2151 947 949 962 
2152 379 240 1403 
2153 983 1398 1408 
2154 1318 1554 1607 
2155 1440 971 1455 
2156 846 1211 1461 
2157 951 953 954 
2158 951 950 952 
2159 974 970 1402 
2160 961 960 965 
2161 594 592 595 
2162 957 956 958 
2163 879 1269 1406 
2164 1398 995 1408 
2165 947 948 949 
2166 710 712 713 
2167 970 969 1402 
2168 969 989 1402 
2169 954 960 961 
2170 1063 1061 1435 
2171 759 1338 1597 
2172 110 109 1411 
2173 596 594 597 
2174 1616 915 1652 
2175 596 598 603 
2176 1309 1414 1424 
2177 593 592 594 
2178 997 1059 1431 
2179 949 948 950 
2180 734 757 1414 
2181 879 1406 1424 
2182 985 983 1408 
2183 1267 1199 1413 
2184 602 626 627 
2185 710 711 712 
2186 596 597 598 
2187 715 722 1414 
2188 1058 996 1431 
2189 1091 877 1570 
2190 955 956 957 
2191 756 751 1390 
2192 1331 1002 1575 
2193 601 597 1410 
2194 954 953 960 
2195 1006 1402 1425 
2196 1391 1409 1435 
2197 1430 730 1433 
2198 593 594 596 
2199 1409 963 1435 
2200 673 578 680 
2201 751 768 1390 
2202 722 733 734 
2203 591 593 606 
2204 256 257 1429 
2205 598 600 1407 
2206 1019 1408 1423 
2207 1395 642 1417 
2208 1391 960 1409 
2209 950 948 964 
2210 734 756 757 
2211 373 374 1262 
2212 626 624 1101 
2213 247 1161 1162 
2214 340 341 1264 
2215 591 592 593 
2216 1009 1280 1418 
2217 1414 757 1424 
2218 757 879 1424 
2219 734 751 756 
2220 949 951 1405 
2221 1402 989 1425 
2222 257 522 1429 
2223 588 590 591 
2224 995 1027 1423 
2225 708 1404 1433 
2226 1408 995 1423 
2227 989 1010 1425 
2228 955 963 1409 
2229 953 955 1409 
2230 524 527 1649 
2231 947 946 948 
2232 603 598 1407 
2233 442 1138 1562 
2234 591 590 592 
2235 706 708 1433 
2236 602 624 626 
2237 844 843 853 
2238 592 590 1412 
2239 602 589 624 
2240 626 1101 1102 
2241 588 586 589 
2242 722 734 1414 
2243 952 950 1415 
2244 587 586 588 
2245 1266 963 1440 
2246 1165 223 1615 
2247 962 949 1405 
2248 767 867 1430 
2249 960 953 1409 
2250 837 1265 1436 
2251 1392 1117 1651 
2252 951 954 1405 
2253 595 592 1412 
2254 1179 476 1724 
2255 497 1271 1518 
2256 424 322 1222 
2257 423 191 1220 
2258 130 425 1224 
2259 956 952 1415 
2260 559 938 1563 
2261 1390 768 1693 
2262 1404 767 1433 
2263 379 1403 1432 
2264 1413 1199 1481 
2265 768 769 1209 
2266 996 997 1431 
2267 584 585 586 
2268 1323 226 1442 
2269 227 483 1442 
2270 881 1718 1748 
2271 670 667 1439 
2272 664 665 1439 
2273 593 596 1416 
2274 588 589 590 
2275 596 603 1416 
2276 945 946 947 
2277 606 593 1416 
2278 1137 457 1641 
2279 946 944 976 
2280 730 706 1433 
2281 950 964 1415 
2282 306 307 1205 
2283 1589 463 1744 
2284 959 971 1440 
2285 255 256 426 
2286 1121 1122 1614 
2287 590 589 602 
2288 812 1268 1461 
2289 244 245 1550 
2290 650 648 1437 
2291 1403 1208 1432 
2292 472 1321 1725 
2293 1017 1034 1454 
2294 590 602 1412 
2295 428 580 581 
2296 602 627 1412 
2297 587 588 1427 
2298 672 1383 1452 
2299 765 1607 1658 
2300 964 948 1426 
2301 1266 1440 1455 
2302 899 469 1189 
2303 902 470 1190 
2304 1443 1174 1506 
2305 1444 1177 1505 
2306 948 946 1426 
2307 465 92 1571 
2308 584 586 587 
2309 843 841 845 
2310 1220 520 1221 
2311 1222 519 1223 
2312 1246 672 1452 
2313 588 591 1427 
2314 1466 1213 1717 
2315 1061 1391 1435 
2316 963 957 1440 
2317 992 1365 1463 
2318 527 1078 1613 
2319 692 890 1458 
2320 880 690 1458 
2321 521 1224 1225 
2322 680 411 1704 
2323 1236 426 1593 
2324 1390 488 1529 
2325 939 430 1485 
2326 946 976 1426 
2327 758 1351 1462 
2328 591 606 1427 
2329 149 393 1468 
2330 1546 896 1723 
2331 772 771 1471 
2332 1363 419 1639 
2333 406 1254 1499 
2334 1010 1311 1646 
2335 1374 501 1438 
2336 1263 1262 1557 
2337 1004 1393 1472 
2338 1386 568 1525 
2339 538 1388 1523 
2340 553 1387 1524 
2341 426 256 1429 
2342 325 326 1475 
2343 194 195 1476 
2344 126 127 1477 
2345 1381 627 1460 
2346 1377 737 1728 
2347 979 1007 1472 
2348 303 304 1480 
2349 457 1187 1501 
2350 945 944 946 
2351 614 629 1479 
2352 866 1194 1725 
2353 1119 1120 1700 
2354 667 664 1439 
2355 1340 232 1487 
2356 627 626 1460 
2357 889 861 1491 
2358 259 260 1488 
2359 233 417 1487 
2360 623 612 1479 
2361 859 1293 1491 
2362 563 683 1723 
2363 422 285 1486 
2364 286 1369 1486 
2365 1342 1270 1559 
2366 1362 422 1596 
2367 1277 595 1451 
2368 957 959 1440 
2369 1338 759 1721 
2370 589 586 1453 
2371 143 10 432 
2372 274 22 431 
2373 11 178 433 
2374 23 309 434 
2375 945 947 1493 
2376 226 227 1442 
2377 4 91 1441 
2378 479 1293 1598 
2379 500 290 1495 
2380 291 478 1495 
2381 595 1412 1451 
2382 1130 1131 1547 
2383 623 1123 1715 
2384 1065 1266 1455 
2385 416 1339 1462 
2386 773 774 1498 
2387 1193 836 1518 
2388 1341 366 1499 
2389 367 406 1499 
2390 1143 1295 1478 
2391 1070 493 1087 
2392 1374 1438 1457 
2393 1229 1044 1502 
2394 1042 1348 1502 
2395 1210 686 1603 
2396 1184 528 1593 
2397 490 1263 1466 
2398 1439 665 1609 
2399 1006 1425 1492 
2400 1412 627 1451 
2401 1065 1455 1459 
2402 1235 418 1539 
2403 781 1326 1548 
2404 1249 1246 1452 
2405 1151 471 1731 
2406 1344 1017 1454 
2407 971 1397 1455 
2408 1077 1232 1653 
2409 931 1215 1538 
2410 4 1441 1571 
2411 1040 1041 1501 
2412 1454 1034 1681 
2413 1028 1025 1456 
2414 499 1373 1638 
2415 1452 405 1558 
2416 876 855 1510 
2417 857 860 1510 
2418 1639 419 1677 
2419 943 944 945 
2420 1198 1384 1549 
2421 1085 1086 1555 
2422 1384 1259 1549 
2423 918 275 1663 
2424 491 943 1097 
2425 1455 1397 1459 
2426 527 1613 1649 
2427 296 297 1513 
2428 769 888 1209 
2429 1079 1065 1459 
2430 390 78 1730 
2431 77 443 1730 
2432 587 1207 1736 
2433 1263 853 1497 
2434 1199 1198 1549 
2435 384 101 1701 
2436 363 1235 1724 
2437 586 585 1453 
2438 690 692 1458 
2439 477 1374 1457 
2440 1034 1035 1517 
2441 1401 1298 1528 
2442 210 487 1526 
2443 736 745 1522 
2444 737 727 1522 
2445 1397 1005 1459 
2446 164 481 1520 
2447 501 163 1520 
2448 508 196 1482 
2449 507 327 1483 
2450 125 509 1484 
2451 494 1106 1496 
2452 1480 304 1683 
2453 1005 1058 1519 
2454 1351 1084 1462 
2455 420 1401 1528 
2456 1365 1057 1463 
2457 1268 846 1461 
2458 1207 1206 1736 
2459 100 99 1464 
2460 179 180 414 
2461 310 311 413 
2462 272 273 411 
2463 141 142 412 
2464 52 51 1465 
2465 916 670 1645 
2466 1107 1030 1656 
2467 297 298 1528 
2468 1059 1385 1684 
2469 885 687 1532 
2470 685 1098 1532 
2471 196 197 1482 
2472 327 328 1483 
2473 124 125 1484 
2474 428 582 1206 
2475 492 1570 1749 
2476 148 149 1468 
2477 1068 1439 1609 
2478 104 103 1467 
2479 881 840 1718 
2480 424 1226 1695 
2481 423 1227 1696 
2482 491 942 943 
2483 254 255 1473 
2484 626 1102 1460 
2485 75 442 1469 
2486 889 1370 1729 
2487 425 1546 1629 
2488 408 1125 1470 
2489 648 647 1542 
2490 775 772 1471 
2491 854 876 1536 
2492 1129 1188 1739 
2493 1554 455 1607 
2494 178 179 1203 
2495 309 310 1204 
2496 860 862 1537 
2497 868 1235 1539 
2498 918 658 1678 
2499 1356 1346 1539 
2500 865 831 1540 
2501 1367 731 1578 
2502 823 822 1540 
2503 1482 1445 1566 
2504 1483 1448 1567 
2505 1393 979 1472 
2506 326 507 1475 
2507 195 508 1476 
2508 509 126 1477 
2509 1299 895 1572 
2510 658 918 1663 
2511 504 577 1550 
2512 635 636 1541 
2513 1087 493 1088 
2514 1607 1141 1658 
2515 1308 825 1547 
2516 1260 1261 1581 
2517 1149 1454 1681 
2518 1083 393 1622 
2519 487 211 1553 
2520 464 1511 1655 
2521 943 942 944 
2522 212 382 1553 
2523 1256 1143 1478 
2524 878 756 1529 
2525 430 1209 1485 
2526 1206 582 1736 
2527 794 797 1552 
2528 612 614 1479 
2529 475 1228 1626 
2530 632 635 1551 
2531 657 630 1551 
2532 404 347 1555 
2533 1082 1163 1574 
2534 962 1413 1481 
2535 1231 1494 1564 
2536 1326 777 1716 
2537 937 581 1568 
2538 1306 1305 1565 
2539 1291 1292 1565 
2540 381 344 1559 
2541 345 1342 1559 
2542 392 303 1480 
2543 1271 1193 1518 
2544 1569 431 1678 
2545 1317 887 1562 
2546 302 392 1561 
2547 496 301 1561 
2548 1512 883 1557 
2549 822 1304 1574 
2550 1362 1596 1673 
2551 1275 894 1573 
2552 285 286 1486 
2553 1225 1224 1251 
2554 848 1082 1574 
2555 232 233 1487 
2556 1000 1004 1575 
2557 681 533 1746 
2558 682 548 1745 
2559 827 1380 1624 
2560 1019 1423 1556 
2561 1090 1469 1697 
2562 861 859 1491 
2563 1032 1033 1584 
2564 142 143 1202 
2565 273 274 1201 
2566 1269 1270 1578 
2567 499 1638 1729 
2568 260 511 1488 
2569 826 830 1583 
2570 266 267 919 
2571 700 763 1582 
2572 882 698 1582 
2573 1007 1006 1492 
2574 406 1315 1591 
2575 1373 477 1572 
2576 378 147 1585 
2577 1183 1302 1596 
2578 1718 1087 1748 
2579 1165 1015 1514 
2580 243 428 1206 
2581 575 1162 1533 
2582 1179 789 1594 
2583 787 1345 1594 
2584 255 426 1473 
2585 797 1366 1595 
2586 1378 730 1543 
2587 761 759 1597 
2588 1371 500 1542 
2589 947 962 1493 
2590 643 1369 1708 
2591 888 877 1604 
2592 1347 485 1667 
2593 1320 785 1600 
2594 156 479 1598 
2595 1015 1013 1514 
2596 1363 1306 1610 
2597 290 291 1495 
2598 1130 1375 1747 
2599 1213 847 1583 
2600 1318 773 1554 
2601 1261 1480 1683 
2602 1293 906 1598 
2603 763 1378 1659 
2604 1041 1316 1501 
2605 1385 1011 1601 
2606 140 141 1096 
2607 405 1234 1740 
2608 417 234 1605 
2609 131 896 1546 
2610 686 688 1603 
2611 1295 1294 1609 
2612 1556 1423 1686 
2613 926 1448 1449 
2614 928 1445 1446 
2615 843 845 1497 
2616 774 1321 1498 
2617 548 549 1531 
2618 533 534 1530 
2619 1454 456 1689 
2620 1326 484 1548 
2621 166 1363 1610 
2622 1194 472 1725 
2623 481 165 1610 
2624 366 367 1499 
2625 820 827 1612 
2626 385 39 1500 
2627 271 272 1577 
2628 224 485 1615 
2629 1010 1008 1602 
2630 1188 386 1739 
2631 1322 910 1650 
2632 1456 449 1656 
2633 100 1464 1701 
2634 1044 1042 1502 
2635 1337 1338 1621 
2636 649 1233 1665 
2637 1307 475 1691 
2638 1457 1299 1572 
2639 20 262 459 
2640 1306 1363 1639 
2641 1298 1297 1627 
2642 920 1534 1606 
2643 512 562 1586 
2644 547 514 1588 
2645 532 513 1587 
2646 1255 1356 1654 
2647 393 150 1622 
2648 151 497 1622 
2649 1150 455 1554 
2650 647 1303 1628 
2651 230 475 1626 
2652 394 1252 1743 
2653 500 1437 1542 
2654 1033 1438 1584 
2655 405 237 1558 
2656 1235 1179 1724 
2657 1186 560 1637 
2658 1020 1257 1733 
2659 576 504 1666 
2660 1472 1007 1675 
2661 106 105 1504 
2662 1024 1306 1639 
2663 293 502 1633 
2664 478 292 1633 
2665 777 775 1625 
2666 1117 454 1651 
2667 1438 501 1584 
2668 1236 526 1237 
2669 1196 525 1707 
2670 354 1322 1650 
2671 474 353 1650 
2672 606 1250 1527 
2673 122 123 1489 
2674 400 1505 1642 
2675 402 1506 1643 
2676 911 572 1428 
2677 542 913 1631 
2678 557 914 1630 
2679 1313 380 1717 
2680 253 254 510 
2681 1494 1066 1564 
2682 238 239 1662 
2683 1289 1287 1661 
2684 773 1498 1554 
2685 1333 1331 1575 
2686 872 891 1655 
2687 1336 1335 1675 
2688 1427 606 1527 
2689 324 26 1668 
2690 193 14 1669 
2691 26 325 1668 
2692 14 194 1669 
2693 7 128 1670 
2694 127 7 1670 
2695 1054 1036 1667 
2696 645 649 1665 
2697 407 1152 1719 
2698 280 394 1743 
2699 305 375 1683 
2700 19 259 1671 
2701 258 19 1671 
2702 236 405 1740 
2703 855 857 1510 
2704 642 1253 1599 
2705 1350 1367 1674 
2706 659 655 1657 
2707 779 866 1725 
2708 421 154 1676 
2709 476 362 1724 
2710 1013 1003 1685 
2711 1325 1326 1716 
2712 349 416 1690 
2713 759 749 1721 
2714 90 89 1511 
2715 1089 764 1581 
2716 1021 1020 1733 
2717 1085 1555 1690 
2718 1055 1051 1691 
2719 475 1340 1691 
2720 388 1515 1648 
2721 1207 587 1647 
2722 665 662 1713 
2723 1128 1130 1747 
2724 488 1301 1529 
2725 853 843 1497 
2726 482 296 1513 
2727 428 581 582 
2728 1319 1658 1682 
2729 610 623 1715 
2730 1330 473 1514 
2731 915 559 1563 
2732 1604 1617 1664 
2733 1382 882 1694 
2734 252 253 1474 
2735 1360 1463 1677 
2736 1447 199 1580 
2737 1450 330 1579 
2738 121 122 1490 
2739 758 1462 1621 
2740 525 909 1161 
2741 20 459 1180 
2742 427 1512 1557 
2743 388 62 1515 
2744 72 71 1516 
2745 528 1236 1593 
2746 148 1468 1585 
2747 132 468 896 
2748 486 1324 1625 
2749 456 1411 1689 
2750 328 329 461 
2751 197 198 460 
2752 123 124 462 
2753 321 25 1544 
2754 190 13 1545 
2755 8 131 1546 
2756 1035 1038 1517 
2757 1502 1348 1679 
2758 1613 677 1649 
2759 374 427 1262 
2760 836 865 1518 
2761 430 340 1264 
2762 567 564 1688 
2763 962 1481 1493 
2764 539 540 541 
2765 554 555 556 
2766 570 569 571 
2767 389 1148 1592 
2768 1038 1040 1731 
2769 1250 1432 1527 
2770 163 164 1520 
2771 1655 891 1742 
2772 1145 1648 1728 
2773 382 1310 1602 
2774 727 736 1522 
2775 267 397 919 
2776 877 770 1570 
2777 1209 430 1693 
2778 1432 1208 1527 
2779 381 1185 1672 
2780 1217 867 1640 
2781 1598 906 1676 
2782 1244 441 1535 
2783 1334 1472 1675 
2784 497 1518 1623 
2785 455 1141 1607 
2786 1338 474 1597 
2787 209 210 1526 
2788 484 1327 1548 
2789 1506 541 1643 
2790 1505 556 1642 
2791 1568 673 1569 
2792 576 678 679 
2793 1628 1303 1708 
2794 298 420 1528 
2795 1425 1010 1646 
2796 683 1546 1723 
2797 1470 1125 1624 
2798 1028 1456 1656 
2799 485 1323 1667 
2800 673 680 1704 
2801 687 685 1532 
2802 181 182 1421 
2803 312 313 1422 
2804 1427 1527 1647 
2805 1229 229 1626 
2806 676 467 1394 
2807 864 854 1536 
2808 1344 1454 1689 
2809 1478 665 1713 
2810 862 917 1537 
2811 131 132 896 
2812 1079 1459 1519 
2813 756 1390 1529 
2814 471 1517 1731 
2815 1456 1025 1733 
2816 1346 868 1539 
2817 429 209 1526 
2818 270 271 1420 
2819 137 138 1169 
2820 251 18 1710 
2821 1422 402 1643 
2822 1421 400 1642 
2823 120 6 1712 
2824 1320 1600 1714 
2825 831 823 1540 
2826 636 639 1541 
2827 1501 1316 1641 
2828 237 238 1558 
2829 1262 427 1557 
2830 15 201 1705 
2831 27 332 1706 
2832 1462 1339 1621 
2833 1513 1298 1627 
2834 578 679 1692 
2835 132 133 468 
2836 263 264 467 
2837 188 189 469 
2838 319 320 470 
2839 825 1352 1547 
2840 498 1362 1673 
2841 783 781 1548 
2842 578 576 679 
2843 623 1479 1614 
2844 139 140 1419 
2845 1096 1428 1560 
2846 457 1501 1641 
2847 1259 1154 1549 
2848 878 1529 1672 
2849 1471 486 1625 
2850 1498 1150 1554 
2851 1459 1005 1519 
2852 268 269 1171 
2853 630 632 1551 
2854 1484 509 1538 
2855 1394 435 1606 
2856 793 794 1552 
2857 1370 499 1729 
2858 211 212 1553 
2859 730 1430 1543 
2860 510 254 1473 
2861 883 853 1557 
2862 347 348 1555 
2863 1417 642 1599 
2864 1527 1208 1647 
2865 1089 1205 1749 
2866 1437 648 1542 
2867 584 587 1736 
2868 419 1360 1677 
2869 1420 271 1577 
2870 140 1096 1419 
2871 1542 647 1628 
2872 18 252 1710 
2873 1392 1019 1556 
2874 6 121 1712 
2875 1093 1089 1749 
2876 410 1556 1686 
2877 433 178 1203 
2878 434 309 1204 
2879 1445 929 1566 
2880 1448 927 1567 
2881 1164 1165 1615 
2882 344 345 1559 
2883 301 302 1561 
2884 483 1502 1679 
2885 197 460 1482 
2886 328 461 1483 
2887 462 124 1484 
2888 430 1264 1693 
2889 200 15 1705 
2890 331 27 1706 
2891 1305 1291 1565 
2892 869 1317 1562 
2893 842 844 1735 
2894 764 1260 1581 
2895 138 139 396 
2896 269 270 398 
2897 182 183 400 
2898 313 314 402 
2899 1441 464 1742 
2900 459 262 674 
2901 1534 908 1606 
2902 1004 1472 1737 
2903 1134 1182 1659 
2904 1141 439 1658 
2905 731 1269 1578 
2906 1275 1031 1576 
2907 1162 575 1660 
2908 1204 913 1617 
2909 871 1319 1682 
2910 896 468 1100 
2911 894 1299 1573 
2912 92 4 1571 
2913 1304 848 1574 
2914 1002 1000 1575 
2915 1544 424 1695 
2916 1545 423 1696 
2917 1031 1030 1576 
2918 458 1516 1714 
2919 1464 410 1686 
2920 1511 917 1655 
2921 427 940 1512 
2922 470 320 897 
2923 469 189 898 
2924 471 1149 1681 
2925 9 137 1166 
2926 698 700 1582 
2927 847 826 1583 
2928 937 1569 1678 
2929 1292 1032 1584 
2930 1319 765 1658 
2931 147 148 1585 
2932 1718 842 1735 
2933 468 133 923 
2934 188 469 899 
2935 319 470 902 
2936 1548 1327 1680 
2937 467 264 1394 
2938 507 1483 1567 
2939 508 1482 1566 
2940 1108 447 1590 
2941 1479 1152 1614 
2942 1411 1056 1689 
2943 1315 1314 1591 
2944 1302 646 1596 
2945 1303 643 1708 
2946 661 659 1592 
2947 38 37 1720 
2948 789 787 1594 
2949 1257 1020 1651 
2950 449 1107 1656 
2951 1249 1452 1558 
2952 1366 934 1595 
2953 910 761 1597 
2954 414 180 1094 
2955 413 311 1095 
2956 1078 1180 1613 
2957 888 1604 1664 
2958 155 156 1598 
2959 1658 439 1682 
2960 183 184 1444 
2961 314 315 1443 
2962 462 1215 1703 
2963 745 746 1732 
2964 785 869 1600 
2965 179 414 1203 
2966 310 413 1204 
2967 1177 1160 1178 
2968 1174 1158 1175 
2969 1066 941 1652 
2970 1011 1056 1601 
2971 1575 1004 1737 
2972 253 510 1474 
2973 688 880 1603 
2974 117 512 1586 
2975 514 204 1588 
2976 513 335 1587 
2977 426 1429 1593 
2978 122 1489 1490 
2979 1209 888 1485 
2980 1373 1572 1638 
2981 557 559 914 
2982 542 544 913 
2983 574 572 911 
2984 1621 1338 1721 
2985 1008 1072 1602 
2986 21 268 1170 
2987 234 235 1605 
2988 783 1548 1680 
2989 765 1318 1607 
2990 891 893 1742 
2991 199 200 1580 
2992 330 331 1579 
2993 123 462 1489 
2994 1472 1334 1737 
2995 1147 1145 1728 
2996 1020 1392 1651 
2997 1356 1539 1654 
2998 1145 388 1648 
2999 536 532 1587 
3000 551 547 1588 
3001 562 566 1586 
3002 477 1457 1572 
3003 1185 878 1672 
3004 937 1568 1569 
3005 1294 1068 1609 
3006 318 319 902 
3007 187 188 899 
3008 133 134 923 
3009 165 166 1610 
3010 1555 348 1690 
3011 871 1216 1732 
3012 141 412 1096 
3013 264 265 1394 
3014 315 24 1173 
3015 184 12 1176 
3016 661 1256 1713 
3017 819 820 1612 
3018 317 318 438 
3019 186 187 437 
3020 134 135 436 
3021 265 266 435 
3022 272 411 1577 
3023 1156 1167 1168 
3024 577 576 578 
3025 1180 459 1613 
3026 1152 1121 1614 
3027 1076 1231 1632 
3028 223 224 1615 
3029 459 674 677 
3030 1492 1425 1646 
3031 1208 1207 1647 
3032 866 1320 1714 
3033 24 316 401 
3034 12 185 399 
3035 136 9 395 
3036 267 21 397 
3037 566 564 567 
3038 534 536 537 
3039 549 551 552 
3040 1385 1601 1684 
3041 1228 1229 1626 
3042 1095 1422 1643 
3043 1094 1421 1642 
3044 1529 1301 1672 
3045 1339 1337 1621 
3046 938 429 1563 
3047 138 396 1169 
3048 1168 1167 1503 
3049 1203 914 1616 
3050 777 1625 1716 
3051 1379 870 1711 
3052 574 911 912 
3053 517 1579 1706 
3054 518 1580 1705 
3055 150 151 1622 
3056 1496 658 1663 
3057 1431 1059 1741 
3058 840 842 1718 
3059 1100 468 1191 
3060 1530 897 1746 
3061 1531 898 1745 
3062 1125 1127 1624 
3063 1596 646 1673 
3064 1314 830 1711 
3065 893 1441 1742 
3066 1297 1296 1627 
3067 680 1420 1577 
3068 1420 680 1692 
3069 229 230 1626 
3070 155 1598 1676 
3071 480 1371 1628 
3072 429 1526 1632 
3073 675 907 1196 
3074 1215 1186 1703 
3075 830 1379 1711 
3076 1177 1178 1505 
3077 1174 1175 1506 
3078 903 902 1190 
3079 900 899 1189 
3080 445 1431 1741 
3081 1232 881 1653 
3082 680 578 1692 
3083 1562 887 1697 
3084 292 293 1633 
3085 269 398 1171 
3086 1216 1146 1634 
3087 1605 235 1740 
3088 895 1281 1638 
3089 37 389 1720 
3090 503 569 570 
3091 539 505 540 
3092 554 506 555 
3093 1057 1024 1639 
3094 438 318 902 
3095 437 187 899 
3096 134 436 923 
3097 325 1475 1668 
3098 194 1476 1669 
3099 1477 127 1670 
3100 1348 1054 1679 
3101 265 435 1394 
3102 1316 1053 1641 
3103 867 1349 1640 
3104 1378 1543 1659 
3105 922 1171 1172 
3106 1205 492 1749 
3107 1311 403 1646 
3108 1172 398 1692 
3109 1630 1094 1642 
3110 1631 1095 1643 
3111 1518 865 1623 
3112 1251 425 1629 
3113 259 1488 1671 
3114 819 1612 1747 
3115 1600 458 1714 
3116 1328 1345 1680 
3117 454 1257 1651 
3118 482 1627 1698 
3119 353 354 1650 
3120 675 467 676 
3121 464 1655 1742 
3122 1034 1517 1681 
3123 418 1341 1654 
3124 1627 1296 1698 
3125 917 872 1655 
3126 1030 1028 1656 
3127 1371 1542 1628 
3128 909 908 1533 
3129 655 1080 1657 
3130 480 1628 1708 
3131 678 921 1709 
3132 1423 1027 1686 
3133 437 901 1507 
3134 438 904 1508 
3135 925 436 1509 
3136 1287 1285 1661 
3137 1536 876 1738 
3138 239 379 1662 
3139 468 923 1191 
3140 1327 1328 1680 
3141 505 338 1619 
3142 506 207 1618 
3143 114 503 1620 
3144 644 645 1665 
3145 1638 1281 1729 
3146 519 324 1668 
3147 520 193 1669 
3148 128 521 1670 
3149 562 564 566 
3150 549 547 551 
3151 534 532 536 
3152 1036 1347 1667 
3153 1057 1639 1677 
3154 185 186 1507 
3155 316 317 1508 
3156 135 136 1509 
3157 587 1427 1647 
3158 921 397 922 
3159 522 258 1671 
3160 1233 649 1744 
3161 1487 417 1687 
3162 746 871 1732 
3163 1301 381 1672 
3164 398 1420 1692 
3165 540 505 1619 
3166 555 506 1618 
3167 503 570 1620 
3168 646 1071 1673 
3169 1335 1334 1675 
3170 1428 571 1560 
3171 459 677 1613 
3172 544 939 1485 
3173 1086 1350 1674 
3174 775 1471 1625 
3175 579 578 673 
3176 154 155 1676 
3177 1054 1442 1679 
3178 1442 483 1679 
3179 403 1492 1646 
3180 1345 783 1680 
3181 304 305 1683 
3182 1256 1478 1713 
3183 439 1139 1682 
3184 440 1140 1684 
3185 1003 1002 1685 
3186 1067 1055 1687 
3187 1201 1569 1704 
3188 1056 1344 1689 
3189 348 349 1690 
3190 768 1209 1693 
3191 1051 1307 1691 
3192 1115 453 1694 
3193 1296 885 1698 
3194 431 22 918 
3195 572 571 1428 
3196 1210 1119 1700 
3197 1474 529 1710 
3198 101 100 1701 
3199 885 1372 1698 
3200 1372 482 1698 
3201 380 1300 1717 
3202 1419 1096 1560 
3203 1563 429 1632 
3204 1155 567 1688 
3205 1369 480 1708 
3206 1281 889 1729 
3207 1195 407 1719 
3208 1324 1325 1716 
3209 1027 1464 1686 
3210 1516 866 1714 
3211 749 758 1721 
3212 186 437 1507 
3213 317 438 1508 
3214 436 135 1509 
3215 1321 779 1725 
3216 362 363 1724 
3217 1334 1333 1737 
3218 662 661 1713 
3219 649 651 1744 
3220 1490 516 1712 
3221 1546 683 1629 
3222 1114 452 1738 
3223 78 77 1730 
3224 235 236 1740 
3225 279 280 1743 
3226 608 610 1715 
3227 1131 1129 1739 
3228 1025 1021 1733 
3229 1375 819 1747 
3230 915 1563 1564 
3231 401 316 1508 
3232 399 185 1507 
3233 136 395 1509 
3234 504 576 577 
3235 1475 519 1668 
3236 1476 520 1669 
3237 521 1477 1670 
3238 912 911 1611 
3239 517 333 1635 
3240 518 202 1636 
3241 119 516 1637 
3242 482 1513 1627 
3243 437 899 900 
3244 438 902 903 
3245 923 436 924 
3246 250 529 1644 
3247 1539 418 1654 
3248 1488 522 1671 
3249 676 1394 1606 
3250 1617 913 1664 
3251 247 1162 1660 
3252 435 266 919 
3253 1333 1575 1737 
3254 1161 909 1162 
3255 1463 1057 1677 
3256 541 540 542 
3257 556 555 557 
3258 570 571 572 
3259 1572 895 1638 
3260 1526 1076 1632 
3261 1590 644 1665 
3262 494 1496 1663 
3263 1634 745 1732 
3264 24 401 1173 
3265 12 399 1176 
3266 573 574 940 
3267 559 558 938 
3268 544 543 939 
3269 570 572 573 
3270 542 540 543 
3271 557 555 558 
3272 923 924 1191 
3273 582 584 1736 
3274 1543 1134 1659 
3275 1055 1487 1687 
3276 182 400 1421 
3277 313 402 1422 
3278 1533 908 1534 
3279 675 676 907 
3280 524 1649 1707 
3281 907 908 909 
3282 566 567 1525 
3283 552 551 1524 
3284 537 536 1523 
3285 1469 442 1697 
3286 677 1196 1649 
3287 914 559 915 
3288 533 1530 1746 
3289 548 1531 1745 
3290 870 1591 1711 
3291 577 578 579 
3292 922 1170 1171 
3293 431 918 1678 
3294 1653 881 1748 
3295 1517 471 1681 
3296 1569 673 1704 
3297 924 436 925 
3298 437 900 901 
3299 438 903 904 
3300 544 1485 1664 
3301 432 1608 1611 
3302 907 676 908 
3303 558 555 1618 
3304 543 540 1619 
3305 570 573 1620 
3306 758 1621 1721 
3307 1608 432 1722 
3308 579 673 1568 
3309 400 183 1444 
3310 402 314 1443 
3311 1169 396 1503 
3312 542 543 544 
3313 557 558 559 
3314 573 572 574 
3315 442 1562 1697 
3316 434 1204 1617 
3317 1087 1088 1748 
3318 556 1630 1642 
3319 541 1631 1643 
3320 1171 398 1172 
3321 435 920 1606 
3322 1601 440 1684 
3323 914 915 1616 
3324 452 1536 1738 
3325 1162 909 1533 
3326 1652 941 1734 
3327 921 922 1709 
3328 913 544 1664 
3329 1419 1560 1727 
3330 252 1474 1710 
3331 1160 1159 1387 
3332 1158 1157 1388 
3333 1155 1156 1386 
3334 908 676 1606 
3335 121 1490 1712 
3336 1560 571 1727 
3337 1485 888 1664 
3338 920 919 921 
3339 411 273 1201 
3340 412 142 1202 
3341 1625 1324 1716 
3342 315 1173 1443 
3343 184 1176 1444 
3344 922 397 1170 
3345 433 1652 1734 
3346 1155 925 1156 
3347 901 1159 1160 
3348 904 1157 1158 
3349 433 1203 1616 
3350 1517 1038 1731 
3351 1191 924 1688 
3352 389 1657 1720 
3353 1604 434 1617 
3354 681 1544 1695 
3355 682 1545 1696 
3356 395 9 1166 
3357 1069 1608 1722 
3358 1645 1067 1687 
3359 901 900 1159 
3360 904 903 1157 
3361 924 925 1155 
3362 417 1645 1687 
3363 402 1443 1506 
3364 400 1444 1505 
3365 435 919 920 
3366 556 557 1630 
3367 541 542 1631 
3368 1489 462 1703 
3369 397 21 1170 
3370 1474 510 1699 
3371 1490 1489 1702 
3372 433 1616 1652 
3373 398 270 1420 
3374 1172 679 1709 
3375 1579 331 1706 
3376 1580 200 1705 
3377 1166 137 1169 
3378 1591 1314 1711 
3379 396 139 1419 
3380 896 1100 1723 
3381 1660 575 1666 
3382 1170 268 1171 
3383 432 10 1722 
3384 651 1589 1744 
3385 11 433 1734 
3386 1702 1489 1703 
3387 924 1155 1688 
3388 529 1474 1699 
3389 516 1490 1702 
3390 1173 401 1174 
3391 1176 399 1177 
3392 1216 1634 1732 
3393 1608 884 1726 
3394 1657 1080 1720 
3395 1611 1608 1726 
3396 912 1611 1726 
3397 922 1172 1709 
3398 1186 1702 1703 
3399 679 1172 1692 
3400 395 1166 1167 
3401 1649 1196 1707 
3402 411 1201 1704 
3403 246 1660 1666 
3404 1503 396 1727 
3405 396 1419 1727 
3406 395 1167 1509 
3407 1177 399 1507 
3408 1174 401 1508 
3409 1159 900 1189 
3410 1157 903 1190 
2 2 2 1474
3411 72 73 2130 
3412 94 95 2105 
3413 95 1771 2105 
3414 2250 2366 2396 
3415 1765 2153 2397 
3416 2358 2097 2413 
3417 1754 72 2130 
3418 2117 1766 2119 
3419 2119 1766 2393 
3420 1751 2358 2413 
3421 2366 1758 2396 
3422 40 1750 2238 
3423 83 84 2358 
3424 87 1762 2357 
3425 2153 2111 2397 
3426 1764 2275 2369 
3427 110 111 2125 
3428 2275 2276 2369 
3429 2380 2176 2419 
3430 1763 2380 2419 
3431 2161 1762 2398 
3432 39 40 2238 
3433 111 1768 2125 
3434 86 87 2357 
3435 1771 2101 2105 
3436 1762 2161 2399 
3437 2096 2407 2414 
3438 2407 1761 2414 
3439 1750 2237 2238 
3440 1751 83 2358 
3441 84 1775 2358 
3442 2110 1781 2390 
3443 1752 2185 2186 
3444 2098 1767 2425 
3445 2263 1772 2411 
3446 1772 2263 2388 
3447 2101 1771 2122 
3448 2113 2114 2404 
3449 2107 1770 2108 
3450 2396 1758 2443 
3451 2130 73 2395 
3452 2404 2114 2409 
3453 1767 2098 2385 
3454 1758 2362 2443 
3455 1770 2107 2109 
3456 2354 1756 2355 
3457 2106 1753 2370 
3458 2398 89 2418 
3459 2360 1784 2382 
3460 2400 107 2412 
3461 102 2116 2417 
3462 2116 102 2421 
3463 2111 2110 2390 
3464 2263 2262 2378 
3465 2087 2373 2374 
3466 1752 2186 2402 
3467 2162 2161 2398 
3468 1755 2320 2426 
3469 2153 1765 2401 
3470 1754 2130 2379 
3471 2357 1762 2399 
3472 2250 2252 2366 
3473 2320 1755 2428 
3474 2162 2398 2418 
3475 94 2105 2394 
3476 2263 2378 2388 
3477 1756 2354 2436 
3478 1753 2106 2386 
3479 1768 2124 2125 
3480 2405 2100 2434 
3481 2377 2088 2384 
3482 2025 1980 2128 
3483 2359 2186 2433 
3484 1780 2405 2434 
3485 2109 2129 2130 
3486 1759 2360 2382 
3487 2175 2400 2412 
3488 2091 2371 2372 
3489 2095 2121 2133 
3490 2276 2367 2369 
3491 2127 2097 2358 
3492 1757 2377 2384 
3493 2109 2128 2129 
3494 2050 2051 2122 
3495 2051 2101 2122 
3496 110 2125 2430 
3497 2367 2276 2389 
3498 1980 1998 2128 
3499 2107 2025 2128 
3500 1942 2350 2351 
3501 2109 2107 2128 
3502 2124 1768 2126 
3503 2316 1760 2361 
3504 1757 2262 2377 
3505 1783 2095 2133 
3506 2112 2098 2425 
3507 2050 2122 2123 
3508 1781 2110 2420 
3509 2115 1778 2417 
3510 2237 1750 2376 
3511 2350 2131 2351 
3512 1788 2133 2347 
3513 2133 2121 2347 
3514 2128 1998 2129 
3515 1788 1785 2133 
3516 2130 2129 2379 
3517 2129 1998 2131 
3518 2132 1786 2135 
3519 1997 2352 2353 
3520 1786 1787 2135 
3521 1792 2136 2339 
3522 2136 1788 2347 
3523 2136 2063 2339 
3524 1792 1789 2136 
3525 2061 2135 2344 
3526 2061 2132 2135 
3527 2135 1790 2344 
3528 2024 2344 2346 
3529 1795 1798 2140 
3530 2026 1979 2346 
3531 2026 2139 2345 
3532 2140 1798 2141 
3533 2024 2061 2344 
3534 2139 2140 2345 
3535 1794 1795 2140 
3536 2134 1794 2139 
3537 1791 1794 2134 
3538 2139 2026 2346 
3539 2141 1798 2151 
3540 2344 2134 2346 
3541 1979 2024 2346 
3542 2137 1792 2339 
3543 2068 2214 2257 
3544 1793 1792 2137 
3545 2191 2192 2337 
3546 2164 2190 2191 
3547 1805 1804 2333 
3548 2056 2013 2176 
3549 2011 2058 2299 
3550 2214 2074 2257 
3551 2248 2171 2289 
3552 2014 2174 2176 
3553 2027 2011 2267 
3554 2008 2009 2170 
3555 2029 2028 2173 
3556 2168 2029 2173 
3557 2068 2164 2214 
3558 2058 2298 2299 
3559 1846 2178 2181 
3560 2028 2104 2173 
3561 2029 2168 2169 
3562 2178 2027 2326 
3563 2143 1815 2147 
3564 2190 2164 2209 
3565 2138 2142 2341 
3566 2164 2191 2214 
3567 2163 1804 2209 
3568 2078 2143 2147 
3569 79 80 1777 
3570 58 59 1779 
3571 100 101 1778 
3572 1815 2145 2149 
3573 1815 2143 2145 
3574 2192 1938 2337 
3575 2013 2014 2176 
3576 2267 2011 2299 
3577 2178 1846 2179 
3578 2014 2173 2174 
3579 2164 2163 2209 
3580 2160 2157 2161 
3581 2142 1981 2341 
3582 2139 1794 2140 
3583 2171 2170 2289 
3584 2261 2259 2317 
3585 1804 2163 2333 
3586 2008 2170 2171 
3587 2339 2063 2340 
3588 2009 2029 2170 
3589 2160 1947 2226 
3590 37 38 1780 
3591 2180 2217 2232 
3592 2152 2229 2230 
3593 2027 2267 2326 
3594 2157 2160 2226 
3595 1847 1844 2181 
3596 2179 1846 2239 
3597 1883 2172 2184 
3598 1822 2321 2328 
3599 77 78 1759 
3600 98 99 1760 
3601 56 57 1758 
3602 1802 1803 2269 
3603 1844 1846 2181 
3604 2180 2179 2239 
3605 2171 2248 2301 
3606 2029 2169 2170 
3607 2158 1947 2160 
3608 2006 2059 2165 
3609 2173 2104 2174 
3610 2204 1806 2220 
3611 1809 1808 2331 
3612 2206 2205 2278 
3613 1880 1878 2228 
3614 1971 2055 2294 
3615 1919 1960 2182 
3616 1855 2206 2278 
3617 2170 2169 2289 
3618 1947 2158 2208 
3619 1863 1919 2182 
3620 2182 2180 2232 
3621 2217 2180 2239 
3622 2229 2152 2269 
3623 35 36 1764 
3624 1873 1875 2184 
3625 2081 2261 2317 
3626 2319 2342 2343 
3627 2022 2127 2155 
3628 2301 1894 2307 
3629 2004 2094 2166 
3630 1813 1815 2149 
3631 1799 1802 2151 
3632 2152 1802 2269 
3633 1937 2146 2227 
3634 2153 2086 2207 
3635 1914 1905 2183 
3636 2190 2189 2191 
3637 1911 2302 2313 
3638 1910 2231 2297 
3639 2055 2211 2294 
3640 2279 1862 2309 
3641 1875 1883 2184 
3642 1798 1799 2151 
3643 2169 2172 2289 
3644 1816 1813 2149 
3645 1917 2205 2218 
3646 2150 2145 2327 
3647 74 75 1770 
3648 2002 2004 2166 
3649 95 96 1771 
3650 2172 1883 2289 
3651 1808 2154 2331 
3652 2007 2006 2165 
3653 2183 1905 2184 
3654 2148 1930 2279 
3655 2205 1917 2278 
3656 1851 1964 2241 
3657 1878 1937 2228 
3658 1806 1807 2220 
3659 53 54 1772 
3660 2237 2060 2238 
3661 1989 2071 2207 
3662 2188 2189 2190 
3663 1977 2027 2177 
3664 1995 2022 2155 
3665 2198 1810 2219 
3666 1806 2204 2269 
3667 2022 2097 2127 
3668 2266 2038 2295 
3669 71 72 1754 
3670 1964 2193 2241 
3671 2244 2150 2327 
3672 92 93 1755 
3673 1808 1805 2333 
3674 1801 1800 2209 
3675 1810 2198 2220 
3676 1848 1847 2167 
3677 2167 2296 2303 
3678 1803 1806 2269 
3679 2177 2027 2178 
3680 2216 1917 2218 
3681 2171 2301 2307 
3682 1905 1873 2184 
3683 1874 1870 2187 
3684 2022 2023 2097 
3685 2248 1879 2301 
3686 1981 2338 2341 
3687 2103 2021 2106 
3688 2031 2179 2180 
3689 1952 1951 2006 
3690 1870 1868 2187 
3691 1962 1977 2177 
3692 2071 2110 2111 
3693 2172 2183 2184 
3694 2151 1802 2152 
3695 2214 2191 2337 
3696 2154 2330 2331 
3697 1836 1838 2216 
3698 32 33 1773 
3699 1863 2182 2232 
3700 2002 1944 2004 
3701 2071 2153 2207 
3702 1985 1989 2207 
3703 2158 2044 2208 
3704 1800 2190 2209 
3705 2288 1910 2297 
3706 29 30 1756 
3707 2031 2177 2179 
3708 1920 1951 1952 
3709 1943 1922 1944 
3710 2174 2104 2175 
3711 1960 2031 2182 
3712 2259 1930 2317 
3713 2287 2274 2334 
3714 1800 2188 2190 
3715 1909 1947 2208 
3716 2231 2203 2297 
3717 2057 2158 2159 
3718 1952 2006 2007 
3719 2273 2277 2305 
3720 2159 2160 2161 
3721 2311 1957 2319 
3722 1840 1839 1844 
3723 2149 2145 2150 
3724 1907 1909 2208 
3725 1807 1810 2220 
3726 2012 1995 2155 
3727 1800 1797 2188 
3728 1977 2010 2011 
3729 1933 1914 2183 
3730 1932 1914 1933 
3731 1943 1944 2002 
3732 2057 2044 2158 
3733 1804 1801 2209 
3734 2159 2161 2162 
3735 50 51 1757 
3736 2142 2339 2340 
3737 1954 1933 1955 
3738 2159 2158 2160 
3739 2113 2016 2114 
3740 1872 1870 1873 
3741 1921 1857 1922 
3742 2004 2020 2094 
3743 1953 2012 2226 
3744 1869 1868 1870 
3745 1921 1922 1943 
3746 2206 1855 2288 
3747 2296 2066 2303 
3748 1953 1956 1995 
3749 1880 2228 2302 
3750 1862 1851 2241 
3751 2028 2021 2103 
3752 1953 1995 2012 
3753 2206 2288 2297 
3754 2071 2111 2153 
3755 2199 2204 2220 
3756 2013 1955 2014 
3757 2059 2115 2116 
3758 2031 1962 2177 
3759 2146 1937 2284 
3760 2198 2199 2220 
3761 2006 2054 2059 
3762 1867 1866 1868 
3763 2191 2189 2192 
3764 1894 1902 1920 
3765 2302 2228 2313 
3766 1962 1976 1977 
3767 2012 2157 2226 
3768 1963 1824 2215 
3769 1928 1971 2236 
3770 1873 1874 1875 
3771 2045 2044 2057 
3772 2236 2069 2240 
3773 2012 2155 2156 
3774 1977 2011 2027 
3775 2196 1963 2215 
3776 1847 2181 2296 
3777 1838 1839 1840 
3778 1954 1955 2013 
3779 1854 1852 2213 
3780 1955 2030 2168 
3781 2148 2279 2309 
3782 63 64 1774 
3783 1995 1996 2022 
3784 2204 2229 2269 
3785 2011 2010 2058 
3786 1838 1837 1839 
3787 2020 2065 2185 
3788 2124 2056 2125 
3789 2045 2057 2098 
3790 2038 2233 2295 
3791 2081 2080 2088 
3792 1955 1933 2030 
3793 2016 2002 2166 
3794 2225 1862 2241 
3795 1924 1934 1953 
3796 2094 2020 2185 
3797 2168 2030 2169 
3798 84 85 1775 
3799 1838 1917 2216 
3800 1960 1961 1962 
3801 1868 1966 2187 
3802 1932 1933 1954 
3803 1957 1935 2212 
3804 1845 1844 1847 
3805 1883 2248 2289 
3806 2014 2168 2173 
3807 1814 2194 2219 
3808 2099 2098 2112 
3809 1869 1870 1872 
3810 1867 1868 1869 
3811 2009 2007 2021 
3812 2215 1836 2216 
3813 2092 2084 2096 
3814 1997 1945 2254 
3815 1977 1976 2010 
3816 1858 1921 2235 
3817 1810 1811 2219 
3818 2231 1910 2311 
3819 105 106 1776 
3820 1960 1962 2031 
3821 1920 1941 1951 
3822 2321 2150 2328 
3823 1814 1817 2194 
3824 1872 1873 1905 
3825 1873 1870 1874 
3826 2213 2236 2240 
3827 1919 1931 1960 
3828 2114 2016 2166 
3829 1857 1848 2167 
3830 2017 2086 2087 
3831 1987 1985 2207 
3832 1837 2217 2239 
3833 2017 1987 2086 
3834 2017 2087 2210 
3835 2003 2002 2016 
3836 1868 1866 1966 
3837 1881 1884 1894 
3838 1856 1848 1857 
3839 1858 1857 1921 
3840 2021 2007 2165 
3841 2138 2137 2142 
3842 1862 2225 2309 
3843 1989 2070 2071 
3844 2086 1987 2207 
3845 2196 2216 2218 
3846 2167 1847 2296 
3847 1971 2019 2055 
3848 1928 1970 1971 
3849 1909 1912 1924 
3850 1875 1877 1883 
3851 1974 2015 2234 
3852 1935 1958 2212 
3853 1896 1928 2213 
3854 1962 1961 1976 
3855 1824 1828 2215 
3856 1817 1819 1820 
3857 1947 1924 2226 
3858 1930 1918 2279 
3859 1865 1864 1866 
3860 2236 1971 2294 
3861 1958 2026 2212 
3862 2014 1955 2168 
3863 1840 1844 1845 
3864 1925 1907 2208 
3865 2195 2198 2219 
3866 1907 1908 1909 
3867 1909 1924 1947 
3868 2106 2021 2165 
3869 2071 2070 2110 
3870 1922 1857 2167 
3871 2194 2195 2219 
3872 1852 1896 2213 
3873 1960 1931 1961 
3874 2009 2021 2028 
3875 2082 2016 2113 
3876 1899 1923 2264 
3877 1983 1984 1985 
3878 1820 1824 1963 
3879 2028 2103 2104 
3880 2146 2079 2227 
3881 1865 1866 1867 
3882 2004 2005 2020 
3883 1843 1852 1854 
3884 1907 1901 1908 
3885 1985 1984 1989 
3886 1828 1833 1836 
3887 1958 1979 2026 
3888 2044 1925 2208 
3889 1835 1842 1843 
3890 1939 1897 2221 
3891 1875 1874 1876 
3892 2197 2196 2218 
3893 1815 1812 2147 
3894 2202 2205 2206 
3895 2231 2311 2319 
3896 1967 2077 2222 
3897 1896 1926 1928 
3898 2185 2065 2186 
3899 1893 1900 1901 
3900 1937 2227 2228 
3901 2196 2215 2216 
3902 2201 2200 2202 
3903 2199 2197 2200 
3904 1924 1953 2226 
3905 1953 1934 1956 
3906 2233 2038 2247 
3907 2199 2200 2201 
3908 2277 2100 2305 
3909 1948 1854 1949 
3910 1906 1901 1907 
3911 1982 1949 1983 
3912 1813 1812 1815 
3913 2223 2233 2247 
3914 1836 1837 1838 
3915 1866 1864 2244 
3916 1811 1814 2219 
3917 1799 1801 1802 
3918 2036 2013 2056 
3919 2201 2203 2229 
3920 1844 1839 1846 
3921 1820 1823 1824 
3922 1983 1949 1984 
3923 1883 1877 2248 
3924 1854 2213 2240 
3925 1821 1825 2223 
3926 2201 2202 2203 
3927 1831 1835 1990 
3928 1836 1833 1837 
3929 1986 1985 1987 
3930 2229 2203 2230 
3931 1817 1820 2194 
3932 1843 1854 1948 
3933 2230 2203 2231 
3934 1967 1939 2076 
3935 1825 1831 2223 
3936 1831 1834 1835 
3937 2061 2062 2132 
3938 1990 1835 2242 
3939 1891 1889 1892 
3940 1967 2076 2077 
3941 2076 1939 2221 
3942 2097 2023 2121 
3943 1811 1809 1812 
3944 1984 1949 2240 
3945 1897 1853 2221 
3946 2195 1963 2196 
3947 1856 1857 1858 
3948 1807 1805 1808 
3949 1797 1796 2188 
3950 2144 2079 2146 
3951 1851 1849 1964 
3952 1824 1827 1828 
3953 2055 2019 2237 
3954 1923 1860 2235 
3955 1891 1892 1893 
3956 2193 1964 2295 
3957 1828 1836 2215 
3958 1828 1832 1833 
3959 1830 1826 1864 
3960 1860 1858 2235 
3961 2233 1990 2255 
3962 2188 2138 2189 
3963 1875 1876 1877 
3964 2008 2171 2307 
3965 1992 1950 2032 
3966 2195 2196 2197 
3967 1894 1920 2307 
3968 1988 1987 2017 
3969 1820 1819 1823 
3970 1964 2266 2295 
3971 1909 1908 1912 
3972 2202 2200 2205 
3973 1989 2069 2070 
3974 1850 1863 2232 
3975 1843 1948 2242 
3976 1832 1827 2266 
3977 1983 1985 1986 
3978 1887 1888 1889 
3979 1861 1851 1862 
3980 1915 1914 1932 
3981 2008 2007 2009 
3982 2079 2032 2227 
3983 1995 1956 1996 
3984 1903 1935 1957 
3985 2198 2197 2199 
3986 1845 1847 1848 
3987 1924 1912 1934 
3988 1843 1842 1852 
3989 1890 1889 1891 
3990 2034 2068 2257 
3991 1796 2137 2138 
3992 2204 2201 2229 
3993 2213 1928 2236 
3994 1807 1808 1809 
3995 1943 2002 2003 
3996 2078 2032 2079 
3997 1795 1797 1798 
3998 1948 1949 1982 
3999 2118 2117 2119 
4000 1802 1801 1803 
4001 1835 1843 2242 
4002 2223 1990 2233 
4003 1952 2007 2008 
4004 1949 1854 2240 
4005 1835 1834 1842 
4006 2042 1925 2044 
4007 1906 1907 1925 
4008 2019 2060 2237 
4009 1888 1886 1911 
4010 1913 1905 1914 
4011 1948 2035 2242 
4012 2018 2017 2210 
4013 2177 2178 2179 
4014 1830 1864 1865 
4015 1928 1926 1970 
4016 2069 1984 2240 
4017 1992 2032 2078 
4018 1831 1990 2223 
4019 1971 1970 2019 
4020 1894 1884 1902 
4021 2051 2001 2052 
4022 1919 1929 1931 
4023 1983 1986 2224 
4024 1839 1837 2239 
4025 1982 1983 2224 
4026 2004 1944 2005 
4027 1887 1886 1888 
4028 1863 1918 1919 
4029 2200 2197 2218 
4030 2034 2067 2068 
4031 2024 2025 2061 
4032 1890 2265 2292 
4033 1819 1818 1821 
4034 1838 1840 1917 
4035 1825 1829 1831 
4036 1811 1812 1813 
4037 1893 1892 1900 
4038 2199 2201 2204 
4039 2169 2030 2172 
4040 1969 2033 2034 
4041 1888 1911 1916 
4042 2194 1963 2195 
4043 1821 1818 1822 
4044 1820 1963 2194 
4045 1929 1918 1930 
4046 1908 1901 2258 
4047 2038 1823 2247 
4048 2022 1996 2023 
4049 1899 1860 1923 
4050 2003 2016 2082 
4051 1940 1939 1967 
4052 2019 2040 2060 
4053 1900 2073 2074 
4054 1821 2223 2247 
4055 1798 1797 1799 
4056 2242 2035 2255 
4057 2068 2163 2164 
4058 2035 2193 2255 
4059 1855 1848 1856 
4060 1968 1967 2222 
4061 1916 1911 1950 
4062 1803 1805 1806 
4063 1990 2242 2255 
4064 2006 1951 2054 
4065 1969 2034 2246 
4066 1885 1886 1887 
4067 1916 2246 2253 
4068 1920 1902 1941 
4069 1892 1889 2253 
4070 1979 1980 2024 
4071 2195 2197 2198 
4072 2074 2073 2257 
4073 1796 2138 2188 
4074 2067 2033 2154 
4075 1969 1992 2033 
4076 1969 1950 1992 
4077 1821 1822 1825 
4078 1827 2038 2266 
4079 2246 2073 2253 
4080 1849 1832 2266 
4081 1972 1945 1997 
4082 61 62 1752 
4083 1817 1818 1819 
4084 2034 2033 2067 
4085 2042 2044 2045 
4086 2078 2079 2143 
4087 1803 1804 1805 
4088 2030 1933 2183 
4089 2080 2018 2210 
4090 1823 1819 2247 
4091 2068 2067 2163 
4092 1831 1829 1834 
4093 1986 1987 1988 
4094 2012 2156 2157 
4095 1916 1950 1969 
4096 1837 1833 2217 
4097 1930 2148 2317 
4098 1936 1904 1942 
4099 1893 1901 1906 
4100 2205 2200 2218 
4101 2143 2079 2144 
4102 1989 1984 2069 
4103 1845 1855 2278 
4104 2052 2001 2304 
4105 2073 1892 2253 
4106 1850 1861 1863 
4107 1859 1858 1860 
4108 2035 1982 2072 
4109 1806 1805 1807 
4110 1958 1959 1979 
4111 1974 2000 2015 
4112 1927 1897 1939 
4113 1900 1892 2073 
4114 1803 1801 1804 
4115 2035 2072 2193 
4116 2051 2052 2053 
4117 1988 2017 2018 
4118 2073 2246 2257 
4119 1966 1866 2244 
4120 1834 1829 2245 
4121 2061 2025 2062 
4122 82 83 1751 
4123 1819 1821 2247 
4124 2110 2070 2211 
4125 1824 1823 1827 
4126 1850 1849 1851 
4127 1948 1982 2035 
4128 1929 1930 2259 
4129 1799 1800 1801 
4130 1825 1822 1826 
4131 1887 1889 1890 
4132 1810 1809 1811 
4133 1828 1827 1832 
4134 1889 1888 2253 
4135 2235 1921 2290 
4136 1830 1865 1991 
4137 1840 1845 2278 
4138 1859 1860 1898 
4139 2031 2180 2182 
4140 1852 1853 1896 
4141 1829 1830 2245 
4142 2058 2010 2089 
4143 2193 2072 2241 
4144 1865 1867 2243 
4145 2072 1982 2224 
4146 1938 1908 2258 
4147 1814 1813 1816 
4148 1888 1916 2253 
4149 1954 2013 2036 
4150 2020 2064 2065 
4151 2217 1841 2232 
4152 1916 1969 2246 
4153 1946 1993 2046 
4154 2036 2056 2124 
4155 1833 1841 2217 
4156 1859 1898 1910 
4157 1825 1826 1829 
4158 1927 1939 1940 
4159 1807 1809 1810 
4160 1817 1816 1818 
4161 2072 2225 2241 
4162 1885 1882 1886 
4163 1867 1869 1871 
4164 103 104 1753 
4165 2072 2224 2225 
4166 1799 1797 1800 
4167 1830 1991 2245 
4168 1877 1878 1879 
4169 1829 1826 1830 
4170 1877 1879 2248 
4171 1863 1861 1918 
4172 1940 1967 1968 
4173 1833 1832 1841 
4174 2039 2018 2080 
4175 1964 1849 2266 
4176 1827 1823 2038 
4177 1856 1858 1859 
4178 1891 1893 2270 
4179 1927 1973 2280 
4180 1900 2074 2258 
4181 1877 1876 1878 
4182 1975 1965 2075 
4183 1901 1900 2258 
4184 2203 2202 2297 
4185 1841 1832 1849 
4186 2246 2034 2257 
4187 1845 1848 1855 
4188 1919 1918 1929 
4189 1796 1793 2137 
4190 1811 1813 1814 
4191 1896 1897 1926 
4192 1935 1936 1958 
4193 1904 1899 2264 
4194 1942 1904 2264 
4195 1976 1961 1999 
4196 1814 1816 1817 
4197 2265 2075 2292 
4198 1841 1849 1850 
4199 2143 2144 2145 
4200 1912 1908 1938 
4201 1922 2167 2303 
4202 2273 2274 2275 
4203 2273 2275 2277 
4204 1991 1865 2243 
4205 1927 1940 1973 
4206 2256 1978 2293 
4207 2251 2256 2293 
4208 1867 1871 2243 
4209 2181 2178 2326 
4210 1943 2003 2290 
4211 1879 1880 1881 
4212 1890 1891 1895 
4213 1895 1891 2270 
4214 1852 1842 1853 
4215 1878 1876 1937 
4216 2228 2227 2313 
4217 2260 2259 2261 
4218 2291 2076 2300 
4219 1879 1878 1880 
4220 1841 1850 2232 
4221 2243 1871 2271 
4222 1850 1851 1861 
4223 1941 1965 1974 
4224 1988 2018 2037 
4225 2009 2028 2029 
4226 1991 2291 2300 
4227 1911 1886 2302 
4228 1979 1959 1980 
4229 2024 1980 2025 
4230 1931 1929 1978 
4231 1887 1890 2292 
4232 1855 1856 2288 
4233 2273 2272 2274 
4234 1903 1904 1935 
4235 1896 1853 1897 
4236 1881 1882 1884 
4237 1884 1882 1885 
4238 2275 2274 2276 
4239 2227 2032 2313 
4240 2052 2304 2310 
4241 2059 2054 2115 
4242 1872 1905 1913 
4243 1926 1897 1927 
4244 2233 2255 2295 
4245 1972 1997 2282 
4246 2221 1853 2283 
4247 2070 2069 2294 
4248 2225 2224 2281 
4249 1874 2187 2284 
4250 1881 1880 1882 
4251 2083 2082 2084 
4252 2172 2030 2183 
4253 1965 1902 2286 
4254 1898 1860 1899 
4255 2019 1970 2040 
4256 1923 2235 2312 
4257 1917 1840 2278 
4258 1879 1881 2301 
4259 1893 1906 2270 
4260 66 67 1761 
4261 2255 2193 2295 
4262 1956 1934 1981 
4263 2075 1965 2286 
4264 1834 2245 2283 
4265 1859 1910 2288 
4266 87 88 1762 
4267 1958 1936 1959 
4268 2047 2048 2049 
4269 1906 1925 2041 
4270 2283 2245 2300 
4271 2085 2084 2092 
4272 1898 1899 1903 
4273 1973 2272 2273 
4274 1795 1796 1797 
4275 2003 2083 2290 
4276 2069 2236 2294 
4277 2060 2040 2100 
4278 1961 1931 2256 
4279 1941 1974 2234 
4280 2077 2076 2291 
4281 1952 2008 2307 
4282 2048 1994 2090 
4283 1974 1965 1975 
4284 2041 1925 2042 
4285 2037 2039 2148 
4286 1935 1904 1936 
4287 1842 1834 2283 
4288 1973 2273 2305 
4289 2101 2053 2102 
4290 2271 2322 2325 
4291 1885 1887 2292 
4292 2037 2018 2039 
4293 2260 2262 2263 
4294 1846 1839 2239 
4295 1861 1862 2279 
4296 2224 1986 2281 
4297 1902 1884 2286 
4298 2010 1976 2249 
4299 1976 1999 2249 
4300 1941 1902 1965 
4301 1991 2243 2291 
4302 1921 1943 2290 
4303 1974 1975 2000 
4304 108 109 1763 
4305 1946 2046 2308 
4306 1882 1880 2302 
4307 1980 1959 1998 
4308 1913 1914 1915 
4309 1973 1940 2272 
4310 2076 2221 2300 
4311 1853 1842 2283 
4312 2075 2286 2292 
4313 2020 2005 2064 
4314 1993 1994 2047 
4315 2003 2082 2083 
4316 1931 1978 2256 
4317 1869 1872 2268 
4318 1856 1859 2288 
4319 2062 2025 2107 
4320 2093 2092 2117 
4321 1940 1968 2272 
4322 2264 1923 2323 
4323 2041 2042 2043 
4324 1986 1988 2281 
4325 1951 1941 2234 
4326 2286 1885 2292 
4327 1950 1911 2313 
4328 1890 1895 2265 
4329 1915 1932 1945 
4330 1926 1927 2280 
4331 2249 1999 2250 
4332 2048 2090 2091 
4333 1932 1954 2254 
4334 2078 2147 2330 
4335 2047 1994 2048 
4336 2051 2053 2101 
4337 1918 1861 2279 
4338 2005 1944 2303 
4339 1903 1899 1904 
4340 1944 1922 2303 
4341 2251 1999 2256 
4342 2050 2001 2051 
4343 1999 1961 2256 
4344 1988 2037 2281 
4345 2000 1975 2001 
4346 1978 1929 2259 
4347 1946 1972 1993 
4348 1970 1926 2280 
4349 2260 2263 2293 
4350 2221 2283 2300 
4351 1906 2041 2270 
4352 2202 2206 2297 
4353 2083 2084 2085 
4354 2243 2271 2291 
4355 1884 1885 2286 
4356 2065 2064 2299 
4357 2085 2092 2093 
4358 2000 2001 2050 
4359 1903 1957 2311 
4360 2023 1996 2063 
4361 2089 2010 2249 
4362 1881 1894 2301 
4363 2211 2070 2294 
4364 1871 1869 2268 
4365 2146 2284 2324 
4366 2053 2052 2314 
4367 1876 1874 2284 
4368 2271 2077 2291 
4369 2276 2274 2287 
4370 2260 2261 2262 
4371 2040 1970 2280 
4372 1993 1972 1994 
4373 2062 2107 2108 
4374 1978 2259 2260 
4375 1945 1932 2254 
4376 1981 2142 2340 
4377 1937 1876 2284 
4378 1954 2036 2254 
4379 2244 1864 2328 
4380 2250 1999 2251 
4381 1946 1945 1972 
4382 2049 2287 2334 
4383 2042 2045 2285 
4384 2280 1973 2305 
4385 2090 1994 2282 
4386 2045 2098 2099 
4387 1872 1913 2268 
4388 2250 2251 2252 
4389 2245 1991 2300 
4390 2066 2005 2303 
4391 1915 1945 1946 
4392 2330 2147 2331 
4393 2225 2281 2309 
4394 1910 1898 2311 
4395 2039 2080 2081 
4396 1886 1882 2302 
4397 2064 2066 2267 
4398 1920 1952 2307 
4399 2150 2244 2328 
4400 2284 2187 2324 
4401 2102 2053 2318 
4402 2064 2005 2066 
4403 2093 2117 2118 
4404 2154 1808 2333 
4405 1978 2260 2293 
4406 2304 2265 2310 
4407 2118 2119 2120 
4408 2054 1951 2234 
4409 2281 2037 2309 
4410 2043 2042 2285 
4411 1994 1972 2282 
4412 2040 2280 2305 
4413 2186 2065 2298 
4414 2222 2077 2325 
4415 2064 2267 2299 
4416 2115 2054 2315 
4417 1895 2270 2306 
4418 2310 2306 2314 
4419 2041 2043 2306 
4420 2075 2265 2304 
4421 1822 1818 2321 
4422 1975 2075 2304 
4423 2054 2234 2315 
4424 2001 1975 2304 
4425 2100 2040 2305 
4426 2032 1950 2313 
4427 2053 2314 2318 
4428 2298 2065 2299 
4429 2037 2148 2309 
4430 2270 2041 2306 
4431 2234 2015 2315 
4432 1895 2306 2310 
4433 1816 2149 2321 
4434 1898 1903 2311 
4435 2045 2099 2285 
4436 2101 2102 2105 
4437 1795 1793 1796 
4438 1923 2312 2323 
4439 2265 1895 2310 
4440 2148 2039 2317 
4441 2329 2047 2335 
4442 2271 1871 2322 
4443 1915 1946 2308 
4444 2230 2231 2319 
4445 2306 2043 2314 
4446 2235 2290 2312 
4447 1812 1809 2331 
4448 1826 1822 2328 
4449 2149 2150 2321 
4450 2314 2043 2318 
4451 2268 1913 2308 
4452 1913 1915 2308 
4453 45 46 1765 
4454 2144 2324 2327 
4455 2290 2083 2312 
4456 2315 2015 2316 
4457 1942 2264 2332 
4458 69 70 1766 
4459 2083 2085 2312 
4460 90 91 1767 
4461 2154 2033 2330 
4462 1992 2078 2330 
4463 2322 2046 2325 
4464 111 112 1768 
4465 2264 2323 2332 
4466 42 43 1781 
4467 2102 2318 2320 
4468 2144 2146 2324 
4469 2043 2285 2318 
4470 2324 1966 2327 
4471 2052 2310 2314 
4472 2067 2154 2333 
4473 2066 2296 2326 
4474 2039 2081 2317 
4475 2308 2046 2322 
4476 1993 2047 2329 
4477 2338 2192 2341 
4478 48 49 1769 
4479 1818 1816 2321 
4480 2312 2085 2323 
4481 1938 2192 2338 
4482 2318 2285 2320 
4483 2189 2138 2341 
4484 2222 2329 2335 
4485 2285 2099 2320 
4486 2267 2066 2326 
4487 2274 2272 2334 
4488 2187 1966 2324 
4489 2049 2048 2336 
4490 2268 2308 2322 
4491 1871 2268 2322 
4492 1966 2244 2327 
4493 2085 2093 2323 
4494 2287 2049 2336 
4495 2077 2271 2325 
4496 2046 1993 2329 
4497 1864 1826 2328 
4498 2145 2144 2327 
4499 2222 2325 2329 
4500 2334 1968 2335 
4501 2296 2181 2326 
4502 2074 2214 2337 
4503 2033 1992 2330 
4504 2258 2074 2337 
4505 1912 1938 2338 
4506 2323 2093 2332 
4507 2147 1812 2331 
4508 1981 1934 2338 
4509 1968 2222 2335 
4510 1956 1981 2340 
4511 2163 2067 2333 
4512 2049 2334 2335 
4513 40 41 1750 
4514 2063 1996 2340 
4515 2093 2118 2332 
4516 2272 1968 2334 
4517 2325 2046 2329 
4518 2047 2049 2335 
4519 1794 1793 1795 
4520 2048 2091 2336 
4521 1934 1912 2338 
4522 1938 2258 2337 
4523 2142 2137 2339 
4524 1996 1956 2340 
4525 2192 2189 2341 
4526 1791 1793 1794 
4527 2141 2151 2343 
4528 2151 2152 2343 
4529 2342 2141 2343 
4530 2230 2319 2343 
4531 1957 2212 2342 
4532 1791 1792 1793 
4533 2152 2230 2343 
4534 2319 1957 2342 
4535 2140 2141 2345 
4536 2212 2026 2345 
4537 1791 1789 1792 
4538 1790 1791 2134 
4539 2141 2342 2345 
4540 1790 2134 2344 
4541 2342 2212 2345 
4542 2134 2139 2346 
4543 1790 1789 1791 
4544 1787 1790 2135 
4545 2063 2136 2347 
4546 2023 2063 2347 
4547 1789 1788 2136 
4548 1787 1789 1790 
4549 2121 2023 2347 
4550 1787 1788 1789 
4551 1787 1785 1788 
4552 1786 1785 1787 
4553 1785 1783 2133 
4554 1784 1785 1786 
4555 2186 2359 2402 
4556 2050 2123 2349 
4557 2371 2091 2415 
4558 1784 1783 1785 
4559 2132 2062 2348 
4560 2353 2354 2355 
4561 2316 2015 2349 
4562 2000 2050 2349 
4563 2062 2108 2348 
4564 2015 2000 2349 
4565 1772 2252 2411 
4566 2120 2131 2350 
4567 2124 2126 2352 
4568 2118 2120 2350 
4569 1942 2332 2350 
4570 2131 1998 2351 
4571 1936 1942 2351 
4572 1998 1959 2351 
4573 1783 1782 2095 
4574 1777 1783 1784 
4575 1997 2254 2352 
4576 2036 2124 2352 
4577 2352 2126 2353 
4578 2127 1775 2356 
4579 2262 1757 2378 
4580 1774 2114 2423 
4581 2368 2423 2432 
4582 2186 2298 2433 
4583 2155 2127 2356 
4584 2385 2162 2418 
4585 2122 1771 2365 
4586 2113 1761 2407 
4587 2332 2118 2350 
4588 2353 2126 2354 
4589 1959 1936 2351 
4590 2123 2122 2365 
4591 2254 2036 2352 
4592 1778 2115 2416 
4593 2282 1997 2353 
4594 2368 1774 2423 
4595 1777 1784 2360 
4596 2156 2356 2357 
4597 2282 2353 2355 
4598 2116 2115 2417 
4599 2262 2261 2377 
4600 2081 2088 2377 
4601 2090 2282 2355 
4602 1775 2127 2358 
4603 2114 1774 2409 
4604 2132 2348 2382 
4605 2108 1770 2431 
4606 2056 2176 2380 
4607 2055 2237 2376 
4608 1784 1786 2382 
4609 2348 1759 2382 
4610 2298 2058 2383 
4611 2156 2155 2356 
4612 2098 2057 2385 
4613 2159 2162 2385 
4614 2059 2116 2386 
4615 2106 2165 2386 
4616 2252 1772 2435 
4617 1777 1782 1783 
4618 4 2112 2425 
4619 2373 2087 2401 
4620 1761 2113 2404 
4621 2249 2250 2396 
4622 2348 2108 2406 
4623 2276 2287 2389 
4624 1760 2316 2438 
4625 1767 2385 2418 
4626 2161 2157 2399 
4627 2119 2363 2427 
4628 80 81 1782 
4629 59 60 2359 
4630 1777 80 1782 
4631 1779 59 2359 
4632 3 71 2363 
4633 79 1777 2360 
4634 58 1779 2362 
4635 100 1778 2361 
4636 1759 78 2360 
4637 1760 99 2361 
4638 1758 57 2362 
4639 71 1754 2363 
4640 56 1758 2366 
4641 96 97 2365 
4642 62 63 2368 
4643 37 1780 2364 
4644 78 79 2360 
4645 99 100 2361 
4646 57 58 2362 
4647 1771 96 2365 
4648 33 34 2367 
4649 1764 36 2364 
4650 35 1764 2369 
4651 104 105 2370 
4652 1752 62 2368 
4653 1773 33 2367 
4654 36 37 2364 
4655 32 1773 2372 
4656 63 1774 2368 
4657 55 56 2366 
4658 105 1776 2370 
4659 1756 30 2371 
4660 34 35 2369 
4661 1753 104 2370 
4662 31 32 2372 
4663 30 31 2371 
4664 41 42 2375 
4665 46 47 2373 
4666 47 48 2374 
4667 1765 46 2373 
4668 42 1781 2375 
4669 48 1769 2374 
4670 1750 41 2375 
4671 2060 2100 2405 
4672 2097 2121 2413 
4673 2211 2055 2376 
4674 1770 2109 2395 
4675 2096 2084 2407 
4676 2082 2113 2407 
4677 2156 2357 2399 
4678 2080 2210 2408 
4679 2086 2153 2401 
4680 2120 2119 2427 
4681 2087 2374 2437 
4682 2293 2263 2411 
4683 2252 2251 2411 
4684 2261 2081 2377 
4685 1757 51 2378 
4686 1769 49 2381 
4687 2115 2315 2416 
4688 50 1757 2384 
4689 2176 2174 2419 
4690 2114 2166 2423 
4691 2320 2099 2426 
4692 2105 2102 2428 
4693 2131 2120 2379 
4694 51 52 2378 
4695 2129 2131 2379 
4696 68 69 2387 
4697 2363 2119 2393 
4698 2125 2056 2380 
4699 2110 2211 2420 
4700 53 1772 2388 
4701 49 2 2381 
4702 43 44 2390 
4703 82 1751 2391 
4704 1786 2132 2382 
4705 2390 44 2397 
4706 2091 2090 2415 
4707 1766 70 2393 
4708 93 94 2394 
4709 2106 2370 2440 
4710 74 1770 2395 
4711 2058 2089 2383 
4712 2 50 2384 
4713 2095 1782 2391 
4714 45 1765 2397 
4715 2092 2096 2424 
4716 88 89 2398 
4717 86 2357 2410 
4718 2109 2130 2395 
4719 106 107 2400 
4720 61 1752 2402 
4721 2386 2116 2421 
4722 2057 2159 2385 
4723 98 1760 2403 
4724 2126 1768 2392 
4725 2316 2349 2438 
4726 66 1761 2404 
4727 2165 2059 2386 
4728 2367 34 2369 
4729 2371 31 2372 
4730 2373 47 2374 
4731 77 1759 2406 
4732 1768 112 2392 
4733 2112 4 2439 
4734 2408 2210 2437 
4735 1774 64 2409 
4736 1759 2348 2406 
4737 1750 2375 2376 
4738 69 1766 2387 
4739 107 108 2412 
4740 1761 67 2414 
4741 2391 1751 2413 
4742 101 102 2417 
4743 112 1 2392 
4744 89 90 2418 
4745 102 103 2421 
4746 2406 2108 2431 
4747 2287 2336 2389 
4748 91 4 2425 
4749 1780 38 2442 
4750 1763 109 2430 
4751 1770 75 2431 
4752 29 1756 2436 
4753 1772 54 2435 
4754 52 53 2388 
4755 39 2238 2442 
4756 68 2387 2414 
4757 1781 43 2390 
4758 81 82 2391 
4759 2111 2390 2397 
4760 2381 2 2384 
4761 2088 2381 2384 
4762 1782 81 2391 
4763 70 3 2393 
4764 2354 2126 2392 
4765 3 2363 2393 
4766 1755 93 2394 
4767 73 74 2395 
4768 2123 2365 2403 
4769 2175 2104 2422 
4770 2378 52 2388 
4771 2089 2249 2396 
4772 44 45 2397 
4773 2394 2105 2428 
4774 2359 60 2402 
4775 2365 97 2403 
4776 1775 85 2410 
4777 1762 88 2398 
4778 2087 2086 2401 
4779 2095 2391 2413 
4780 2157 2156 2399 
4781 2275 1764 2441 
4782 1776 106 2400 
4783 2387 2096 2414 
4784 2096 2387 2424 
4785 60 61 2402 
4786 85 86 2410 
4787 2121 2095 2413 
4788 97 98 2403 
4789 1753 2386 2421 
4790 65 66 2404 
4791 2238 2060 2405 
4792 2316 2361 2416 
4793 76 77 2406 
4794 1773 2367 2389 
4795 2366 2252 2435 
4796 2084 2082 2407 
4797 2380 1763 2430 
4798 1766 2117 2424 
4799 2210 2087 2437 
4800 55 2366 2435 
4801 2104 2103 2422 
4802 2088 2080 2408 
4803 2185 1752 2432 
4804 2389 2336 2429 
4805 2356 1775 2410 
4806 64 65 2409 
4807 2125 2380 2430 
4808 2392 1 2436 
4809 1773 2389 2429 
4810 2362 1779 2443 
4811 2251 2293 2411 
4812 92 1755 2439 
4813 2354 2392 2436 
4814 2357 2356 2410 
4815 1779 2383 2443 
4816 108 1763 2412 
4817 2405 1780 2442 
4818 67 68 2414 
4819 1765 2373 2401 
4820 2089 2396 2443 
4821 2315 2316 2416 
4822 1778 101 2417 
4823 1769 2408 2437 
4824 90 1767 2418 
4825 2422 2103 2440 
4826 4 92 2439 
4827 65 2404 2409 
4828 2174 2175 2419 
4829 103 1753 2421 
4830 2103 2106 2440 
4831 2166 2094 2423 
4832 1769 2381 2408 
4833 2117 2092 2424 
4834 2277 2275 2441 
4835 1767 91 2425 
4836 2099 2112 2426 
4837 2090 2355 2415 
4838 2355 1756 2415 
4839 2423 2094 2432 
4840 2336 2091 2429 
4841 2102 2320 2428 
4842 2298 2383 2433 
4843 2403 1760 2438 
4844 2400 2175 2422 
4845 109 110 2430 
4846 2381 2088 2408 
4847 75 76 2431 
4848 1752 2368 2432 
4849 2094 2185 2432 
4850 2100 2277 2434 
4851 54 55 2435 
4852 1 29 2436 
4853 2361 1778 2416 
4854 2091 2372 2429 
4855 76 2406 2431 
4856 38 39 2442 
4857 1754 2379 2427 
4858 1776 2422 2440 
4859 2349 2123 2438 
4860 2364 1780 2434 
4861 1756 2371 2415 
4862 1779 2359 2433 
4863 2211 2376 2420 
4864 2376 2375 2420 
4865 2375 1781 2420 
4866 1755 2394 2428 
4867 2364 2434 2441 
4868 2383 1779 2433 
4869 2363 1754 2427 
4870 2372 1773 2429 
4871 2379 2120 2427 
4872 2123 2403 2438 
4873 2374 1769 2437 
4874 2370 1776 2440 
4875 1764 2364 2441 
4876 2387 1766 2424 
4877 2238 2405 2442 
4878 2434 2277 2441 
4879 1776 2400 2422 
4880 1755 2426 2439 
4881 2383 2089 2443 
4882 2175 2412 2419 
4883 2412 1763 2419 
4884 2426 2112 2439 
$EndElements
