$MeshFormat
4.1 0 8
$EndMeshFormat
$Entities
4 4 1 0
1 0 0 0 0 
2 1 0 0 0 
3 1 1 0 0 
4 0 1 0 0 
1 0 0 0 1 0 0 1 1 2 1 -2 
2 1 0 0 1 1 0 1 2 2 2 -3 
3 0 1 0 1 1 0 1 3 2 3 -4 
4 0 0 0 0 1 0 1 4 2 4 -1 
1 0 0 0 1 1 0 1 5 4 1 2 3 4 
$EndEntities
$Nodes
9 3015 1 3015
0 1 0 1
1
0 0 0
0 2 0 1
2
1 0 0
0 3 0 1
3
1 1 0
0 4 0 1
4
0 1 0
1 1 0 49
5
6
7
8
9
10
11
12
13
14
15
16
17
18
19
20
21
22
23
24
25
26
27
28
29
30
31
32
33
34
35
36
37
38
39
40
41
42
43
44
45
46
47
48
49
50
51
52
53
0.01999999999996237 0 0
0.03999999999992186 0 0
0.05999999999987837 0 0
0.07999999999984518 0 0
0.09999999999981463 0 0
0.1199999999997832 0 0
0.1399999999997328 0 0
0.1599999999996745 0 0
0.1799999999996162 0 0
0.1999999999995579 0 0
0.2199999999994996 0 0
0.2399999999994413 0 0
0.259999999999383 0 0
0.2799999999993247 0 0
0.2999999999992664 0 0
0.3199999999992081 0 0
0.3399999999991498 0 0
0.3599999999990915 0 0
0.3799999999990332 0 0
0.3999999999989749 0 0
0.4199999999989167 0 0
0.4399999999988584 0 0
0.4599999999988 0 0
0.4799999999987418 0 0
0.4999999999986943 0 0
0.5199999999987361 0 0
0.5399999999987888 0 0
0.5599999999988415 0 0
0.5799999999988942 0 0
0.5999999999989468 0 0
0.6199999999989995 0 0
0.6399999999990521 0 0
0.6599999999991049 0 0
0.6799999999991574 0 0
0.6999999999992101 0 0
0.7199999999992628 0 0
0.7399999999993154 0 0
0.7599999999993681 0 0
0.7799999999994207 0 0
0.7999999999994734 0 0
0.8199999999995261 0 0
0.8399999999995788 0 0
0.8599999999996314 0 0
0.8799999999996841 0 0
0.8999999999997367 0 0
0.9199999999997894 0 0
0.939999999999842 0 0
0.9599999999998947 0 0
0.9799999999999475 0 0
1 2 0 49
54
55
56
57
58
59
60
61
62
63
64
65
66
67
68
69
70
71
72
73
74
75
76
77
78
79
80
81
82
83
84
85
86
87
88
89
90
91
92
93
94
95
96
97
98
99
100
101
102
1 0.01999999999996237 0
1 0.03999999999992186 0
1 0.05999999999987837 0
1 0.07999999999984518 0
1 0.09999999999981463 0
1 0.1199999999997832 0
1 0.1399999999997328 0
1 0.1599999999996745 0
1 0.1799999999996162 0
1 0.1999999999995579 0
1 0.2199999999994996 0
1 0.2399999999994413 0
1 0.259999999999383 0
1 0.2799999999993247 0
1 0.2999999999992664 0
1 0.3199999999992081 0
1 0.3399999999991498 0
1 0.3599999999990915 0
1 0.3799999999990332 0
1 0.3999999999989749 0
1 0.4199999999989167 0
1 0.4399999999988584 0
1 0.4599999999988 0
1 0.4799999999987418 0
1 0.4999999999986943 0
1 0.5199999999987361 0
1 0.5399999999987888 0
1 0.5599999999988415 0
1 0.5799999999988942 0
1 0.5999999999989468 0
1 0.6199999999989995 0
1 0.6399999999990521 0
1 0.6599999999991049 0
1 0.6799999999991574 0
1 0.6999999999992101 0
1 0.7199999999992628 0
1 0.7399999999993154 0
1 0.7599999999993681 0
1 0.7799999999994207 0
1 0.7999999999994734 0
1 0.8199999999995261 0
1 0.8399999999995788 0
1 0.8599999999996314 0
1 0.8799999999996841 0
1 0.8999999999997367 0
1 0.9199999999997894 0
1 0.939999999999842 0
1 0.9599999999998947 0
1 0.9799999999999475 0
1 3 0 49
103
104
105
106
107
108
109
110
111
112
113
114
115
116
117
118
119
120
121
122
123
124
125
126
127
128
129
130
131
132
133
134
135
136
137
138
139
140
141
142
143
144
145
146
147
148
149
150
151
0.9799999999999167 1 0
0.9599999999998334 1 0
0.9399999999997501 1 0
0.9199999999996669 1 0
0.8999999999995835 1 0
0.879999999999508 1 0
0.8599999999995834 1 0
0.8399999999997222 1 0
0.819999999999861 1 0
0.7999999999999997 1 0
0.7800000000001385 1 0
0.7600000000002772 1 0
0.7400000000004161 1 0
0.7200000000005549 1 0
0.7000000000006936 1 0
0.6800000000008324 1 0
0.660000000000971 1 0
0.6400000000011098 1 0
0.6200000000012484 1 0
0.6000000000013872 1 0
0.5800000000015259 1 0
0.5600000000016645 1 0
0.5400000000018033 1 0
0.5200000000019419 1 0
0.500000000002059 1 0
0.4800000000019974 1 0
0.4600000000019141 1 0
0.4400000000018309 1 0
0.4200000000017478 1 0
0.4000000000016645 1 0
0.3800000000015813 1 0
0.360000000001498 1 0
0.3400000000014148 1 0
0.3200000000013316 1 0
0.3000000000012484 1 0
0.2800000000011651 1 0
0.2600000000010819 1 0
0.2400000000009987 1 0
0.2200000000009155 1 0
0.2000000000008322 1 0
0.180000000000749 1 0
0.1600000000006658 1 0
0.1400000000005825 1 0
0.1200000000004994 1 0
0.1000000000004161 1 0
0.08000000000033292 1 0
0.06000000000024963 1 0
0.04000000000016646 1 0
0.02000000000008328 1 0
1 4 0 49
152
153
154
155
156
157
158
159
160
161
162
163
164
165
166
167
168
169
170
171
172
173
174
175
176
177
178
179
180
181
182
183
184
185
186
187
188
189
190
191
192
193
194
195
196
197
198
199
200
0 0.9799999999999167 0
0 0.9599999999998334 0
0 0.9399999999997501 0
0 0.9199999999996669 0
0 0.8999999999995835 0
0 0.879999999999508 0
0 0.8599999999995834 0
0 0.8399999999997222 0
0 0.819999999999861 0
0 0.7999999999999997 0
0 0.7800000000001385 0
0 0.7600000000002772 0
0 0.7400000000004161 0
0 0.7200000000005549 0
0 0.7000000000006936 0
0 0.6800000000008324 0
0 0.660000000000971 0
0 0.6400000000011098 0
0 0.6200000000012484 0
0 0.6000000000013872 0
0 0.5800000000015259 0
0 0.5600000000016645 0
0 0.5400000000018033 0
0 0.5200000000019419 0
0 0.500000000002059 0
0 0.4800000000019974 0
0 0.4600000000019141 0
0 0.4400000000018309 0
0 0.4200000000017478 0
0 0.4000000000016645 0
0 0.3800000000015813 0
0 0.360000000001498 0
0 0.3400000000014148 0
0 0.3200000000013316 0
0 0.3000000000012484 0
0 0.2800000000011651 0
0 0.2600000000010819 0
0 0.2400000000009987 0
0 0.2200000000009155 0
0 0.2000000000008322 0
0 0.180000000000749 0
0 0.1600000000006658 0
0 0.1400000000005825 0
0 0.1200000000004994 0
0 0.1000000000004161 0
0 0.08000000000033292 0
0 0.06000000000024963 0
0 0.04000000000016646 0
0 0.02000000000008328 0
2 1 0 2815
201
202
203
204
205
206
207
208
209
210
211
212
213
214
215
216
217
218
219
220
221
222
223
224
225
226
227
228
229
230
231
232
233
234
235
236
237
238
239
240
241
242
243
244
245
246
247
248
249
250
251
252
253
254
255
256
257
258
259
260
261
262
263
264
265
266
267
268
269
270
271
272
273
274
275
276
277
278
279
280
281
282
283
284
285
286
287
288
289
290
291
292
293
294
295
296
297
298
299
300
301
302
303
304
305
306
307
308
309
310
311
312
313
314
315
316
317
318
319
320
321
322
323
324
325
326
327
328
329
330
331
332
333
334
335
336
337
338
339
340
341
342
343
344
345
346
347
348
349
350
351
352
353
354
355
356
357
358
359
360
361
362
363
364
365
366
367
368
369
370
371
372
373
374
375
376
377
378
379
380
381
382
383
384
385
386
387
388
389
390
391
392
393
394
395
396
397
398
399
400
401
402
403
404
405
406
407
408
409
410
411
412
413
414
415
416
417
418
419
420
421
422
423
424
425
426
427
428
429
430
431
432
433
434
435
436
437
438
439
440
441
442
443
444
445
446
447
448
449
450
451
452
453
454
455
456
457
458
459
460
461
462
463
464
465
466
467
468
469
470
471
472
473
474
475
476
477
478
479
480
481
482
483
484
485
486
487
488
489
490
491
492
493
494
495
496
497
498
499
500
501
502
503
504
505
506
507
508
509
510
511
512
513
514
515
516
517
518
519
520
521
522
523
524
525
526
527
528
529
530
531
532
533
534
535
536
537
538
539
540
541
542
543
544
545
546
547
548
549
550
551
552
553
554
555
556
557
558
559
560
561
562
563
564
565
566
567
568
569
570
571
572
573
574
575
576
577
578
579
580
581
582
583
584
585
586
587
588
589
590
591
592
593
594
595
596
597
598
599
600
601
602
603
604
605
606
607
608
609
610
611
612
613
614
615
616
617
618
619
620
621
622
623
624
625
626
627
628
629
630
631
632
633
634
635
636
637
638
639
640
641
642
643
644
645
646
647
648
649
650
651
652
653
654
655
656
657
658
659
660
661
662
663
664
665
666
667
668
669
670
671
672
673
674
675
676
677
678
679
680
681
682
683
684
685
686
687
688
689
690
691
692
693
694
695
696
697
698
699
700
701
702
703
704
705
706
707
708
709
710
711
712
713
714
715
716
717
718
719
720
721
722
723
724
725
726
727
728
729
730
731
732
733
734
735
736
737
738
739
740
741
742
743
744
745
746
747
748
749
750
751
752
753
754
755
756
757
758
759
760
761
762
763
764
765
766
767
768
769
770
771
772
773
774
775
776
777
778
779
780
781
782
783
784
785
786
787
788
789
790
791
792
793
794
795
796
797
798
799
800
801
802
803
804
805
806
807
808
809
810
811
812
813
814
815
816
817
818
819
820
821
822
823
824
825
826
827
828
829
830
831
832
833
834
835
836
837
838
839
840
841
842
843
844
845
846
847
848
849
850
851
852
853
854
855
856
857
858
859
860
861
862
863
864
865
866
867
868
869
870
871
872
873
874
875
876
877
878
879
880
881
882
883
884
885
886
887
888
889
890
891
892
893
894
895
896
897
898
899
900
901
902
903
904
905
906
907
908
909
910
911
912
913
914
915
916
917
918
919
920
921
922
923
924
925
926
927
928
929
930
931
932
933
934
935
936
937
938
939
940
941
942
943
944
945
946
947
948
949
950
951
952
953
954
955
956
957
958
959
960
961
962
963
964
965
966
967
968
969
970
971
972
973
974
975
976
977
978
979
980
981
982
983
984
985
986
987
988
989
990
991
992
993
994
995
996
997
998
999
1000
1001
1002
1003
1004
1005
1006
1007
1008
1009
1010
1011
1012
1013
1014
1015
1016
1017
1018
1019
1020
1021
1022
1023
1024
1025
1026
1027
1028
1029
1030
1031
1032
1033
1034
1035
1036
1037
1038
1039
1040
1041
1042
1043
1044
1045
1046
1047
1048
1049
1050
1051
1052
1053
1054
1055
1056
1057
1058
1059
1060
1061
1062
1063
1064
1065
1066
1067
1068
1069
1070
1071
1072
1073
1074
1075
1076
1077
1078
1079
1080
1081
1082
1083
1084
1085
1086
1087
1088
1089
1090
1091
1092
1093
1094
1095
1096
1097
1098
1099
1100
1101
1102
1103
1104
1105
1106
1107
1108
1109
1110
1111
1112
1113
1114
1115
1116
1117
1118
1119
1120
1121
1122
1123
1124
1125
1126
1127
1128
1129
1130
1131
1132
1133
1134
1135
1136
1137
1138
1139
1140
1141
1142
1143
1144
1145
1146
1147
1148
1149
1150
1151
1152
1153
1154
1155
1156
1157
1158
1159
1160
1161
1162
1163
1164
1165
1166
1167
1168
1169
1170
1171
1172
1173
1174
1175
1176
1177
1178
1179
1180
1181
1182
1183
1184
1185
1186
1187
1188
1189
1190
1191
1192
1193
1194
1195
1196
1197
1198
1199
1200
1201
1202
1203
1204
1205
1206
1207
1208
1209
1210
1211
1212
1213
1214
1215
1216
1217
1218
1219
1220
1221
1222
1223
1224
1225
1226
1227
1228
1229
1230
1231
1232
1233
1234
1235
1236
1237
1238
1239
1240
1241
1242
1243
1244
1245
1246
1247
1248
1249
1250
1251
1252
1253
1254
1255
1256
1257
1258
1259
1260
1261
1262
1263
1264
1265
1266
1267
1268
1269
1270
1271
1272
1273
1274
1275
1276
1277
1278
1279
1280
1281
1282
1283
1284
1285
1286
1287
1288
1289
1290
1291
1292
1293
1294
1295
1296
1297
1298
1299
1300
1301
1302
1303
1304
1305
1306
1307
1308
1309
1310
1311
1312
1313
1314
1315
1316
1317
1318
1319
1320
1321
1322
1323
1324
1325
1326
1327
1328
1329
1330
1331
1332
1333
1334
1335
1336
1337
1338
1339
1340
1341
1342
1343
1344
1345
1346
1347
1348
1349
1350
1351
1352
1353
1354
1355
1356
1357
1358
1359
1360
1361
1362
1363
1364
1365
1366
1367
1368
1369
1370
1371
1372
1373
1374
1375
1376
1377
1378
1379
1380
1381
1382
1383
1384
1385
1386
1387
1388
1389
1390
1391
1392
1393
1394
1395
1396
1397
1398
1399
1400
1401
1402
1403
1404
1405
1406
1407
1408
1409
1410
1411
1412
1413
1414
1415
1416
1417
1418
1419
1420
1421
1422
1423
1424
1425
1426
1427
1428
1429
1430
1431
1432
1433
1434
1435
1436
1437
1438
1439
1440
1441
1442
1443
1444
1445
1446
1447
1448
1449
1450
1451
1452
1453
1454
1455
1456
1457
1458
1459
1460
1461
1462
1463
1464
1465
1466
1467
1468
1469
1470
1471
1472
1473
1474
1475
1476
1477
1478
1479
1480
1481
1482
1483
1484
1485
1486
1487
1488
1489
1490
1491
1492
1493
1494
1495
1496
1497
1498
1499
1500
1501
1502
1503
1504
1505
1506
1507
1508
1509
1510
1511
1512
1513
1514
1515
1516
1517
1518
1519
1520
1521
1522
1523
1524
1525
1526
1527
1528
1529
1530
1531
1532
1533
1534
1535
1536
1537
1538
1539
1540
1541
1542
1543
1544
1545
1546
1547
1548
1549
1550
1551
1552
1553
1554
1555
1556
1557
1558
1559
1560
1561
1562
1563
1564
1565
1566
1567
1568
1569
1570
1571
1572
1573
1574
1575
1576
1577
1578
1579
1580
1581
1582
1583
1584
1585
1586
1587
1588
1589
1590
1591
1592
1593
1594
1595
1596
1597
1598
1599
1600
1601
1602
1603
1604
1605
1606
1607
1608
1609
1610
1611
1612
1613
1614
1615
1616
1617
1618
1619
1620
1621
1622
1623
1624
1625
1626
1627
1628
1629
1630
1631
1632
1633
1634
1635
1636
1637
1638
1639
1640
1641
1642
1643
1644
1645
1646
1647
1648
1649
1650
1651
1652
1653
1654
1655
1656
1657
1658
1659
1660
1661
1662
1663
1664
1665
1666
1667
1668
1669
1670
1671
1672
1673
1674
1675
1676
1677
1678
1679
1680
1681
1682
1683
1684
1685
1686
1687
1688
1689
1690
1691
1692
1693
1694
1695
1696
1697
1698
1699
1700
1701
1702
1703
1704
1705
1706
1707
1708
1709
1710
1711
1712
1713
1714
1715
1716
1717
1718
1719
1720
1721
1722
1723
1724
1725
1726
1727
1728
1729
1730
1731
1732
1733
1734
1735
1736
1737
1738
1739
1740
1741
1742
1743
1744
1745
1746
1747
1748
1749
1750
1751
1752
1753
1754
1755
1756
1757
1758
1759
1760
1761
1762
1763
1764
1765
1766
1767
1768
1769
1770
1771
1772
1773
1774
1775
1776
1777
1778
1779
1780
1781
1782
1783
1784
1785
1786
1787
1788
1789
1790
1791
1792
1793
1794
1795
1796
1797
1798
1799
1800
1801
1802
1803
1804
1805
1806
1807
1808
1809
1810
1811
1812
1813
1814
1815
1816
1817
1818
1819
1820
1821
1822
1823
1824
1825
1826
1827
1828
1829
1830
1831
1832
1833
1834
1835
1836
1837
1838
1839
1840
1841
1842
1843
1844
1845
1846
1847
1848
1849
1850
1851
1852
1853
1854
1855
1856
1857
1858
1859
1860
1861
1862
1863
1864
1865
1866
1867
1868
1869
1870
1871
1872
1873
1874
1875
1876
1877
1878
1879
1880
1881
1882
1883
1884
1885
1886
1887
1888
1889
1890
1891
1892
1893
1894
1895
1896
1897
1898
1899
1900
1901
1902
1903
1904
1905
1906
1907
1908
1909
1910
1911
1912
1913
1914
1915
1916
1917
1918
1919
1920
1921
1922
1923
1924
1925
1926
1927
1928
1929
1930
1931
1932
1933
1934
1935
1936
1937
1938
1939
1940
1941
1942
1943
1944
1945
1946
1947
1948
1949
1950
1951
1952
1953
1954
1955
1956
1957
1958
1959
1960
1961
1962
1963
1964
1965
1966
1967
1968
1969
1970
1971
1972
1973
1974
1975
1976
1977
1978
1979
1980
1981
1982
1983
1984
1985
1986
1987
1988
1989
1990
1991
1992
1993
1994
1995
1996
1997
1998
1999
2000
2001
2002
2003
2004
2005
2006
2007
2008
2009
2010
2011
2012
2013
2014
2015
2016
2017
2018
2019
2020
2021
2022
2023
2024
2025
2026
2027
2028
2029
2030
2031
2032
2033
2034
2035
2036
2037
2038
2039
2040
2041
2042
2043
2044
2045
2046
2047
2048
2049
2050
2051
2052
2053
2054
2055
2056
2057
2058
2059
2060
2061
2062
2063
2064
2065
2066
2067
2068
2069
2070
2071
2072
2073
2074
2075
2076
2077
2078
2079
2080
2081
2082
2083
2084
2085
2086
2087
2088
2089
2090
2091
2092
2093
2094
2095
2096
2097
2098
2099
2100
2101
2102
2103
2104
2105
2106
2107
2108
2109
2110
2111
2112
2113
2114
2115
2116
2117
2118
2119
2120
2121
2122
2123
2124
2125
2126
2127
2128
2129
2130
2131
2132
2133
2134
2135
2136
2137
2138
2139
2140
2141
2142
2143
2144
2145
2146
2147
2148
2149
2150
2151
2152
2153
2154
2155
2156
2157
2158
2159
2160
2161
2162
2163
2164
2165
2166
2167
2168
2169
2170
2171
2172
2173
2174
2175
2176
2177
2178
2179
2180
2181
2182
2183
2184
2185
2186
2187
2188
2189
2190
2191
2192
2193
2194
2195
2196
2197
2198
2199
2200
2201
2202
2203
2204
2205
2206
2207
2208
2209
2210
2211
2212
2213
2214
2215
2216
2217
2218
2219
2220
2221
2222
2223
2224
2225
2226
2227
2228
2229
2230
2231
2232
2233
2234
2235
2236
2237
2238
2239
2240
2241
2242
2243
2244
2245
2246
2247
2248
2249
2250
2251
2252
2253
2254
2255
2256
2257
2258
2259
2260
2261
2262
2263
2264
2265
2266
2267
2268
2269
2270
2271
2272
2273
2274
2275
2276
2277
2278
2279
2280
2281
2282
2283
2284
2285
2286
2287
2288
2289
2290
2291
2292
2293
2294
2295
2296
2297
2298
2299
2300
2301
2302
2303
2304
2305
2306
2307
2308
2309
2310
2311
2312
2313
2314
2315
2316
2317
2318
2319
2320
2321
2322
2323
2324
2325
2326
2327
2328
2329
2330
2331
2332
2333
2334
2335
2336
2337
2338
2339
2340
2341
2342
2343
2344
2345
2346
2347
2348
2349
2350
2351
2352
2353
2354
2355
2356
2357
2358
2359
2360
2361
2362
2363
2364
2365
2366
2367
2368
2369
2370
2371
2372
2373
2374
2375
2376
2377
2378
2379
2380
2381
2382
2383
2384
2385
2386
2387
2388
2389
2390
2391
2392
2393
2394
2395
2396
2397
2398
2399
2400
2401
2402
2403
2404
2405
2406
2407
2408
2409
2410
2411
2412
2413
2414
2415
2416
2417
2418
2419
2420
2421
2422
2423
2424
2425
2426
2427
2428
2429
2430
2431
2432
2433
2434
2435
2436
2437
2438
2439
2440
2441
2442
2443
2444
2445
2446
2447
2448
2449
2450
2451
2452
2453
2454
2455
2456
2457
2458
2459
2460
2461
2462
2463
2464
2465
2466
2467
2468
2469
2470
2471
2472
2473
2474
2475
2476
2477
2478
2479
2480
2481
2482
2483
2484
2485
2486
2487
2488
2489
2490
2491
2492
2493
2494
2495
2496
2497
2498
2499
2500
2501
2502
2503
2504
2505
2506
2507
2508
2509
2510
2511
2512
2513
2514
2515
2516
2517
2518
2519
2520
2521
2522
2523
2524
2525
2526
2527
2528
2529
2530
2531
2532
2533
2534
2535
2536
2537
2538
2539
2540
2541
2542
2543
2544
2545
2546
2547
2548
2549
2550
2551
2552
2553
2554
2555
2556
2557
2558
2559
2560
2561
2562
2563
2564
2565
2566
2567
2568
2569
2570
2571
2572
2573
2574
2575
2576
2577
2578
2579
2580
2581
2582
2583
2584
2585
2586
2587
2588
2589
2590
2591
2592
2593
2594
2595
2596
2597
2598
2599
2600
2601
2602
2603
2604
2605
2606
2607
2608
2609
2610
2611
2612
2613
2614
2615
2616
2617
2618
2619
2620
2621
2622
2623
2624
2625
2626
2627
2628
2629
2630
2631
2632
2633
2634
2635
2636
2637
2638
2639
2640
2641
2642
2643
2644
2645
2646
2647
2648
2649
2650
2651
2652
2653
2654
2655
2656
2657
2658
2659
2660
2661
2662
2663
2664
2665
2666
2667
2668
2669
2670
2671
2672
2673
2674
2675
2676
2677
2678
2679
2680
2681
2682
2683
2684
2685
2686
2687
2688
2689
2690
2691
2692
2693
2694
2695
2696
2697
2698
2699
2700
2701
2702
2703
2704
2705
2706
2707
2708
2709
2710
2711
2712
2713
2714
2715
2716
2717
2718
2719
2720
2721
2722
2723
2724
2725
2726
2727
2728
2729
2730
2731
2732
2733
2734
2735
2736
2737
2738
2739
2740
2741
2742
2743
2744
2745
2746
2747
2748
2749
2750
2751
2752
2753
2754
2755
2756
2757
2758
2759
2760
2761
2762
2763
2764
2765
2766
2767
2768
2769
2770
2771
2772
2773
2774
2775
2776
2777
2778
2779
2780
2781
2782
2783
2784
2785
2786
2787
2788
2789
2790
2791
2792
2793
2794
2795
2796
2797
2798
2799
2800
2801
2802
2803
2804
2805
2806
2807
2808
2809
2810
2811
2812
2813
2814
2815
2816
2817
2818
2819
2820
2821
2822
2823
2824
2825
2826
2827
2828
2829
2830
2831
2832
2833
2834
2835
2836
2837
2838
2839
2840
2841
2842
2843
2844
2845
2846
2847
2848
2849
2850
2851
2852
2853
2854
2855
2856
2857
2858
2859
2860
2861
2862
2863
2864
2865
2866
2867
2868
2869
2870
2871
2872
2873
2874
2875
2876
2877
2878
2879
2880
2881
2882
2883
2884
2885
2886
2887
2888
2889
2890
2891
2892
2893
2894
2895
2896
2897
2898
2899
2900
2901
2902
2903
2904
2905
2906
2907
2908
2909
2910
2911
2912
2913
2914
2915
2916
2917
2918
2919
2920
2921
2922
2923
2924
2925
2926
2927
2928
2929
2930
2931
2932
2933
2934
2935
2936
2937
2938
2939
2940
2941
2942
2943
2944
2945
2946
2947
2948
2949
2950
2951
2952
2953
2954
2955
2956
2957
2958
2959
2960
2961
2962
2963
2964
2965
2966
2967
2968
2969
2970
2971
2972
2973
2974
2975
2976
2977
2978
2979
2980
2981
2982
2983
2984
2985
2986
2987
2988
2989
2990
2991
2992
2993
2994
2995
2996
2997
2998
2999
3000
3001
3002
3003
3004
3005
3006
3007
3008
3009
3010
3011
3012
3013
3014
3015
0.4900000000020799 0.982679491924349 0
0.01695069607946936 0.4898506152337034 0
0.5099999999987 0.01732050807567432 0
0.9826794919243211 0.5099999999986888 0
0.0173205080755686 0.6100000000013178 0
0.6100000000013879 0.9826794919247654 0
0.389999999999004 0.01732050807563826 0
0.9815756101158215 0.3888681810999544 0
0.3700000000015397 0.9826794919242392 0
0.9820143332695157 0.6302197205200253 0
0.01756366237624186 0.3696991249398168 0
0.629780200749089 0.01635401476787139 0
0.7100000000006663 0.9826794919249453 0
0.0184055529988613 0.7108094844171371 0
0.9863816246074368 0.2894809838086636 0
0.2899999999992956 0.01732050807563826 0
0.2700000000013523 0.9826794919241869 0
0.9830978598260334 0.7299999999992843 0
0.01908914688431705 0.2713329471065206 0
0.7299999999992983 0.01732050807574022 0
0.9809907954147872 0.2070275355669401 0
0.2099999999995287 0.01732050807563829 0
0.7900000000000691 0.9826794919245535 0
0.01910020252909774 0.7911740814433039 0
0.1900000000009843 0.9826794919242052 0
0.9864030321232186 0.8093801056679677 0
0.0173205080757608 0.1900000000007906 0
0.8099999999994999 0.01732050807573436 0
0.017320508075596 0.8699999999995457 0
0.8699999999995457 0.982679491924404 0
0.129780200748688 0.01635401476653887 0
0.9824329887504858 0.1309732677408836 0
0.4300000000017893 0.9826794919242392 0
0.1300000000011628 0.9826794919238414 0
0.01802751040981227 0.4320220610018511 0
0.9852314872839585 0.8697011701027113 0
0.9821310769817464 0.5713382542273056 0
0.01933183035687611 0.1325830733368154 0
0.5699999999988677 0.01732050807573436 0
0.8697802007495388 0.01635401476794486 0
0.9812994856575343 0.4488764655560747 0
0.4497802007478903 0.01635335087009668 0
0.5500000000017392 0.9826794919245416 0
0.01746842057419068 0.5499628268777924 0
0.9299999999998182 0.01732050807572695 0
0.01732050807575331 0.07000000000028692 0
0.9299999999997057 0.9826794919242459 0
0.01732050807575644 0.9299999999997053 0
0.06813763206438775 0.9809152515742088 0
0.9822291395855494 0.930184039980124 0
0.9822291395856344 0.06981596001960358 0
0.06798328035787882 0.01795989401669566 0
0.3300000000013792 0.9826794919242424 0
0.0173205080757608 0.3300000000013731 0
0.982052668605042 0.769017190465741 0
0.982679491924266 0.6699999999991237 0
0.2300000000011496 0.9826794919242248 0
0.6699999999991311 0.01732050807573426 0
0.7699999999993979 0.01732050807573233 0
0.01732050807576085 0.2300000000009571 0
0.3497802007481551 0.01635401476686524 0
0.9851255769267655 0.3497311949102453 0
0.01906021770209604 0.651765637603371 0
0.6500000000012766 0.9826794919249175 0
0.2499999999994122 0.01732050807563829 0
0.9823887699497437 0.1695101727969531 0
0.9820648546090741 0.2491384074503228 0
0.1699999999996453 0.01732050807563826 0
0.7500000000003472 0.9826794919244315 0
0.8299999999997915 0.9826794919244314 0
0.0173205080755685 0.7500000000003472 0
0.01907058323437016 0.8283925145496155 0
0.9692264973080127 0.01687392608834066 0
0.01687392608836345 0.03077350269203732 0
0.9692264973079578 0.9831260739116248 0
0.01687392608837692 0.9692264973079667 0
0.5100000000020034 0.9826794919244044 0
0.5000000000020994 0.9653589838487793 0
0.4800000000022016 0.9653589838486731 0
0.4900000000022405 0.9480384757731304 0
0.4700000000023485 0.9480384757730178 0
0.480000000002395 0.9307179676974802 0
0.4600000000025015 0.9307179676973649 0
0.4700000000025489 0.9133974596218284 0
0.4900000000024385 0.9133974596219456 0
0.4800000000025952 0.8960769515462933 0
0.4600000000027038 0.8960769515461761 0
0.4700000000027514 0.8787564434706386 0
0.4500000000028581 0.8787564434705213 0
0.4600000000029072 0.8614359353949808 0
0.4400000000030095 0.8614359353948632 0
0.45000000000306 0.8441154273193205 0
0.4700000000029598 0.8441154273194384 0
0.4600000000031135 0.8267949192437768 0
0.4800000000030174 0.8267949192438949 0
0.4700000000031684 0.8094744111682292 0
0.4900000000030752 0.8094744111683483 0
0.4800000000032226 0.7921539030926779 0
0.5000000000031342 0.7921539030927979 0
0.4900000000032798 0.7748333950171247 0
0.510000000003193 0.7748333950172444 0
0.5000000000033387 0.7575128869415702 0
0.4800000000034247 0.7575128869414516 0
0.4900000000034826 0.7401923788658948 0
0.5100000000033987 0.7401923788660135 0
0.5000000000035417 0.7228718707903361 0
0.5200000000034612 0.7228718707904541 0
0.510000000003603 0.7055513627147763 0
0.4900000000036829 0.7055513627146593 0
0.5000000000037432 0.6882308546390985 0
0.4800000000037721 0.6882308546389762 0
0.4900000000038752 0.6709103465634195 0
0.5100000000038031 0.6709103465635362 0
0.5000000000039426 0.6535898384878571 0
0.5200000000038665 0.6535898384879733 0
0.5100000000040052 0.6362693304122933 0
0.4900000000040312 0.6362693304121655 0
0.5000000000041349 0.6189488223366109 0
0.5200000000040665 0.6189488223367281 0
0.5100000000042031 0.6016283142610472 0
0.49000000000428 0.6016283142609327 0
0.5000000000043416 0.5843078061853669 0
0.4800000000043807 0.5843078061852457 0
0.4900000000044731 0.5669872981096848 0
0.5100000000044029 0.5669872981098005 0
0.5000000000045397 0.5496667900341188 0
0.5200000000044667 0.5496667900342338 0
0.5100000000046027 0.5323462819585512 0
0.4900000000046758 0.5323462819584371 0
0.5000000000047381 0.5150257738828673 0
0.480000000004808 0.5150257738827535 0
0.5200000000046663 0.5150257738829824 0
0.4900000000048719 0.4977052658071809 0
0.4700000000049358 0.4977052658070684 0
0.4800000000050038 0.4803847577314919 0
0.4600000000050624 0.4803847577313797 0
0.4700000000051333 0.4630642496557997 0
0.4500000000051911 0.463064249655687 0
0.4300000000031586 0.8441154273192023 0
0.4600000000052618 0.4457437415801051 0
0.4400000000053206 0.4457437415799914 0
0.430000000005248 0.4630642496555747 0
0.4200000000053739 0.445743741579878 0
0.4100000000053053 0.4630642496554634 0
0.4300000000054446 0.4284232335042905 0
0.4100000000054964 0.4284232335041782 0
0.4200000000055679 0.4111027254285861 0
0.4000000000056115 0.4111027254284763 0
0.4100000000056878 0.3937822173528807 0
0.3900000000057285 0.3937822173527711 0
0.4800000000052035 0.4457437415802197 0
0.4000000000058067 0.3764617092771745 0
0.3800000000058488 0.376461709277062 0
0.3700000000057679 0.3937822173526603 0
0.3600000000058887 0.3764617092769499 0
0.3500000000058091 0.393782217352547 0
0.3400000000059287 0.3764617092768373 0
0.3700000000059672 0.3591412012013538 0
0.3300000000058232 0.3937822173524346 0
0.3200000000059633 0.3764617092767226 0
0.3100000000058433 0.3937822173523156 0
0.3000000000059953 0.3764617092766063 0
0.2900000000059114 0.3937822173522055 0
0.2800000000060331 0.3764617092764924 0
0.2900000000061156 0.3591412012008857 0
0.2700000000059557 0.3937822173520972 0
0.2800000000058161 0.4111027254278055 0
0.2700000000061453 0.359141201200773 0
0.2800000000062284 0.3418206931251595 0
0.2600000000058802 0.4111027254276958 0
0.270000000005749 0.4284232335034053 0
0.26000000000625 0.3418206931250479 0
0.270000000006336 0.3245001850494312 0
0.4200000000057632 0.3764617092772864 0
0.5200000000030476 0.7921539030929182 0
0.2500000000058122 0.428423233503291 0
0.2600000000056935 0.4457437415789894 0
0.2500000000063561 0.3245001850493209 0
0.2600000000064427 0.3071796769737024 0
0.240000000006477 0.307179676973602 0
0.2500000000065495 0.2898591688979733 0
0.2400000000057496 0.445743741578879 0
0.2500000000056243 0.4630642496545718 0
0.2300000000056871 0.4630642496544615 0
0.2400000000055585 0.480384757730149 0
0.2300000000066204 0.2898591688978657 0
0.2400000000066803 0.2725386608222303 0
0.2600000000066395 0.272538660822351 0
0.2500000000067467 0.2552181527466209 0
0.2700000000067287 0.2552181527467504 0
0.2300000000068184 0.255218152746496 0
0.2300000000064278 0.324500185049238 0
0.2600000000068295 0.2378976446710076 0
0.2800000000068104 0.2378976446711503 0
0.2200000000058136 0.4457437415787748 0
0.2200000000056271 0.4803847577300396 0
0.2300000000054975 0.4977052658057227 0
0.2500000000054275 0.4977052658058346 0
0.2400000000053666 0.5150257738814054 0
0.2600000000052946 0.5150257738815174 0
0.2500000000052335 0.5323462819570864 0
0.2300000000053093 0.5323462819569749 0
0.2400000000051751 0.5496667900326524 0
0.2600000000050968 0.5496667900327643 0
0.250000000005039 0.5669872981083282 0
0.2700000000049586 0.5669872981084408 0
0.260000000004901 0.5843078061840028 0
0.2400000000049836 0.5843078061838911 0
0.2500000000048456 0.6016283142595636 0
0.2700000000047618 0.6016283142596759 0
0.2600000000047057 0.6189488223352357 0
0.2400000000047905 0.6189488223351229 0
0.2500000000046519 0.6362693304107949 0
0.2300000000047362 0.636269330410651 0
0.2400000000045762 0.6535898384863311 0
0.2600000000045117 0.6535898384864665 0
0.2500000000043986 0.6709103465620012 0
0.2700000000043735 0.6709103465621438 0
0.2600000000043131 0.6882308546377149 0
0.2400000000043259 0.6882308546375713 0
0.2500000000042493 0.7055513627132908 0
0.2300000000043111 0.7055513627131789 0
0.2400000000041965 0.7228718707888756 0
0.2200000000042563 0.7228718707887645 0
0.2300000000041339 0.7401923788644618 0
0.280000000004253 0.6882308546378306 0
0.2100000000041331 0.7401923788643743 0
0.2200000000040505 0.7575128869400525 0
0.2400000000040121 0.7575128869401625 0
0.2300000000039027 0.7748333950157835 0
0.2100000000038517 0.7748333950157118 0
0.2700000000069177 0.2205771365954022 0
0.2900000000068893 0.2205771365955386 0
0.200000000004198 0.7228718707887162 0
0.2500000000038818 0.7748333950158666 0
0.2400000000037806 0.7921539030914984 0
0.2800000000070018 0.2032566285197937 0
0.3000000000069734 0.2032566285199075 0
0.2600000000070295 0.2032566285196747 0
0.2600000000037626 0.7921539030915753 0
0.3100000000068563 0.2205771365956697 0
0.320000000006942 0.2032566285200126 0
0.3300000000068282 0.2205771365957457 0
0.3400000000069091 0.2032566285201186 0
0.3500000000068 0.2205771365958672 0
0.3600000000068744 0.2032566285202235 0
0.3700000000067667 0.2205771365959799 0
0.3800000000068375 0.2032566285203348 0
0.390000000006724 0.2205771365960671 0
0.4000000000067983 0.2032566285204627 0
0.4100000000066815 0.2205771365961762 0
0.4200000000067625 0.203256628520562 0
0.4300000000066424 0.2205771365962855 0
0.4400000000067265 0.203256628520654 0
0.4500000000066046 0.2205771365963938 0
0.4600000000066852 0.2032566285207754 0
0.4700000000065718 0.2205771365965191 0
0.4800000000066452 0.2032566285209085 0
0.4900000000065539 0.220577136596693 0
0.5000000000066106 0.2032566285210224 0
0.5100000000065099 0.2205771365967917 0
0.5200000000065781 0.2032566285211339 0
0.5300000000064693 0.2205771365968572 0
0.540000000006549 0.2032566285212428 0
0.5500000000064384 0.2205771365969608 0
0.5600000000065199 0.2032566285213518 0
0.5700000000064099 0.2205771365970706 0
0.5800000000064918 0.203256628521462 0
0.5900000000063803 0.2205771365971823 0
0.5800000000062979 0.2378976446727901 0
0.600000000006268 0.2378976446729012 0
0.6100000000063509 0.2205771365972973 0
0.6200000000062369 0.2378976446730169 0
0.6100000000061547 0.2552181527486211 0
0.6300000000061216 0.2552181527487331 0
0.6400000000062047 0.2378976446731353 0
0.650000000006089 0.2552181527488488 0
0.6400000000060879 0.2725386608245675 0
0.6600000000060116 0.272538660824632 0
0.6700000000060609 0.2552181527489759 0
0.6800000000059422 0.2725386608246959 0
0.6700000000059136 0.2898591689003561 0
0.6900000000058242 0.2898591689004137 0
0.6800000000057504 0.30717967697601 0
0.6900000000060219 0.2552181527490873 0
0.7000000000056898 0.3071796769761127 0
0.690000000005611 0.324500185051708 0
0.7100000000055564 0.3245001850518293 0
0.7000000000054827 0.341820693127416 0
0.7200000000054301 0.3418206931275384 0
0.7100000000053576 0.3591412012031233 0
0.7300000000053034 0.3591412012032459 0
0.720000000005232 0.3764617092788294 0
0.7300000000055195 0.324500185051943 0
0.7400000000051841 0.3764617092789473 0
0.7300000000051067 0.393782217354534 0
0.7500000000050583 0.3937822173546522 0
0.7400000000049799 0.4111027254302391 0
0.7600000000048923 0.4111027254303355 0
0.7500000000048461 0.4284232335059406 0
0.7700000000047381 0.4284232335059435 0
0.7600000000047007 0.4457437415816219 0
0.740000000004769 0.4457437415815269 0
0.7500000000046435 0.4630642496572338 0
0.7000000000052808 0.3764617092787111 0
0.7700000000049871 0.3937822173547587 0
0.7700000000045784 0.463064249657345 0
0.7600000000045247 0.4803847577329468 0
0.7400000000045673 0.48038475773283 0
0.7500000000044447 0.4977052658085416 0
0.7700000000044064 0.4977052658086569 0
0.7600000000043245 0.5150257738842532 0
0.7400000000043638 0.5150257738841368 0
0.7500000000042433 0.53234628195985 0
0.7300000000043046 0.5323462819597495 0
0.7400000000041663 0.5496667900354496 0
0.7600000000041236 0.549666790035563 0
0.7500000000040432 0.5669872981111612 0
0.7700000000040021 0.5669872981112759 0
0.7600000000039195 0.5843078061868733 0
0.7400000000039639 0.5843078061867593 0
0.7500000000038393 0.6016283142624679 0
0.7700000000037965 0.6016283142625842 0
0.760000000003713 0.6189488223381767 0
0.7400000000037603 0.6189488223380583 0
0.7500000000036309 0.6362693304137648 0
0.7300000000036808 0.636269330413645 0
0.7400000000035521 0.6535898384893499 0
0.7600000000034999 0.6535898384894703 0
0.7500000000034215 0.6709103465650529 0
0.770000000003352 0.6709103465651642 0
0.7600000000032875 0.6882308546407551 0
0.7400000000033455 0.6882308546406358 0
0.7500000000032105 0.7055513627163359 0
0.7300000000032656 0.7055513627162112 0
0.7400000000031353 0.7228718707919132 0
0.7600000000030748 0.7228718707920351 0
0.7500000000029986 0.7401923788676094 0
0.7700000000029306 0.7401923788677369 0
0.7600000000028617 0.7575128869433065 0
0.7400000000029258 0.7575128869431846 0
0.7800000000027931 0.757512886943435 0
0.7700000000027256 0.7748333950190052 0
0.7900000000026617 0.7748333950191314 0
0.5200000000064293 0.237897644672597 0
0.6700000000057038 0.3245001850516191 0
0.8000000000027084 0.7575128869435206 0
0.7800000000025903 0.7921539030947049 0
0.8000000000025249 0.7921539030948301 0
0.2500000000037003 0.8094744111671676 0
0.7900000000024556 0.8094744111704031 0
0.7700000000025194 0.8094744111702779 0
0.810000000002391 0.809474411170526 0
0.5300000000066434 0.185936120445499 0
0.4700000000067615 0.1859361204451374 0
0.4100000000068862 0.1859361204448119 0
0.3100000000070572 0.1859361204442966 0
0.2700000000036602 0.8094744111672837 0
0.2800000000037154 0.7921539030916717 0
0.4200000000031067 0.8614359353947486 0
0.2900000000043123 0.6709103465622597 0
0.3000000000041867 0.6882308546379416 0
0.3100000000042471 0.6709103465623693 0
0.3200000000041175 0.6882308546380509 0
0.3300000000041771 0.6709103465624782 0
0.3400000000040465 0.6882308546381594 0
0.4600000000047709 0.5150257738826323 0
0.2600000000035822 0.8267949192428857 0
0.2400000000036169 0.8267949192427777 0
0.8000000000023203 0.8267949192461003 0
0.8200000000022567 0.8267949192462209 0
0.8300000000023294 0.8094744111706389 0
0.8400000000022053 0.826794919246347 0
0.3500000000041048 0.6709103465625876 0
0.4600000000065962 0.2378976446722326 0
0.2800000000035479 0.8267949192429971 0
0.500000000002484 0.8960769515464106 0
0.8500000000022854 0.8094744111707532 0
0.2500000000035013 0.8441154273184973 0
0.2300000000035157 0.8441154273183884 0
0.8100000000021803 0.8441154273217959 0
0.4100000000032498 0.8441154273190833 0
0.4000000000031925 0.8614359353946408 0
0.2800000000056064 0.4457437415791031 0
0.3600000000039747 0.6882308546382685 0
0.350000000003917 0.705551362713839 0
0.8600000000021668 0.8267949192464742 0
0.3700000000040328 0.6709103465626982 0
0.3600000000041642 0.6535898384870176 0
0.4000000000066066 0.2378976446717769 0
0.3400000000067138 0.2378976446715168 0
0.2400000000034186 0.8614359353941226 0
0.2200000000034193 0.8614359353940109 0
0.3700000000038439 0.7055513627139489 0
0.3600000000037863 0.7228718707895192 0
0.8700000000022579 0.8094744111708785 0
0.3800000000040896 0.6535898384871272 0
0.3700000000042221 0.6362693304114481 0
0.3900000000033329 0.8441154273189651 0
0.3800000000032709 0.8614359353945336 0
0.4000000000033949 0.8267949192434098 0
0.8800000000021355 0.8267949192466053 0
0.8700000000020387 0.8441154273221919 0
0.2900000000063159 0.3245001850495618 0
0.3900000000031371 0.87875644347022 0
0.370000000003195 0.8787564434701143 0
0.3800000000037119 0.7228718707896278 0
0.3800000000034759 0.8267949192432893 0
0.3900000000041491 0.6362693304115559 0
0.38000000000428 0.6189488223358768 0
0.2300000000033247 0.8787564434697503 0
0.210000000003325 0.8787564434696391 0
0.2000000000034214 0.8614359353938978 0
0.190000000003327 0.8787564434695216 0
0.1800000000034291 0.8614359353937879 0
0.1700000000033342 0.8787564434694075 0
0.1600000000034412 0.8614359353936767 0
0.1500000000033526 0.8787564434692874 0
0.250000000003325 0.8787564434698607 0
0.1400000000033858 0.8614359353935571 0
0.1300000000031689 0.8787564434691492 0
0.1500000000035359 0.8441154273179594 0
0.1300000000034919 0.8441154273178136 0
0.1400000000036414 0.8267949192422509 0
0.1200000000037045 0.8267949192421227 0
0.1300000000037757 0.8094744111665586 0
0.3400000000056718 0.4111027254281308 0
0.860000000002371 0.7921539030951505 0
0.8800000000023518 0.7921539030952754 0
0.8700000000024649 0.7748333950195418 0
0.8900000000024503 0.7748333950196644 0
0.8800000000025606 0.7575128869439245 0
0.8900000000020111 0.8441154273223299 0
0.8800000000019131 0.8614359353979198 0
0.1100000000037358 0.8094744111664547 0
0.1200000000038936 0.7921539030908763 0
0.3600000000043481 0.6189488223357716 0
0.3700000000044035 0.6016283142602008 0
0.3900000000043374 0.6016283142603064 0
0.3800000000044664 0.5843078061846263 0
0.3600000000045328 0.5843078061845205 0
0.3700000000045965 0.5669872981089455 0
0.1600000000032069 0.8960769515450343 0
0.1000000000037585 0.7921539030908145 0
0.1100000000039357 0.7748333950152493 0
0.1000000000034481 0.8267949192420231 0
0.9000000000025523 0.7575128869440474 0
0.8900000000026596 0.7401923788683061 0
0.9000000000018848 0.8614359353980561 0
0.8900000000017864 0.8787564434736483 0
0.8700000000018121 0.878756443473494 0
0.240000000003225 0.8960769515454989 0
0.260000000003235 0.8960769515456082 0
0.4000000000043947 0.5843078061847345 0
0.4000000000040173 0.6535898384872367 0
0.1300000000039495 0.7748333950153184 0
0.1200000000040871 0.7575128869396464 0
0.1000000000040978 0.7575128869395771 0
0.1100000000042302 0.7401923788639789 0
0.3800000000030725 0.8960769515458169 0
0.3600000000031097 0.8960769515457065 0
0.7900000000022533 0.8441154273216731 0
0.8000000000021049 0.8614359353973597 0
0.7800000000021875 0.8614359353972374 0
0.7900000000020376 0.8787564434729159 0
0.770000000002122 0.878756443472792 0
0.7600000000022753 0.8614359353970853 0
0.7500000000022088 0.8787564434726726 0
0.7400000000023621 0.8614359353969615 0
0.7300000000022958 0.8787564434725447 0
0.7200000000024469 0.8614359353968771 0
0.7100000000023922 0.8787564434724321 0
0.7000000000025343 0.861435935396756 0
0.6900000000024843 0.8787564434723083 0
0.6800000000026334 0.8614359353966456 0
0.6700000000025843 0.8787564434721924 0
0.6600000000027342 0.861435935396529 0
0.6700000000027722 0.8441154273209894 0
0.6500000000027349 0.8441154273208019 0
0.6400000000025173 0.8614359353962772 0
0.660000000002898 0.8267949192453112 0
0.6400000000028006 0.8267949192451496 0
0.6500000000030258 0.8094744111696427 0
0.6300000000029817 0.8094744111695256 0
0.6400000000031589 0.7921539030939867 0
0.620000000003158 0.7921539030937953 0
0.6300000000033235 0.7748333950182943 0
0.6100000000030232 0.8094744111693901 0
0.6100000000033889 0.7748333950181407 0
0.6200000000034928 0.7575128869426073 0
0.6400000000033788 0.7575128869427146 0
0.6300000000035536 0.7401923788670439 0
0.6100000000035297 0.7401923788668756 0
0.6200000000036929 0.7228718707913573 0
0.6400000000035893 0.7228718707914551 0
0.6300000000037601 0.7055513627157929 0
0.6100000000037308 0.70555136271563 0
0.6200000000037987 0.688230854640054 0
0.6400000000038034 0.6882308546402055 0
0.6300000000039505 0.6709103465645297 0
0.6100000000040058 0.6709103465644044 0
0.6200000000041115 0.6535898384888714 0
0.640000000004001 0.6535898384889425 0
0.6300000000041719 0.6362693304132796 0
0.6100000000041469 0.6362693304132059 0
0.620000000004299 0.6189488223375909 0
0.6400000000042052 0.6189488223376677 0
0.6300000000043915 0.6016283142620122 0
0.6100000000041775 0.6016283142617875 0
0.6200000000044709 0.584307806186296 0
0.6400000000044266 0.5843078061864024 0
0.630000000004592 0.5669872981107396 0
0.6100000000043626 0.5669872981104942 0
0.6200000000046633 0.5496667900350233 0
0.6400000000046586 0.5496667900351606 0
0.6300000000047956 0.5323462819594718 0
0.6100000000046257 0.5323462819593534 0
0.620000000004806 0.5150257738838355 0
0.6400000000048571 0.515025773883907 0
0.6300000000049842 0.4977052658082155 0
0.6100000000049516 0.4977052658081552 0
0.620000000005115 0.4803847577325241 0
0.6000000000051617 0.4803847577324188 0
0.6100000000052598 0.4630642496568219 0
0.5900000000053054 0.4630642496567164 0
0.6000000000053901 0.4457437415811255 0
0.6300000000052116 0.4630642496569409 0
0.5800000000054353 0.4457437415810193 0
0.5900000000055183 0.4284232335054288 0
0.5700000000055616 0.4284232335053224 0
0.5800000000056451 0.4111027254297307 0
0.5600000000056875 0.4111027254296236 0
0.5700000000057712 0.3937822173540316 0
0.5500000000058113 0.3937822173539238 0
0.5600000000058991 0.3764617092783277 0
0.5400000000059449 0.3764617092782154 0
0.5500000000060243 0.3591412012026245 0
0.5300000000060698 0.3591412012025101 0
0.540000000006145 0.3418206931269179 0
0.5200000000061903 0.341820693126804 0
0.5900000000057224 0.3937822173541436 0
0.5600000000061025 0.3418206931270336 0
0.5100000000061148 0.3591412012023971 0
0.5000000000062355 0.3418206931266911 0
0.5500000000062214 0.3245001850513245 0
0.6800000000024331 0.8960769515478553 0
0.5700000000061789 0.3245001850514396 0
0.350000000004668 0.5669872981088375 0
0.3600000000047266 0.5496667900332641 0
0.6600000000025368 0.8960769515477367 0
0.22000000000441 0.6882308546374963 0
0.2400000000059366 0.4111027254275933 0
0.270000000007115 0.1859361204440679 0
0.2500000000071427 0.1859361204439529 0
0.2600000000072277 0.1686156123683467 0
0.2400000000072568 0.1686156123682321 0
0.2500000000073406 0.1512951042926276 0
0.2300000000073712 0.1512951042925126 0
0.220000000007287 0.1686156123681171 0
0.210000000007395 0.1512951042923821 0
0.2000000000073114 0.1686156123680035 0
0.1900000000074136 0.1512951042922506 0
0.1800000000073291 0.1686156123678899 0
0.1700000000074288 0.1512951042921395 0
0.1600000000073388 0.1686156123677803 0
0.1500000000074368 0.1512951042920334 0
0.1400000000073394 0.1686156123676724 0
0.1500000000072444 0.1859361204434203 0
0.1300000000072372 0.1859361204433118 0
0.1400000000071461 0.2032566285190548 0
0.1300000000074376 0.151295104291922 0
0.2200000000074862 0.1339745962167913 0
0.1400000000075375 0.1339745962162854 0
0.1200000000075369 0.1339745962161709 0
0.1200000000071318 0.2032566285189577 0
0.1300000000070431 0.220577136594704 0
0.1300000000076435 0.1166540881405388 0
0.1100000000076378 0.1166540881404166 0
0.110000000007022 0.2205771365946086 0
0.1200000000069373 0.2378976446703716 0
0.1400000000069779 0.2378976446704255 0
0.1300000000068585 0.2552181527461287 0
0.1100000000068314 0.2552181527460295 0
0.1200000000067517 0.2725386608217937 0
0.1400000000068055 0.2725386608218627 0
0.1300000000066741 0.2898591688975562 0
0.1100000000066511 0.2898591688974528 0
0.120000000006573 0.3071796769732145 0
0.1400000000066403 0.3071796769732666 0
0.1300000000065158 0.3245001850489532 0
0.1100000000064778 0.3245001850488665 0
0.1200000000064001 0.3418206931246192 0
0.140000000006428 0.3418206931247112 0
0.1300000000063177 0.35914120120037 0
0.150000000006322 0.3591412012004693 0
0.1400000000062071 0.3764617092760948 0
0.120000000006231 0.3764617092760079 0
0.1300000000061169 0.3937822173517241 0
0.1100000000061548 0.3937822173516403 0
0.1200000000060997 0.4111027254273334 0
0.1000000000075248 0.1339745962160566 0
0.1000000000063765 0.3418206931245232 0
0.1500000000076425 0.116654088140656 0
0.2700000000073091 0.1512951042927415 0
0.4100000000042652 0.6016283142604132 0
0.3900000000035396 0.8094744111677317 0
0.3700000000036167 0.8094744111676332 0
0.2100000000055675 0.4977052658056138 0
0.4400000000055188 0.4111027254286997 0
0.2200000000052584 0.5496667900325465 0
0.4700000000036527 0.7055513627145293 0
0.3500000000069945 0.1859361204444909 0
0.7800000000036712 0.6189488223382971 0
0.670000000002907 0.8094744111697301 0
0.3100000000040585 0.7055513627136214 0
0.710000000005754 0.2898591689004869 0
0.500000000004944 0.4803847577316064 0
0.2600000000074238 0.1339745962170254 0
0.2800000000073876 0.1339745962171384 0
0.2700000000075051 0.1166540881414255 0
0.2900000000074802 0.1166540881415312 0
0.7200000000050533 0.4111027254301344 0
0.5100000000063103 0.3245001850510973 0
0.4900000000063545 0.324500185050984 0
0.6500000000049443 0.4977052658083217 0
0.5300000000035243 0.7055513627148937 0
0.2200000000048768 0.6189488223350057 0
0.7500000000052346 0.3591412012032856 0
0.2000000000056986 0.4803847577299338 0
0.190000000005639 0.4977052658055029 0
0.1800000000057717 0.4803847577298245 0
0.1700000000057136 0.4977052658053938 0
0.5300000000031073 0.7748333950173631 0
0.5300000000041294 0.6016283142611628 0
0.7800000000042862 0.5150257738843684 0
0.8700000000026693 0.7401923788681852 0
0.8800000000027663 0.7228718707925668 0
0.8600000000027734 0.7228718707924428 0
0.8700000000028707 0.7055513627168257 0
0.8900000000028619 0.7055513627169449 0
0.8800000000029689 0.6882308546412049 0
0.8600000000029773 0.688230854641089 0
0.8700000000030743 0.6709103465654631 0
0.8900000000030674 0.6709103465655806 0
0.8800000000031718 0.6535898384898369 0
0.9000000000031643 0.6535898384899548 0
0.8900000000032671 0.6362693304142139 0
0.8700000000032769 0.6362693304140972 0
0.8800000000033679 0.6189488223384805 0
0.900000000003359 0.6189488223385926 0
0.8900000000034616 0.6016283142628598 0
0.8700000000034751 0.6016283142627494 0
0.8800000000035677 0.5843078061871303 0
0.8600000000036039 0.5843078061870103 0
0.8700000000036798 0.5669872981114037 0
0.8900000000036515 0.5669872981115175 0
0.8800000000037632 0.549666790035795 0
0.9000000000037339 0.5496667900359071 0
0.8900000000038444 0.5323462819601893 0
0.8700000000039295 0.5323462819600915 0
0.8800000000039807 0.5150257738844701 0
0.9000000000039263 0.5150257738845864 0
0.8900000000040441 0.4977052658088758 0
0.8700000000040961 0.4977052658087529 0
0.8800000000041635 0.4803847577331646 0
0.8600000000042544 0.4803847577330648 0
0.8700000000043008 0.4630642496574535 0
0.8900000000042414 0.4630642496575721 0
0.8800000000043613 0.4457437415818642 0
0.8600000000044199 0.4457437415817416 0
0.8700000000044865 0.4284232335061566 0
0.8900000000044361 0.4284232335062735 0
0.8800000000045609 0.4111027254305682 0
0.8600000000046097 0.4111027254304517 0
0.8700000000046867 0.3937822173548645 0
0.890000000004637 0.3937822173549811 0
0.8800000000047667 0.3764617092792761 0
0.8600000000048137 0.3764617092791598 0
0.8700000000048944 0.3591412012035714 0
0.8500000000049416 0.3591412012034553 0
0.8600000000050191 0.3418206931278684 0
0.8800000000049859 0.341820693127986 0
0.8700000000051056 0.3245001850522824 0
0.8500000000051448 0.324500185052164 0
0.8600000000052243 0.3071796769765765 0
0.8400000000052704 0.3071796769764579 0
0.8500000000053514 0.2898591689008684 0
0.8300000000053962 0.2898591689007505 0
0.8400000000054779 0.2725386608251575 0
0.820000000005519 0.2725386608250407 0
0.830000000005602 0.2552181527494447 0
0.8500000000055637 0.2552181527495625 0
0.8400000000056851 0.2378976446738441 0
0.8200000000057235 0.2378976446737238 0
0.8300000000058079 0.22057713659812 0
0.8100000000058352 0.2205771365979984 0
0.8200000000059255 0.2032566285223904 0
0.8000000000059666 0.2032566285222839 0
0.8100000000060403 0.1859361204466611 0
0.7900000000060972 0.1859361204465985 0
0.830000000006039 0.1859361204467873 0
0.8200000000061325 0.1686156123710425 0
0.8400000000061385 0.1686156123711721 0
0.8300000000062296 0.1512951042954236 0
0.8500000000062398 0.1512951042955373 0
0.8600000000061832 0.1686156123712723 0
0.8400000000063306 0.1339745962197993 0
0.8200000000063288 0.1339745962196806 0
0.8600000000063532 0.133974596219908 0
0.8800000000051926 0.3071796769766966 0
0.7900000000059354 0.2205771365979255 0
0.8600000000056507 0.2378976446739658 0
0.8300000000064374 0.1166540881440484 0
0.8103077189583037 0.116831749763631 0
0.8200000000053161 0.3071796769763411 0
0.9000000000047185 0.376461709279395 0
0.4100000000058831 0.3591412012015798 0
0.3800000000046566 0.5496667900333719 0
0.3700000000047857 0.5323462819577092 0
0.3500000000048549 0.532346281957585 0
0.3600000000049577 0.5150257738820437 0
0.340000000004989 0.5150257738819051 0
0.6100000000054658 0.4284232335055405 0
0.6800000000061397 0.2378976446733635 0
0.7000000000061086 0.2378976446734809 0
0.6900000000062237 0.2205771365977555 0
0.5700000000066019 0.18593612044574 0
0.5900000000065775 0.185936120445851 0
0.5800000000066847 0.1686156123701242 0
0.600000000006665 0.168615612370237 0
0.5900000000067694 0.1512951042945058 0
0.6100000000067556 0.1512951042946194 0
0.6000000000068593 0.1339745962188871 0
0.5800000000068738 0.1339745962187738 0
0.6200000000068494 0.1339745962189982 0
0.5900000000069615 0.116654088143156 0
0.570000000006978 0.1166540881430445 0
0.6300000000067469 0.1512951042947371 0
0.6400000000068462 0.1339745962191121 0
0.6300000000069442 0.1166540881433677 0
0.6500000000069448 0.1166540881434804 0
0.6600000000068462 0.1339745962192282 0
0.6700000000069474 0.1166540881435949 0
0.6800000000068397 0.1339745962193379 0
0.6900000000069497 0.1166540881437073 0
0.7000000000068118 0.1339745962194464 0
0.7100000000069413 0.1166540881438141 0
0.7000000000070496 0.09933358006806634 0
0.7196922810544005 0.09951124168833066 0
0.5000000000029226 0.826794919244017 0
0.2100000000048143 0.6362693304105267 0
0.2000000000049622 0.6189488223348902 0
0.1900000000048998 0.636269330410441 0
0.180000000005051 0.6189488223347841 0
0.1700000000049971 0.6362693304103393 0
0.1600000000051408 0.6189488223346774 0
0.1500000000050898 0.636269330410223 0
0.1400000000052363 0.6189488223345634 0
0.1300000000051396 0.6362693304101621 0
0.1200000000053301 0.6189488223344564 0
0.1300000000053849 0.6016283142589055 0
0.1100000000054877 0.6016283142587927 0
0.1200000000055349 0.5843078061832516 0
0.110000000005103 0.6362693304101805 0
0.1400000000049016 0.6535898384858798 0
0.1000000000056416 0.5843078061831402 0
0.1100000000056854 0.5669872981075981 0
0.1300000000055823 0.5669872981077095 0
0.2000000000032045 0.8960769515452698 0
0.1200000000057303 0.5496667900320532 0
0.100000000005831 0.5496667900319416 0
0.1100000000058785 0.5323462819563958 0
0.4600000000033165 0.79215390309256 0
0.3600000000035502 0.8267949192431789 0
0.3500000000050943 0.4977052658063426 0
0.1900000000072523 0.1859361204436133 0
0.1600000000062651 0.3764617092761 0
0.7800000000029843 0.7228718707921284 0
0.3500000000032569 0.8787564434700017 0
0.5100000000023268 0.9133974596220625 0
0.5200000000023731 0.8960769515465277 0
0.3400000000031361 0.8960769515455925 0
0.7200000000033946 0.6882308546405094 0
0.7200000000031843 0.7228718707917809 0
0.7200000000038097 0.6189488223379409 0
0.5300000000022164 0.9133974596221793 0
0.5400000000022627 0.8960769515466445 0
0.5500000000021058 0.9133974596222958 0
0.5600000000022893 0.8960769515468388 0
0.5500000000023322 0.8787564434711201 0
0.8500000000030861 0.67091034656535 0
0.8500000000036968 0.5669872981113888 0
0.1600000000058425 0.4803847577297136 0
0.1700000000059033 0.4630642496541392 0
0.7200000000042341 0.5496667900353965 0
0.7100000000062001 0.2205771365978723 0
0.7200000000060409 0.2378976446735766 0
0.7299487135147351 0.1166836984139489 0
0.5700000000024713 0.913397459622636 0
0.7393247278595989 0.100104974866233 0
0.720000000002215 0.8960769515480902 0
0.7600000000020481 0.896076951548338 0
0.8800000000016952 0.8960769515492225 0
0.9000000000016516 0.8960769515493627 0
0.8600000000017316 0.896076951549079 0
0.1000000000071043 0.2032566285188404 0
0.1000000000060949 0.4111027254272623 0
0.1100000000059904 0.4284232335029843 0
0.9000000000023338 0.7921539030954055 0
0.090000000007621 0.116654088140294 0
0.100000000007738 0.09933358006465415 0
0.9100000000040001 0.4977052658089892 0
0.09000000000597583 0.5323462819562831 0
0.1000000000060243 0.5150257738807344 0
0.8203590054503885 0.0995408519579465 0
0.8400598342471897 0.09936812538335546 0
0.6400000000070418 0.09933358006773693 0
0.5800000000070653 0.09933358006742705 0
0.5600000000070857 0.09933358006731824 0
0.5500000000070029 0.1166540881429306 0
0.5400000000071119 0.09933358006720995 0
0.5300000000070311 0.1166540881428165 0
0.5200000000071432 0.09933358006710037 0
0.5100000000070639 0.1166540881427041 0
0.5000000000071778 0.09933358006699053 0
0.4900000000071004 0.1166540881425924 0
0.4800000000072157 0.0993335800668816 0
0.4700000000071397 0.1166540881424808 0
0.4600000000072559 0.0993335800667729 0
0.4500000000071812 0.1166540881423694 0
0.4400000000072982 0.09933358006666283 0
0.4300000000072253 0.1166540881422581 0
0.420000000007343 0.09933358006655371 0
0.4100000000072708 0.1166540881421475 0
0.4000000000073888 0.09933358006644355 0
0.3900000000073168 0.1166540881420373 0
0.3800000000074349 0.09933358006633303 0
0.3700000000073627 0.1166540881419264 0
0.3600000000074817 0.09933358006622202 0
0.1400000000077485 0.09933358006491533 0
0.1600000000077337 0.0993335800650313 0
0.2800000000076003 0.09933358006581851 0
0.2600000000076273 0.09933358006571198 0
0.09000000000645166 0.3245001850487633 0
0.9100000000045865 0.3937822173550986 0
0.910000000001987 0.8441154273224554 0
0.9100000000034504 0.6016283142629721 0
0.9100000000030668 0.6709103465657 0
0.09000000000423689 0.7401923788639153 0
0.100000000004372 0.7228718707883177 0
0.1200000000042974 0.7228718707884149 0
0.09000000000602348 0.4284232335028847 0
0.09000000000617404 0.3937822173515558 0
0.09000000000559716 0.6016283142586762 0
0.09000000000698918 0.2205771365945002 0
0.9100000000026559 0.7401923788684266 0
0.5700000000023657 0.8787564434713167 0
0.5600000000023875 0.8614359353955839 0
0.5400000000029548 0.7921539030930338 0
0.5400000000033839 0.7228718707905728 0
0.5400000000039928 0.6189488223368447 0
0.5900000000050161 0.4977052658079781 0
0.4700000000038001 0.6709103465632742 0
0.3900000000047164 0.5323462819578089 0
0.350000000003687 0.8094744111675161 0
0.5600000000062826 0.3071796769757024 0
0.50000000000643 0.3071796769753889 0
0.4800000000064727 0.307179676975276 0
0.1600000000036153 0.8267949192423605 0
0.5700000000053285 0.4630642496565779 0
0.5500000000055785 0.4284232335051857 0
0.5300000000057348 0.3937822173537531 0
0.4900000000061605 0.3591412012022839 0
0.3400000000045953 0.5843078061844236 0
0.2600000000039474 0.7575128869402585 0
0.8400000000048636 0.3764617092790427 0
0.7900000000043681 0.4977052658087712 0
0.1600000000064523 0.3418206931247416 0
0.6700000000067474 0.1512951042949764 0
0.3300000000051216 0.4977052658062201 0
0.8500000000035028 0.6016283142626294 0
0.7100000000037321 0.6362693304135254 0
0.7200000000044493 0.5150257738840873 0
0.3300000000033155 0.8787564434699153 0
0.8000000000042485 0.5150257738844835 0
0.3500000000030246 0.9133974596213266 0
0.3300000000030308 0.9133974596212138 0
0.6700000000023785 0.9133974596233935 0
0.6500000000024897 0.9133974596232748 0
0.2500000000031302 0.9133974596212557 0
0.89000000000156 0.9133974596249389 0
0.9101617828832144 0.9132275674706154 0
0.08000000000575233 0.584307806183029 0
0.08000000000397557 0.7575128869395238 0
0.9200000000038832 0.5150257738846976 0
0.8303775255725837 0.08223103647978072 0
0.8104304741243828 0.08379142913708217 0
0.8500728933077575 0.08205515695978889 0
0.5300000000072201 0.08201307199149464 0
0.4700000000073301 0.0820130719911744 0
0.4100000000074614 0.08201307199085019 0
0.7096409945623863 0.08222034388259744 0
0.3700000000075537 0.08201307199062949 0
0.3500000000076019 0.08201307199051863 0
0.2700000000077215 0.08201307199010753 0
0.2500000000077544 0.08201307198999785 0
0.1500000000078452 0.08201307198929855 0
0.1700000000078266 0.08201307198941955 0
0.08000000000750333 0.1339745962159412 0
0.08000000000771791 0.09933358006452886 0
0.09000000000783355 0.08201307198888702 0
0.1400000000040217 0.7575128869397482 0
0.4700000000063959 0.3245001850508714 0
0.4600000000065115 0.307179676975163 0
0.2800000000050167 0.549666790032879 0
0.8400000000029909 0.6882308546409688 0
0.3400000000051688 0.4803847577306349 0
0.3800000000036231 0.7921539030921114 0
0.1000000000059776 0.4457437415785262 0
0.08000000000596594 0.44574374157848 0
0.0800000000063483 0.341820693124427 0
0.9200000000046642 0.3764617092795151 0
0.9200000000016112 0.8960769515494926 0
0.08000000000612206 0.5150257738806258 0
0.9200000000031636 0.6535898384900694 0
0.08000000000707733 0.203256628518729 0
0.08000000000438527 0.7228718707882529 0
0.09000000000451892 0.7055513627126607 0
0.9200000000025518 0.757512886944175 0
0.5500000000030211 0.7748333950174819 0
0.5500000000034484 0.7055513627150112 0
0.5500000000040567 0.6016283142612775 0
0.5800000000062538 0.3071796769758395 0
0.5900000000061362 0.324500185051554 0
0.4200000000043222 0.5843078061848419 0
0.4700000000042603 0.6016283142608424 0
0.1400000000056315 0.5496667900321642 0
0.4400000000071085 0.1339745962179641 0
0.3800000000072442 0.1339745962176321 0
0.360000000007288 0.1339745962175212 0
0.290000000007706 0.08201307199020549 0
0.5000000000069843 0.133974596218305 0
0.2800000000066221 0.2725386608225116 0
0.3000000000073491 0.1339745962172504 0
0.3900000000055317 0.4284232335041221 0
0.4900000000065493 0.2898591688996793 0
0.4200000000051787 0.4803847577311569 0
0.3900000000037698 0.7055513627140592 0
0.4000000000036361 0.7228718707897369 0
0.4100000000036936 0.7055513627141701 0
0.4200000000035885 0.7228718707898639 0
0.1900000000051029 0.6016283142592382 0
0.3200000000042946 0.6535898384867995 0
0.8300000000049905 0.359141201203338 0
0.2500000000062 0.3591412012006788 0
0.7300000000024611 0.8441154273212328 0
0.8700000000055268 0.2552181527496835 0
0.8800000000056142 0.2378976446740897 0
0.8900000000054885 0.2552181527498071 0
0.900000000005575 0.2378976446742144 0
0.9100000000054479 0.2552181527499288 0
0.9200000000055337 0.237897644674338 0
0.9100000000056623 0.2205771365986243 0
0.510000000006499 0.2898591688997983 0
0.3300000000060462 0.3591412012011258 0
0.4700000000044081 0.5669872981095352 0
0.2700000000031361 0.9133974596213572 0
0.2200000000035912 0.8267949192426608 0
0.1500000000038911 0.7748333950154234 0
0.4000000000035762 0.792153903092228 0
0.1800000000048131 0.6535898384860267 0
0.8000512864983041 0.1340042064895131 0
0.6899401657663449 0.08204761730733834 0
0.2400000000070568 0.2032566285195604 0
0.1800000000055861 0.5150257738810864 0
0.2700000000053565 0.4977052658059467 0
0.4400000000028066 0.8960769515460565 0
0.8300000000031016 0.6709103465652386 0
0.7000000000063112 0.2032566285221425 0
0.7200000000062935 0.2032566285222603 0
0.6800000000063413 0.203256628522035 0
0.3400000000036191 0.8267949192430587 0
0.5800000000022865 0.8614359353957016 0
0.5900000000021853 0.8787564434713884 0
0.5700000000024058 0.8441154273200229 0
0.6600000000048252 0.5150257738840154 0
0.7000000000038612 0.6189488223378242 0
0.2700000000033307 0.8787564434699678 0
0.7900000000037571 0.6016283142627008 0
0.8000000000036029 0.6189488223383991 0
0.1400000000061293 0.4111027254272962 0
0.670000000004896 0.4977052658084385 0
0.9000269638147198 0.9306896523414017 0
0.8800044939703301 0.9307132484739424 0
0.9200503021316139 0.9306266037972579 0
0.5700000000071694 0.08201307199169969 0
0.5900000000071512 0.08201307199180524 0
0.9296391786127201 0.4974969454817373 0
0.8403827887697856 0.06491356711239478 0
0.6996224744403061 0.06491052840435485 0
0.07000000000641907 0.3245001850486581 0
0.9300000000054044 0.2552181527500499 0
0.9200000000053214 0.2725386608256397 0
0.07000000000464399 0.705551362712532 0
0.0800000000046861 0.6882308546369977 0
0.06000000000480184 0.6882308546368622 0
0.07000000000484427 0.6709103465613464 0
0.8600759470174639 0.06473641194420307 0
0.8700000000066798 0.08201307199290551 0
0.8800126578419085 0.06469987192177422 0
0.8900021096458827 0.08201428999377683 0
0.8996947422999435 0.0648716465383702 0
0.9096417563762007 0.08222078371686042 0
0.8999406443413795 0.09936840168952135 0
0.9196226811714163 0.0995516639130663 0
0.9099272209230937 0.1166962390553379 0
0.9195816974956859 0.06646451405680484 0
0.7195695258833144 0.06647092106192148 0
0.6799271067059489 0.06473464888368091 0
0.9300000000045341 0.3937822173552157 0
0.07000000000606374 0.4284232335027868 0
0.9298327874104872 0.670813806330476 0
0.07000000000607653 0.5323462819561706 0
0.9301463685734159 0.1163382810997363 0
0.9200000000063782 0.1339745962202556 0
0.07036519661047606 0.08222391834561954 0
0.930000000005621 0.2205771365987479 0
0.9200000000057493 0.2032566285230332 0
0.9300000000026614 0.7401923788685452 0
0.07000000000568775 0.60162831425857 0
0.07000000000695113 0.2205771365943905 0
0.06000000000583033 0.5843078061829112 0
0.06000000000600293 0.4457437415783919 0
0.5600000000028541 0.7921539030931515 0
0.5600000000033083 0.7228718707906918 0
0.5600000000039203 0.6189488223369617 0
0.1000000000046018 0.6882308546371183 0
0.3400000000029313 0.9307179676969106 0
0.3600000000029308 0.9307179676970666 0
0.3200000000027493 0.9307179676967801 0
0.1600000000039503 0.757512886939853 0
0.5700000000062766 0.289859168900009 0
0.3600000000052337 0.4803847577308041 0
0.3300000000037578 0.8094744111673756 0
0.3400000000037797 0.7921539030918552 0
0.4300000000058388 0.3591412012016926 0
0.4200000000059582 0.3418206931259848 0
0.8100000000019545 0.8787564434730422 0
0.8000000000018883 0.8960769515485933 0
0.3400000000075296 0.09933358006611015 0
0.6000000000062145 0.3071796769759584 0
0.6100000000060938 0.3245001850516692 0
0.1800000000077133 0.09933358006514548 0
0.1900000000077993 0.08201307198954527 0
0.8200000000030278 0.68823085464086 0
0.8200000000049197 0.3764617092789296 0
0.8100000000050465 0.3591412012032258 0
0.5400000000069165 0.1339745962185378 0
0.3700000000036556 0.7401923788651978 0
0.3500000000037287 0.7401923788650893 0
0.320000000005051 0.5150257738817945 0
0.8700000000057468 0.2205771365983754 0
0.2800000000046222 0.6189488223353494 0
0.2900000000046792 0.601628314259789 0
0.3300000000047307 0.5669872981087447 0
0.6000000000060162 0.3418206931272637 0
0.6200000000059462 0.3418206931273929 0
0.8100000000043173 0.4977052658088795 0
0.5100000000025307 0.8787564434708779 0
0.1500000000054843 0.5669872981078249 0
0.8500000000026764 0.7401923788680549 0
0.1200000000059257 0.5150257738808499 0
0.7100000000064025 0.185936120446526 0
0.7300000000063875 0.1859361204466457 0
0.5500000000025143 0.8441154273199134 0
0.09000000000741556 0.1512951042917015 0
0.07000000000738361 0.1512951042915885 0
0.3200000000052435 0.480384757730537 0
0.3300000000052959 0.4630642496549602 0
0.4100000000035081 0.7401923788654156 0
0.4300000000035624 0.7401923788655509 0
0.150000000005966 0.4630642496540295 0
0.6900000000037868 0.6362693304134072 0
0.5400000000020607 0.9307179676978298 0
0.1100000000060642 0.4977052658052624 0
0.07000000000607827 0.4630642496540693 0
0.8200000000041984 0.5150257738845909 0
0.8100000000041289 0.5323462819601963 0
0.7400000000062759 0.2032566285223794 0
0.2600000000030444 0.9307179676969304 0
0.2400000000030166 0.9307179676968956 0
0.7903675531989381 0.117248750777701 0
0.7800498618735243 0.1340489144222845 0
0.6600000000023331 0.930717967698925 0
0.6400000000024467 0.9307179676988071 0
0.6800000000022171 0.9307179676990449 0
0.6300000000026037 0.9133974596231594 0
0.6200000000025616 0.9307179676986905 0
0.0598745976394669 0.09949335751548571 0
0.9402951788637309 0.1000047435821443 0
0.06000000000631303 0.3418206931243285 0
0.06000000000446712 0.7228718707880837 0
0.9400000000046089 0.376461709279632 0
0.9300000000047428 0.3591412012039352 0
0.06000000000622457 0.5150257738805183 0
0.5800000000072529 0.06507594907188613 0
0.6000000000072457 0.06475646144214853 0
0.3600000000076742 0.06469256391492791 0
0.3400000000077243 0.06469256391481604 0
0.260000000007843 0.06469256391439816 0
0.2400000000078776 0.06469256391428838 0
0.1800000000079151 0.06469256391381331 0
0.08006086610837648 0.06472770497260082 0
0.1000101443580142 0.06469842075649539 0
0.9385374732844591 0.6526862821922428 0
0.9400000000057096 0.2032566285231571 0
0.9300000000058528 0.1859361204474498 0
0.9100000000059364 0.1859361204473124 0
0.06160946671022048 0.06596790464508476 0
0.9385798937866838 0.5139674154130458 0
0.9406123370768014 0.1329082325109431 0
0.9400000000052746 0.2725386608257602 0
0.9300000000051942 0.2898591689013473 0
0.05898725603238708 0.2027828966434773 0
0.94000000000256 0.7575128869443031 0
0.0500000000059504 0.4630642496539952 0
0.6000000000021724 0.8614359353958121 0
0.5700000000029328 0.7748333950176016 0
0.5700000000034686 0.7055513627151841 0
0.5600000000035293 0.688230854639456 0
0.610000000002719 0.9133974596230546 0
0.6000000000026759 0.9307179676985755 0
0.5700000000039855 0.6016283142613934 0
0.560000000004121 0.5843078061857094 0
0.4500000000024443 0.9480384757729108 0
0.4300000000036504 0.7055513627143015 0
0.3200000000037764 0.7921539030917784 0
0.6200000000061738 0.3071796769760745 0
0.1700000000038223 0.7748333950155343 0
0.4300000000042425 0.6016283142605492 0
0.4000000000052393 0.4803847577310454 0
0.3200000000035978 0.8267949192430757 0
0.4100000000051122 0.4977052658067377 0
0.8999878701591639 0.1339816213719367 0
0.2000000000076856 0.09933358006526902 0
0.3700000000071704 0.1512951042932259 0
0.3500000000072123 0.1512951042931149 0
0.3900000000071274 0.1512951042933382 0
0.610000000002473 0.8787564434716755 0
0.2000000000078939 0.06469256391396452 0
0.8200000000018021 0.8960769515487199 0
0.8100000000017347 0.9133974596242683 0
0.8300000000018741 0.8787564434731673 0
0.1600000000055322 0.5496667900322785 0
0.5000000000065925 0.2725386608241014 0
0.5200000000064413 0.2725386608241698 0
0.4800000000066609 0.2725386608239719 0
0.1900000000035224 0.844115427318161 0
0.8300000000028995 0.7055513627165798 0
0.8500000000024768 0.7748333950194116 0
0.8400000000031904 0.6535898384896579 0
0.7900000000018284 0.9133974596241418 0
0.8000000000016546 0.9307179676998194 0
0.7800000000017741 0.9307179676996855 0
0.820000000001574 0.9307179676999393 0
0.08000000000555377 0.6189488223342079 0
0.06000000000552107 0.6189488223342132 0
0.7000000000036553 0.6535898384891069 0
0.4200000000037574 0.6882308546386076 0
0.3800000000076236 0.06469256391503865 0
0.4200000000041436 0.6189488223360964 0
0.4400000000041216 0.6189488223362621 0
0.4300000000040161 0.6362693304117807 0
0.450000000003932 0.6362693304118887 0
0.4400000000038735 0.6535898384874508 0
0.6100000000058907 0.3591412012029728 0
0.6300000000058179 0.3591412012031027 0
0.620000000005767 0.3764617092786787 0
0.640000000005694 0.3764617092788081 0
0.6500000000056638 0.3591412012031076 0
0.6300000000056445 0.3937822173543833 0
0.6500000000055861 0.3937822173545023 0
0.6400000000055244 0.4111027254300844 0
0.6600000000054489 0.4111027254302111 0
0.6500000000053991 0.4284232335057853 0
0.6700000000053212 0.4284232335059133 0
0.6600000000052634 0.4457437415814856 0
0.6800000000051689 0.4457437415815993 0
0.4400000000057183 0.3764617092773995 0
0.500000000006001 0.3764617092779674 0
0.4800000000060028 0.3764617092778305 0
0.4900000000057425 0.3937822173535548 0
0.07000000000624712 0.3591412012000929 0
0.8000000000044376 0.4803847577331775 0
0.559692281053968 0.06611048153172801 0
0.2400000000076627 0.09933358006557615 0
0.9199398631055338 0.4803500376788334 0
0.9395690188978288 0.4801359306758211 0
0.9299181470033538 0.4630169918057572 0
0.4700000000035678 0.7401923788657772 0
0.4600000000035102 0.7575128869413341 0
0.9100000000036239 0.5669872981116284 0
0.710000000003936 0.6016283142622387 0
0.6900000000039881 0.6016283142621237 0
0.7000000000040612 0.5843078061865377 0
0.9200000000044591 0.4111027254308004 0
0.9400000000044068 0.4111027254309159 0
0.470000000005334 0.4284232335045624 0
0.3900000000053637 0.4630642496553544 0
0.4700000000061629 0.3591412012021473 0
0.9200000000037066 0.5496667900360197 0
0.9300000000035984 0.5669872981117381 0
0.9399771088724425 0.5496800062369068 0
0.8300000000047876 0.3937822173546302 0
0.5500000000038552 0.6362693304125275 0
0.5700000000038542 0.6362693304127395 0
0.4000000000045882 0.5496667900334805 0
0.3400000000073337 0.1339745962174106 0
0.2900000000048786 0.5669872981085544 0
0.5600000000066995 0.1686156123700024 0
0.6100000000065545 0.1859361204459671 0
0.1500000000040831 0.7401923788641749 0
0.2600000000041367 0.7228718707889857 0
0.3000000000045406 0.6189488223354611 0
0.1600000000071704 0.2032566285191311 0
0.4000000000060016 0.341820693125872 0
0.4100000000060771 0.3245001850502767 0
0.3900000000061188 0.3245001850501629 0
0.4000000000061954 0.3071796769745663 0
0.3800000000062351 0.307179676974453 0
0.3900000000063155 0.289859168898826 0
0.4100000000062733 0.2898591688989672 0
0.3700000000063515 0.2898591688987355 0
0.3600000000062727 0.3071796769743407 0
0.3500000000063881 0.2898591688986268 0
0.3400000000063086 0.3071796769742301 0
0.330000000006423 0.2898591688985157 0
0.3800000000064322 0.2725386608231255 0
0.3300000000072547 0.1512951042930067 0
0.7900000000035283 0.6362693304140046 0
0.9200000000027608 0.7228718707927958 0
0.9400000000027732 0.7228718707929092 0
0.280000000005215 0.515025773881628 0
0.9200000000033464 0.6189488223387063 0
0.930000000003441 0.6016283142630838 0
0.08000000000687509 0.2378976446701656 0
0.06000000000683078 0.237897644670063 0
0.07000000000676593 0.2552181527458309 0
0.9300000000024469 0.7748333950199371 0
0.3500000000061979 0.3245001850499402 0
0.06000000000746928 0.1339745962158183 0
0.05000000000733938 0.1517637397661609 0
0.300000000004938 0.5496667900329841 0
0.1700000000053878 0.5669872981079401 0
0.1800000000054295 0.5496667900323687 0
0.08000000000652482 0.3071796769729958 0
0.06000000000648854 0.3071796769728838 0
0.3300000000062364 0.3245001850498284 0
0.9199883469892224 0.8614292075282056 0
0.9299980578332004 0.8441143060109131 0
0.9400845385577057 0.8613338967774327 0
0.9500137660664876 0.8440009977371348 0
0.9400019706513718 0.8267756607641067 0
0.31000000000312 0.9133974596211314 0
0.1500000000056586 0.5323462819566058 0
0.4400000000025891 0.9307179676972462 0
0.4300000000025267 0.9480384757728012 0
0.4200000000026683 0.9307179676971209 0
0.4100000000025243 0.9480384757727258 0
0.939666373055456 0.6187562027306485 0
0.9499443955121201 0.6015962109951666 0
0.1900000000052973 0.566987298108043 0
0.5300000000028962 0.8094744111685919 0
0.7800000000031895 0.6882308546408231 0
0.5200000000020135 0.9653589838488899 0
0.2800000000029539 0.9307179676968003 0
0.7200000000065021 0.1686156123709141 0
0.7400000000064448 0.1686156123710379 0
0.8100000000048176 0.3937822173545779 0
0.8200000000047076 0.4111027254302279 0
0.1600000000060303 0.4457437415784694 0
0.1800000000059673 0.4457437415785624 0
0.1700000000060961 0.4284232335028837 0
0.1900000000060356 0.4284232335029766 0
0.1800000000061656 0.4111027254272874 0
0.2000000000061076 0.4111027254273845 0
0.1900000000062597 0.3937822173516967 0
0.2100000000061863 0.3937822173517883 0
0.2000000000063399 0.3764617092760685 0
0.6800000000047494 0.5150257738841202 0
0.6700000000046217 0.5323462819596838 0
0.6800000000041353 0.5843078061864355 0
0.8200000000044115 0.4803847577332264 0
0.8100000000044698 0.4630642496574952 0
0.670000000002216 0.9480384757745477 0
0.8100000000037039 0.6016283142628075 0
0.8000000000038409 0.5843078061870993 0
0.4000000000030098 0.896076951545879 0
0.4200000000033703 0.7575128869410871 0
0.4000000000034503 0.7575128869409793 0
0.4100000000046471 0.532346281957905 0
0.4200000000045199 0.5496667900335876 0
0.6800000000037328 0.6535898384889981 0
0.6900000000035822 0.6709103465646861 0
0.390000000002962 0.9133974596214759 0
0.3600000000036239 0.7575128869407559 0
0.3400000000037459 0.7575128869406462 0
0.3300000000038114 0.7401923788649772 0
0.3200000000037993 0.7575128869405505 0
0.3100000000038778 0.740192378864869 0
0.3000000000038154 0.7575128869404427 0
0.6800000000052928 0.411102725430216 0
0.810000000003151 0.6709103465652109 0
0.6900000000041859 0.5669872981108369 0
0.8200000000034887 0.6189488223384552 0
0.8300000000040685 0.5323462819602334 0
0.8200000000039711 0.5496667900358829 0
0.4900000000052748 0.4284232335046617 0
0.5000000000051459 0.445743741580338 0
0.5100000000052165 0.4284232335047987 0
0.5200000000050887 0.4457437415804564 0
0.690000000004767 0.4977052658085093 0
0.3500000000026193 0.9480384757726245 0
0.3700000000027304 0.9480384757726449 0
0.250000000002793 0.9480384757724936 0
0.2300000000028783 0.9480384757724739 0
0.2200000000029833 0.9307179676967814 0
0.2100000000028605 0.9480384757723767 0
0.200000000002942 0.930717967696682 0
0.1900000000028267 0.9480384757722838 0
0.1800000000029048 0.9307179676965724 0
0.1700000000027918 0.9480384757721755 0
0.1600000000028707 0.9307179676964628 0
0.1500000000027585 0.948038475772079 0
0.1400000000028378 0.9307179676963464 0
0.1300000000027261 0.9480384757719764 0
0.1200000000028027 0.9307179676962354 0
0.1100000000026897 0.9480384757718714 0
0.1000000000027634 0.9307179676961232 0
0.09015054905357237 0.9479515562367182 0
0.08017564056213582 0.9306165615717582 0
0.09002927342940217 0.9133805585996428 0
0.07029052437673379 0.9132297252947451 0
0.08005329963632257 0.8960461789868878 0
0.06000000000289243 0.8960769515444672 0
0.07000888327524078 0.8787513147092182 0
0.06170469993081022 0.9306454343732187 0
0.09001036382059464 0.8787504599160614 0
0.08000320785138799 0.8614340833411448 0
0.06000201518988461 0.8614347719244992 0
0.07000087050903242 0.844114924730754 0
0.8900052429641315 0.9480329700113856 0
0.6300000000020303 0.948038475774264 0
0.6900000000019049 0.9480384757745953 0
0.7000000000020745 0.9307179676991472 0
0.7100000000015478 0.948038475774623 0
0.7200000000019126 0.9307179676992474 0
0.7300000000013346 0.9480384757747287 0
0.7400000000017735 0.9307179676993589 0
0.7500000000011939 0.9480384757748272 0
0.8100000000009998 0.9480384757752525 0
0.8300000000008183 0.9480384757753153 0
0.8400000000013716 0.9307179677000198 0
0.8500000000007102 0.9480384757754444 0
0.05000000000495974 0.6709103465612324 0
0.9496441102126771 0.2204809471656211 0
0.6899003569509474 0.04762845555402891 0
0.5896922810540776 0.04841723788799664 0
0.8899072038805339 0.04762525988841248 0
0.09001183508312929 0.0477622739773257 0
0.8497687370165449 0.04759385933189914 0
0.3700000000077451 0.04737205583933807 0
0.1900000000080022 0.04737205583821508 0
0.8300252542998439 0.04897567975091179 0
0.6096409945624179 0.04773456405631902 0
0.6199401657664274 0.06476363153991224 0
0.1096959442926772 0.04761572995508372 0
0.05000000000618383 0.5323462819560607 0
0.9500000000058009 0.1859361204475661 0
0.05049497604023528 0.2555039272919142 0
0.05047308714519497 0.8438422903286893 0
0.06007899294460426 0.8267493126459486 0
0.9491506593837167 0.462573882622093 0
0.9611129647237453 0.4799404699274235 0
0.9494928379652385 0.7751262051587744 0
0.6296224744403488 0.04800443580007416 0
0.6400000000072759 0.06469256391641756 0
0.6499678974931651 0.04781609056450908 0
0.3900000000076926 0.04737205583944919 0
0.2100000000079642 0.04737205583833332 0
0.1700000000080388 0.04737205583809541 0
0.1000250915108932 0.965344497258255 0
0.5800000000028861 0.7921539030933406 0
0.5800000000032322 0.7228718707908124 0
0.1600000000025225 0.9653589838479348 0
0.06000000000500053 0.6535898384857044 0
0.08000000000491289 0.6535898384858068 0
0.1000022619474567 0.8614346294591374 0
0.6100000000062652 0.2898591689003263 0
0.4900000000066881 0.2552181527483507 0
0.5800000000040548 0.5843078061858231 0
0.5700000000041856 0.5669872981101434 0
0.5800000000035532 0.6882308546396306 0
0.170000000004007 0.7401923788642801 0
0.1600000000041371 0.7228718707886019 0
0.470000000005648 0.3937822173533343 0
0.4400000000059149 0.3418206931260974 0
0.4400000000036735 0.6882308546387166 0
0.440000000004327 0.5843078061849891 0
0.4300000000045782 0.5323462819580117 0
0.4400000000044487 0.5496667900336942 0
0.8000000000047092 0.4111027254302303 0
0.8100000000046155 0.428423233505906 0
0.3900000000051738 0.4977052658066252 0
0.9403870096674508 0.1683921722396075 0
0.3400000000065033 0.2725386608229119 0
0.3200000000065374 0.2725386608227987 0
0.3100000000064599 0.2898591688984008 0
0.8300000000044514 0.4630642496573724 0
0.8500000000041891 0.4977052658087636 0
0.9099979783650582 0.1512962751545278 0
0.8899976414248916 0.151296470297488 0
0.3800000000070454 0.1686156123689496 0
0.3100000000074536 0.1166540881416322 0
0.1199510147803911 0.06473415240683125 0
0.1296334408965869 0.04797971692514955 0
0.8200000000037406 0.5843078061871094 0
0.1900000000076006 0.1166540881408685 0
0.3100000000045995 0.601628314259901 0
0.3200000000044619 0.6189488223355765 0
0.2100000000053833 0.5323462819568655 0
0.9100000000052405 0.2898591689012286 0
0.9200000000051158 0.3071796769769342 0
0.9400000000050662 0.3071796769770527 0
0.06000000000603758 0.5496667900317118 0
0.1300000000029617 0.9133974596205612 0
0.4300000000050506 0.4977052658068492 0
0.5900000000059369 0.359141201202857 0
0.9300000000043331 0.4284232335065022 0
0.9500000000042803 0.4284232335066165 0
0.9300000000049898 0.3245001850526388 0
0.9500000000049305 0.3245001850527586 0
0.9100000000050391 0.3245001850525236 0
0.5300000000037268 0.6709103465636512 0
0.8800000000053997 0.2725386608253983 0
0.8200000000051177 0.3418206931276342 0
0.8000000000051655 0.3418206931275177 0
0.7900000000050879 0.3591412012031059 0
0.7800000000052181 0.3418206931274846 0
0.7900000000052894 0.3245001850518251 0
0.7700000000053437 0.3245001850517149 0
0.7800000000054148 0.3071796769761082 0
0.7600000000054666 0.307179676975994 0
0.7700000000055397 0.2898591689003929 0
0.7500000000055893 0.2898591689002803 0
0.7600000000056613 0.2725386608247252 0
0.7800000000056191 0.2725386608248037 0
0.7700000000057816 0.2552181527491617 0
0.7400000000056774 0.2725386608247383 0
0.8300000000045802 0.4284232335059405 0
0.5300000000043299 0.5669872981099158 0
0.5400000000044005 0.5496667900343533 0
0.1400000000061074 0.4457437415784238 0
0.1300000000060269 0.4630642496540729 0
0.5400000000031708 0.7575128869418079 0
0.8100000000029637 0.7055513627165111 0
0.8200000000028118 0.7228718707921884 0
0.7800000000040854 0.5496667900356766 0
0.5400000000063159 0.3071796769755901 0
0.2900000000052722 0.4977052658060431 0
0.2800000000054098 0.4803847577303693 0
0.5700000000031591 0.7401923788663722 0
0.29000000000449 0.6362693304110186 0
0.5600000000025821 0.8267949192443675 0
0.5800000000025616 0.8267949192445831 0
0.5700000000035786 0.6709103465638807 0
0.7900168580660889 0.1513124257073228 0
0.6600000000050315 0.4803847577327534 0
0.7300000000065936 0.1512951042952854 0
0.1600000000037625 0.7921539030911053 0
0.1800000000036995 0.7921539030912186 0
0.160000000005333 0.5843078061834808 0
0.6200000000070394 0.09933358006763371 0
0.1500000000057886 0.4977052658052845 0
0.6699942416624186 0.08201639657406981 0
0.2900000000039419 0.7401923788647604 0
0.790000000005703 0.2552181527492114 0
0.919972131237536 0.6882147646022208 0
0.9386105043636137 0.6885766853400022 0
0.3500000000034796 0.8441154273187733 0
0.6700000000037024 0.6709103465646225 0
0.6800000000035129 0.6882308546402646 0
0.0900000000072072 0.1859361204430808 0
0.7700000000062218 0.1512951042950789 0
0.6700000000040904 0.6016283142620484 0
0.07000000000659821 0.2898591688972292 0
0.05000000000655296 0.2898591688971084 0
0.3100000000053664 0.4630642496548531 0
0.3200000000054287 0.4457437415792623 0
0.3400000000053941 0.4457437415794213 0
0.05988042000851982 0.1687627578241422 0
0.7000000000065284 0.1686156123707998 0
0.9399154729961259 0.7922027047854657 0
0.2200000000062717 0.3764617092761745 0
0.2100000000063947 0.3591412012004415 0
0.1900000000064255 0.3591412012003997 0
0.20000000000651 0.341820693124706 0
0.6700000000038899 0.6362693304133322 0
0.07000000000626407 0.4977052658049718 0
0.6700000000042607 0.566987298110763 0
0.6900000000044968 0.5323462819597522 0
0.7600083103176282 0.1339869825867121 0
0.6800000000015194 0.9653589838499533 0
0.05035692115027726 0.3592843343335981 0
0.06005948686355198 0.3764855647980215 0
0.9496430788598507 0.3592843343365367 0
0.04000000000633182 0.5150257738804124 0
0.05058734105529383 0.4280841319898366 0
0.06009789018102714 0.4110462085082855 0
0.04079260281081622 0.4108243056937105 0
0.9495050239711869 0.2555039272967396 0
0.949438946710049 0.566667779242048 0
0.9595740384085363 0.5498559857559018 0
0.04048571473270418 0.3068992494448266 0
0.04051880165543881 0.6879313243641608 0
0.04029674702923995 0.1683820552952317 0
0.9594623614639014 0.4114131311870835 0
0.839042508364036 0.03208947308432898 0
0.5989657224137273 0.03201985022783164 0
0.2500000000079446 0.04737205583870119 0
0.2700000000078986 0.04737205583881596 0
0.0993358586603863 0.03168701926920017 0
0.959237073214121 0.7917960999163671 0
0.9592606321229749 0.2720976494874437 0
0.9598714385221419 0.3072406891715876 0
0.9688277388522937 0.3252670526652693 0
0.9627216025054415 0.7583484167555115 0
0.9598919009023105 0.8268778375561446 0
0.9688633586377461 0.8449194943278642 0
0.9626472604009157 0.3777201562801951 0
0.03715053607842923 0.341203261770219 0
0.9695645128767203 0.4292598828770209 0
0.9627185496922785 0.6199547945798227 0
0.968594409663563 0.6014499559373743 0
0.03000000000729186 0.1512951042913604 0
0.03048769414830455 0.6704046669419843 0
0.03723827665542329 0.3778422704730759 0
0.03715795124929763 0.8609302538801185 0
0.03717731245312506 0.2387016440831356 0
0.03048475425502691 0.2896349505406206 0
0.04040971674891872 0.8267352018828049 0
0.05008145161791225 0.8094568571737303 0
0.07001364324788273 0.8094690403679763 0
0.06001584914664704 0.7921500822921874 0
0.03033331525492979 0.8096520930233235 0
0.9612488145273259 0.1686247543658569 0
0.039396783659678 0.5497161295059774 0
0.01941028631825224 0.6889856652575018 0
0.0190851550712636 0.1690259884860648 0
0.9805716976206155 0.4107408352932283 0
0.01921984704585932 0.3084788314101914 0
0.9701214041234221 0.1869764167588849 0
0.9710341405220406 0.1500750995387891 0
0.9510395866086603 0.1503064302600683 0
0.08000000000252255 0.9653589838474821 0
0.2000000000027481 0.9653589838481301 0
0.2400000000023624 0.9653589838482757 0
0.5900000000027327 0.9133974596229224 0
0.5800000000025355 0.9307179676983621 0
0.5900000000024813 0.9480384757740234 0
0.5700000000023251 0.9480384757739468 0
0.5800000000018993 0.9653589838494213 0
0.6200000000023772 0.8614359353960591 0
0.6100000000022044 0.8441154273202576 0
0.6200000000026851 0.8960769515474892 0
0.08000250785954074 0.7921531214923951 0
0.5900000000029109 0.7748333950177467 0
0.5900000000033711 0.740192378866643 0
0.5900000000035055 0.6709103465639994 0
0.5900000000039969 0.6016283142615606 0
0.5900000000041844 0.5669872981102737 0
0.5800000000042344 0.5496667900346015 0
0.4700000000067529 0.2552181527482302 0
0.4600000000066995 0.2725386608238518 0
0.5300000000051589 0.4284232335048665 0
0.07000305950351803 0.7748326279489854 0
0.050510313481073 0.775125440509457 0
0.06008556216667042 0.7575614333441973 0
0.03720152468174594 0.7584956440806621 0
0.04990298260094057 0.740332199644173 0
0.1100021042966992 0.8787552285545327 0
0.4400000000022869 0.9653589838485047 0
0.7600000000052912 0.3418206931275443 0
0.7400000000055103 0.3071796769759149 0
0.8200000000045061 0.4457437415817026 0
0.8000000000045699 0.4457437415816636 0
0.8400000000041495 0.5150257738844938 0
0.4500000000068219 0.2552181527481442 0
0.4400000000067438 0.2725386608237428 0
0.4300000000066549 0.2552181527478145 0
0.1800000000041009 0.7228718707886921 0
0.1700000000041995 0.7055513627130311 0
0.1500000000042661 0.7055513627129287 0
0.160000000004319 0.6882308546373631 0
0.1800000000042421 0.6882308546374644 0
0.1400000000044091 0.6882308546372792 0
0.1700000000043657 0.6709103465617963 0
0.1900000000040029 0.7401923788643553 0
0.4500000000036546 0.7401923788656604 0
0.4500000000036562 0.7055513627144229 0
0.4400000000034864 0.7575128869412158 0
0.4300000000033953 0.7748333950167731 0
0.09000269185359674 0.8094733857669378 0
0.1900000000038319 0.7748333950156148 0
0.2000000000036543 0.7921539030913296 0
0.1900000000036078 0.8094744111668766 0
0.2200000000037149 0.7921539030914276 0
0.4600000000038702 0.6535898384875778 0
0.4700000000040106 0.6362693304120588 0
0.120000000003018 0.8614359353934044 0
0.6300000000062542 0.2898591689004791 0
0.6400000000060709 0.3071796769760629 0
0.01897113203618525 0.5123323374954271 0
0.1600000000061369 0.4111027254273013 0
0.870001622822605 0.9480367716103832 0
0.8600010194663594 0.930716897134849 0
0.4800000000065699 0.2378976446724047 0
0.5400000000050718 0.4457437415805833 0
0.5300000000049681 0.4630642496561475 0
0.5500000000049016 0.4630642496562576 0
0.5400000000048348 0.480384757731837 0
0.5600000000048129 0.48038475773197 0
0.5500000000047123 0.4977052658075308 0
0.5700000000046824 0.4977052658076621 0
0.5600000000045793 0.5150257738832171 0
0.5800000000045441 0.515025773883479 0
0.4700000000021293 0.9826794919242291 0
0.07000000000508237 0.6362693304101369 0
0.05045897838968245 0.6365343217037378 0
0.03715833737192721 0.6193282023476714 0
0.09000000000512448 0.6362693304101312 0
0.100000000004885 0.6535898384858818 0
0.1200000000049076 0.6535898384858776 0
0.05000000000568441 0.6016283142584964 0
0.04000000000595998 0.5843078061827556 0
0.120000350718649 0.8960767490590473 0
0.3300000000066199 0.2552181527471792 0
0.3100000000066614 0.255218152747071 0
0.3500000000065973 0.2552181527472922 0
0.360000000006705 0.2378976446716806 0
0.7600000000016993 0.9307179676994877 0
0.01691954352658872 0.4702351406435613 0
0.03698534637885379 0.4802719927253568 0
0.01792534913256663 0.4515935286411903 0
0.460000000003681 0.688230854638837 0
0.11000000000476 0.6709103465615528 0
0.1800000000065237 0.3418206931245957 0
0.1900000000065934 0.3245001850489783 0
0.1700000000066164 0.3245001850489082 0
0.1800000000067227 0.3071796769732452 0
0.2000000000066644 0.3071796769733678 0
0.1900000000067802 0.2898591688976121 0
0.1700000000068141 0.2898591688975541 0
0.1800000000069133 0.2725386608218696 0
0.2000000000068392 0.2725386608219769 0
0.1900000000069716 0.2552181527462197 0
0.1700000000069894 0.2552181527461551 0
0.1800000000070916 0.2378976446704948 0
0.2000000000070525 0.237897644670611 0
0.1900000000071605 0.2205771365949066 0
0.2100000000071214 0.2205771365950309 0
0.1600000000070941 0.2378976446703494 0
0.6300000000023747 0.844115427320545 0
0.8799975852682813 0.1339759947456079 0
0.1400000000079111 0.06469256391347514 0
0.8400000000017287 0.8960769515488656 0
0.9819018750805617 0.4899949379178245 0
0.9655051410767739 0.5010742199714682 0
0.9671127313158145 0.5198856697004302 0
0.9816218526417694 0.4698716676252854 0
0.6000000000029996 0.7921539030935598 0
0.4899999999987185 0.01732050807565081 0
0.4999999999986771 0.03425763099627807 0
0.5199999999986404 0.03457711862551949 0
0.4796922810474236 0.03322309853773406 0
0.5097802007476823 0.05094178298018754 0
0.5296556478397183 0.05083927420390134 0
0.5396348890203809 0.03426566327355863 0
0.600000000003504 0.6882308546397569 0
0.129991835803252 0.0820200034047204 0
0.2100000000075757 0.1166540881409891 0
0.850000000001836 0.8787564434733268 0
0.8400000000019729 0.8614359353976173 0
0.4000000000070048 0.1686156123690764 0
0.4100000000070859 0.1512951042934482 0
0.4200000000069688 0.1686156123691787 0
0.4300000000068483 0.185936120444913 0
0.4400000000069301 0.1686156123692841 0
0.8899999999995448 0.9826794919243341 0
0.6000000000042345 0.549666790034715 0
0.01690598923271213 0.8899999999995627 0
0.983379810948444 0.5292742201037874 0
0.9799355211769429 0.5501835828149108 0
0.1499688300141139 0.04781398861602566 0
0.6000000000042077 0.5843078061860392 0
0.600000000003923 0.618948822337361 0
0.5900000000041552 0.6362693304131977 0
0.4100000000018492 0.9826794919242157 0
0.3900000000017717 0.9826794919242119 0
0.4000000000022923 0.9653589838483818 0
0.02041292840614001 0.4106970918588022 0
0.01785832357915914 0.3892718022814836 0
0.2300000000079903 0.04737205583858663 0
0.340000000007126 0.1686156123687286 0
0.3200000000071567 0.1686156123686425 0
0.2200000000079124 0.06469256391417814 0
0.5200000000053806 0.4111027254292389 0
0.4500000000045312 0.5323462819581325 0
0.4600000000044756 0.5496667900338319 0
0.9099999999996126 0.982679491924648 0
0.9199999999996208 0.965358983849407 0
0.9399999999997246 0.9653589838490459 0
0.01725142160191248 0.9099999999996344 0
0.03345852968187377 0.9204182268017528 0
0.03334351167706172 0.9400697044667515 0
0.03732972512517514 0.8982515689465297 0
0.2000000000074977 0.1339745962166261 0
0.8700000000063186 0.1512951042956229 0
0.8699995975501246 0.1166543212318799 0
0.8799996069092753 0.1686158400383468 0
0.8699999344898807 0.1859361583915437 0
0.8499999890866765 0.1859361267709934 0
0.6000000000034142 0.7575128869424177 0
0.180000000007516 0.1339745962164967 0
0.5900000000027453 0.8094744111691241 0
0.2200000000076687 0.09933358006540428 0
0.3300000000045216 0.6016283142600134 0
0.1900000000030682 0.9133974596209191 0
0.600000000003625 0.7228718707911779 0
0.3200000000046629 0.5843078061843293 0
0.6300000000054481 0.4284232335056675 0
0.5400000000046318 0.5150257738831018 0
0.3400000000044013 0.6189488223356734 0
0.7700000000018719 0.9133974596239964 0
0.0700000000058881 0.5669872981073665 0
0.3200000000067414 0.2378976446714252 0
0.130000000004346 0.7055513627128561 0
0.5499391481690703 0.01725794926273521 0
0.5593135682951788 0.0338311813882847 0
0.01724607774451819 0.05012891711552725 0
0.03440799528166304 0.03989720261682797 0
0.03255492310695346 0.01838702586888787 0
0.05077452621440388 0.02902830707826041 0
0.03344252586068356 0.0597052863863493 0
0.03347848072854134 0.07878470653490571 0
0.1099921658274983 0.08202213478106292 0
0.05000000000304637 0.8787564434686749 0
0.09000105671969638 0.8441148172220992 0
0.01712675217193399 0.08979745108945739 0
0.03809753254668102 0.09954629624041936 0
0.01776898450200626 0.1101638452951122 0
0.03344970816973843 0.1189100064697136 0
0.9583970422382595 0.3415432391079852 0
0.2000000000039973 0.7575128869399892 0
0.330000000005526 0.4284232335036965 0
0.3100000000055803 0.4284232335036003 0
0.7700000000010974 0.9480384757749573 0
0.7900000000009439 0.9480384757750424 0
0.3100000000037866 0.7748333950161379 0
0.9498710828845495 0.01724607774449324 0
0.9598495966986826 0.03455418076500345 0
0.9815768026047826 0.03257580674740782 0
0.9699999999998937 0.05196152422714315 0
0.9502826517355787 0.05176939004263742 0
0.9599999999998895 0.06928203230283445 0
0.9696228857713424 0.08599264521411798 0
0.9403968557521092 0.06791221960143196 0
0.6100000000056908 0.3937822173542642 0
0.750000000001912 0.9133974596238597 0
0.4300000000038126 0.6709103465630308 0
0.06999809079744597 0.740223773394691 0
0.0372675231909791 0.7219027283770572 0
0.3500000000016656 0.9826794919241886 0
0.3400000000016637 0.9653589838484352 0
0.3200000000016361 0.9653589838484035 0
0.3100000000013566 0.9826794919242237 0
0.3000000000014835 0.9653589838484137 0
0.3100000000023657 0.9480384757724544 0
0.2900000000012959 0.9826794919242172 0
0.2800000000018742 0.965358983848239 0
0.1900000000041673 0.7055513627131185 0
0.2000000000042527 0.6882308546375084 0
0.7100000000041394 0.5669872981109898 0
0.7000000000034443 0.6882308546403819 0
0.690000000003369 0.7055513627159541 0
0.6700000000034916 0.7055513627158869 0
0.6800000000033064 0.7228718707915309 0
0.7000000000032345 0.7228718707916491 0
0.6900000000031596 0.7401923788672155 0
0.6700000000032833 0.7401923788671435 0
0.6800000000030973 0.7575128869427861 0
0.7000000000030167 0.7575128869429038 0
0.6900000000029451 0.7748333950184666 0
0.7100000000028702 0.7748333950185897 0
0.7000000000028158 0.7921539030941616 0
0.7200000000027275 0.7921539030942761 0
0.7100000000026774 0.8094744111698478 0
0.7300000000025838 0.8094744111699589 0
0.7400000000026554 0.7921539030944018 0
0.6700000000030566 0.7748333950184076 0
0.7200000000025433 0.8267949192455331 0
0.7000000000026538 0.8267949192454598 0
0.7400000000024756 0.826794919245621 0
0.7500000000023748 0.844115427321357 0
0.7200000000029421 0.757512886943027 0
0.7100000000025669 0.844115427321162 0
0.8799903919261892 0.09933962552017081 0
0.9303394852884008 0.1509155531261962 0
0.9603273414965865 0.131621166888435 0
0.9694548133996725 0.1146614232876619 0
0.8400000000027884 0.722871870792317 0
0.8300000000027056 0.7401923788679392 0
0.8100000000027572 0.7401923788678537 0
0.8400000000025984 0.7575128869436859 0
0.09000000000605475 0.4630642496541537 0
0.1100000000061104 0.463064249654109 0
0.7800000000023705 0.8267949192459494 0
0.290000000003785 0.7748333950160546 0
0.5200000000048897 0.4803847577317227 0
0.9498710828844605 0.9827539222555661 0
0.9598495966985912 0.965445819235031 0
0.9499749327830083 0.9479048915069598 0
0.9697760349075122 0.948268617044561 0
0.9605642888499478 0.9303482410324408 0
0.9706505383319348 0.9115031358847541 0
0.9506518547109845 0.9125122778308103 0
0.9607610568552641 0.8948858289969658 0
0.9408579643978544 0.8953831449733552 0
0.9503110829473997 0.878424026934589 0
0.9402633423533421 0.9301666310418732 0
0.7100000000021347 0.913397459623623 0
0.1500000000029505 0.9133974596206956 0
0.01732050807575817 0.3500000000014515 0
0.07142238853649077 0.0488343232709779 0
0.03752418396626968 0.4440652237014887 0
0.980146772905612 0.7905952392045822 0
0.2100000000035075 0.8441154273182703 0
0.8600000000025744 0.7575128869438006 0
0.8300000000025254 0.7748333950193258 0
0.9825686321484779 0.650036620085909 0
0.9665599842906267 0.6600612875393614 0
0.9668106908045331 0.6800653987816423 0
0.9829214430835926 0.6900108997962527 0
0.9658739309848781 0.6997950298714777 0
0.9828753696238383 0.7099676549441269 0
0.9625697523415168 0.7213394296732696 0
0.9660428045405324 0.6408976725816201 0
0.9826794919242658 0.7499999999993363 0
0.2100000000042989 0.705551362713115 0
0.2100000000043237 0.670910346561861 0
0.1500000000011953 0.9826794919240359 0
0.4500000000037851 0.6709103465631477 0
0.1100049373599166 0.9133946090360513 0
0.7600000000026543 0.79215390309458 0
0.2000000000055043 0.5150257738811821 0
0.190000000005469 0.5323462819567826 0
0.09000047341837236 0.7748332633260986 0
0.4200000000033092 0.8267949192435338 0
0.1500000000065969 0.3245001850490018 0
0.3600000000056776 0.4111027254282875 0
0.3500000000055242 0.4284232335038929 0
0.3600000000053912 0.4457437415796212 0
0.3700000000055361 0.4284232335040108 0
0.5500000000044946 0.5323462819587876 0
0.9597701618350862 0.2039462747436114 0
0.2300000000044524 0.6709103465618858 0
0.9817121195375029 0.8922898640793268 0
0.1600000000056556 0.5150257738809592 0
0.4100000000038877 0.6709103465629191 0
0.4100000000034548 0.8094744111678782 0
0.4300000000033717 0.8094744111679941 0
0.01690289517694424 0.2100000000008745 0
0.03614703116530532 0.2013484847719759 0
0.8200000000032137 0.6535898384896108 0
0.04000000000511591 0.653589838485596 0
0.1700000000064098 0.3591412012003855 0
0.6500000000020872 0.9480384757743724 0
0.0176340527384256 0.2496389751449959 0
0.8499999999996686 0.9826794919244041 0
0.6100000000021342 0.9480384757740987 0
0.4500000000043848 0.5669872981094035 0
0.4600000000043185 0.5843078061851177 0
0.4500000000042095 0.6016283142607068 0
0.6499813095880875 0.0168480623538987 0
0.780000000001966 0.8960769515484628 0
0.8600000000038275 0.5496667900357777 0
0.9403082741722859 0.03440445454764664 0
0.920051379029722 0.03345329266493063 0
0.9100085631714224 0.01673916900632095 0
0.8899748528483875 0.01658921313555173 0
0.02996795694401924 0.5321426193319507 0
0.02951157467909004 0.568495676779468 0
0.04051401737582519 0.7923581350480324 0
0.08000000000593364 0.5496667900318275 0
0.4200000000039492 0.6535898384873414 0
0.7899999999994503 0.01732050807573322 0
0.7799999999994244 0.03464101615145985 0
0.7599999999993772 0.03464101615146106 0
0.7699999999994025 0.05196152422718248 0
0.7896922810475766 0.05178386260748781 0
0.7796409945555787 0.06907476041325424 0
0.7599401657587495 0.06886410183295597 0
0.7697303388820805 0.08556161821843468 0
0.7899764056634782 0.08529974182286722 0
0.7499999999993476 0.01732050807573366 0
0.7403077189520021 0.03446335453130632 0
0.7200512864927278 0.03346310932874397 0
0.710008547748148 0.01674080511694342 0
0.6900003708410738 0.01709600317850651 0
0.7996409945556406 0.03443374426182573 0
0.8095853693662673 0.05045715487889106 0
0.7503490330707058 0.05168459725867627 0
0.7399831815139497 0.06804444325581104 0
0.1000000000054381 0.6189488223343258 0
0.2900000000036639 0.8094744111673547 0
0.3000000000035831 0.8267949192430388 0
0.2900000000034489 0.8441154273186984 0
0.310000000003401 0.8441154273188213 0
0.3000000000033222 0.8614359353944274 0
0.330000000003444 0.8441154273188175 0
0.3000000000037633 0.7921539030917117 0
0.1100000000063089 0.3591412012002713 0
0.0900000000062864 0.3591412012001791 0
0.4000000000075771 0.06469256391514866 0
0.4100000000076468 0.04775544099543716 0
0.5300000000047562 0.497705265807412 0
0.8399999981860216 0.2032566295765344 0
0.1500000000045513 0.670910346561652 0
0.6500000000026348 0.8787564434720532 0
0.9815448075915608 0.9674570705770567 0
0.1500000000067872 0.2898591688975327 0
0.0176135594170298 0.8502144095081012 0
0.5200000000023 0.9307179676977819 0
0.7200000000035996 0.653589838489228 0
0.6800000000029339 0.7921539030941142 0
0.300000000006199 0.3418206931252911 0
0.5600000000022425 0.9307179676981308 0
0.5500000000024816 0.9480384757740159 0
0.8600000000031776 0.6535898384897334 0
0.8500000000032832 0.6362693304140792 0
0.9000000000051632 0.3071796769768144 0
0.8900000000050785 0.3245001850524024 0
0.9000000000049468 0.3418206931281088 0
0.2700000000065336 0.2898591688981018 0
0.2800000000064271 0.3071796769738414 0
0.6200000000055608 0.411102725429964 0
0.2300000000051209 0.5669872981082176 0
0.2200000000050703 0.584307806183786 0
0.01702982699878659 0.9498827002956364 0
0.03430188822838646 0.9598631503449742 0
0.05184368064039575 0.9489654074097602 0
0.05065435288376098 0.9696853490963027 0
0.03235302619320677 0.9815337887108802 0
0.6500000000067432 0.1512951042948574 0
0.6400000000066399 0.1686156123704794 0
0.6600000000066248 0.168615612370601 0
0.6500000000065225 0.1859361204462212 0
0.3900000000039602 0.670910346562809 0
0.2600000000034025 0.8614359353942258 0
0.5400000000063632 0.23789764467259 0
0.53000000000639 0.2552181527484412 0
0.5500000000062979 0.2552181527484185 0
0.8900000000052773 0.2898591689011079 0
0.8999992044528666 0.1686160731261139 0
0.1599948050089418 0.06476621937668794 0
0.1400000000042161 0.722871870788509 0
0.5600000000053886 0.4457437415808981 0
0.5800000000060601 0.3418206931271502 0
0.8600000000054402 0.2725386608252766 0
0.5096922810530254 0.08257318931001842 0
0.489640994562155 0.08228408649792951 0
0.4793247278595476 0.0654745824832286 0
0.459579735696699 0.06500056196362755 0
0.7300000000034713 0.6709103465649296 0
0.8999899771876956 0.4803789710575201 0
0.730000000004508 0.4977052658084649 0
0.7200000000046742 0.4803847577328322 0
0.3496922810535204 0.04793217315795074 0
0.3296409945626548 0.04764307034580701 0
0.3199401657669084 0.0647377329991512 0
0.3099301933935527 0.04780813826011557 0
0.3193130934237203 0.03169922004868499 0
0.2999783931986141 0.0647727724988533 0
0.3099864264993475 0.08203396826841772 0
0.2899960340635311 0.04759380962776445 0
0.2999977377561943 0.09933706277893356 0
0.9000000000053645 0.2725386608255193 0
0.2200000000054373 0.5150257738812927 0
0.580000000005146 0.4803847577323025 0
0.3500000000044555 0.6016283142601043 0
0.5600000000063374 0.2378976446727039 0
0.5700000000062233 0.2552181527484227 0
0.5600000000061294 0.2725386608239953 0
0.5800000000060949 0.2725386608241132 0
0.5500000000063239 0.2898591688998576 0
0.5900000000061824 0.2552181527485158 0
0.6000000000061148 0.2725386608242749 0
0.1700000000035117 0.8441154273180709 0
0.6000000000045659 0.5150257738838202 0
0.8400000000023987 0.7921539030950333 0
0.279995737882219 0.06474289097669081 0
0.9100000000038106 0.5323462819603004 0
0.2900000000070873 0.1859361204441841 0
0.3000000000071718 0.1686156123685783 0
0.280000000007197 0.1686156123684617 0
0.3300000000070274 0.1859361204443625 0
0.510000000005018 0.4630642496560312 0
0.5800000000027241 0.8960769515472544 0
0.2400000000074572 0.1339745962169097 0
0.8600000000033597 0.6189488223383817 0
0.5499866497124652 0.08217438622485046 0
0.2300000000049306 0.6016283142594518 0
0.3800000000056422 0.411102725428388 0
0.7300000000047249 0.463064249657162 0
0.7200000000048734 0.4457437415814969 0
0.6800000000055624 0.3418206931273179 0
0.6600000000057105 0.3418206931273717 0
0.4499299559555811 0.08206440499909363 0
0.4399182819470671 0.06475245242472823 0
0.4493008983720068 0.04817021974925882 0
0.4295621444388243 0.04775662372234001 0
0.4199134044026649 0.06483053750657752 0
0.4193115861719812 0.0317093627341813 0
0.4400000000036472 0.7228718707900211 0
0.4500000000066259 0.2898591688994541 0
0.4300000000066655 0.2898591688993404 0
0.4400000000065474 0.3071796769750511 0
0.4300000000056421 0.3937822173529928 0
0.4500000000056115 0.3937822173531251 0
0.4600000000057111 0.3764617092775382 0
0.4600000000054841 0.4111027254288871 0
0.690000000005436 0.359141201203024 0
0.6800000000053708 0.3764617092786914 0
0.6900000000052066 0.3937822173542992 0
0.5400000000055947 0.4111027254294634 0
0.4500000000058335 0.3591412012018297 0
0.4600000000063154 0.3418206931264668 0
0.5600000000068938 0.1339745962186594 0
0.550000000006803 0.1512951042942651 0
0.5300000000068277 0.1512951042941404 0
0.5400000000067166 0.1686156123698757 0
0.5200000000067421 0.1686156123697566 0
0.510000000006674 0.1859361204453948 0
0.5000000000067873 0.1686156123696385 0
0.5700000000067857 0.1512951042943883 0
0.7100000000035244 0.6709103465648069 0
0.6800000000039521 0.6189488223377333 0
0.9000000000043129 0.4457437415819788 0
0.9099907669675205 0.4630589189614781 0
0.7697632352824108 0.117327766663888 0
0.1500000000069511 0.2552181527461174 0
0.3300000000049244 0.5323462819574756 0
0.3100000000049952 0.532346281957385 0
0.7300000000049118 0.428423233505841 0
0.7100000000049499 0.4284232335057079 0
0.4100000000040803 0.6362693304116646 0
0.5200000000059257 0.3764617092780678 0
0.3900000000035816 0.7401923788653051 0
0.890000000004852 0.3591412012036924 0
0.4299602737212359 0.08205460450907767 0
0.7300000000030569 0.7401923788674815 0
0.7300000000038872 0.6016283142623526 0
0.8500000000028833 0.7055513627167037 0
0.6000000000058091 0.3764617092785607 0
0.3800000000035884 0.7575128869408837 0
0.3700000000036708 0.7748333950164504 0
0.3900000000069177 0.1859361204447233 0
0.3700000000069584 0.1859361204445696 0
0.2300000000075658 0.1166540881411636 0
0.119997333610253 0.09933624576605135 0
0.450000000006435 0.3245001850507577 0
0.4200000000065994 0.237897644671923 0
0.4100000000065972 0.2552181527476 0
0.3900000000065355 0.255218152747411 0
0.4000000000064903 0.2725386608232594 0
0.3400000000042279 0.6535898384869092 0
0.3800000000039023 0.6882308546383793 0
0.2100000000050171 0.6016283142593452 0
0.6300000000065425 0.1859361204460988 0
0.6400000000064131 0.2032566285218202 0
0.3400000000047966 0.5496667900331587 0
0.3200000000048632 0.5496667900330686 0
0.6700000000051434 0.4630642496571822 0
0.6900000000049946 0.4630642496572303 0
0.9398448010673501 0.445654137434229 0
0.3699813095865653 0.01684806235266336 0
0.3900000000075051 0.08201307199074064 0
0.4800000000041174 0.6189488223365152 0
0.4000000000042092 0.6189488223359856 0
0.4500000000034155 0.7748333950168882 0
0.2900000000072869 0.1512951042928454 0
0.7300000000061722 0.2205771365979875 0
0.7500000000061655 0.2205771365980077 0
0.7600000000062224 0.2032566285223808 0
0.7400000000059951 0.2378976446735851 0
0.6300000000060026 0.3245001850517342 0
0.5000000000023025 0.9307179676976053 0
0.9492468672820429 0.2894445308724717 0
0.2800000000032458 0.8960769515456515 0
0.4400000000066532 0.2378976446721323 0
0.2100000000057581 0.4630642496543582 0
0.7600000000051297 0.3764617092790581 0
0.7800000000050382 0.3764617092790539 0
0.2500000000060046 0.3937822173519938 0
0.4900000000050747 0.4630642496559144 0
0.400000000003829 0.6882308546384918 0
0.3300000000039885 0.7055513627137301 0
0.4800000000070228 0.1339745962181916 0
0.490000000006904 0.1512951042939024 0
0.4700000000069489 0.1512951042937845 0
0.7100000000033152 0.705551362716081 0
0.9398581890343114 0.237929242193347 0
0.9626637821142868 0.2385693320192432 0
0.2400000000068972 0.2378976446708927 0
0.4800000000028033 0.8614359353951 0
0.5900000000036916 0.7055513627154704 0
0.5100000000029896 0.809474411168472 0
0.5200000000028191 0.8267949192441433 0
0.5100000000027527 0.844115427319685 0
0.1000000000067329 0.2725386608216851 0
0.6000000000064638 0.203256628521575 0
0.5500000000032438 0.7401923788662509 0
0.2900000000041287 0.7055513627135152 0
0.7700000000035816 0.636269330413884 0
0.9500000000044819 0.3937822173553302 0
0.4400000000051197 0.4803847577312682 0
0.4500000000049293 0.4977052658069607 0
0.7900000000054923 0.2898591689005145 0
0.5500000000036536 0.6709103465637631 0
0.4000000000054201 0.445743741579794 0
0.2300000000031035 0.9133974596211411 0
0.620000000006105 0.2725386608244187 0
0.9000000000045107 0.411102725430685 0
0.5700000000059783 0.3591412012027402 0
0.01885290217907132 0.5875900232757267 0
0.700000000005863 0.272538660824782 0
0.7100000000059239 0.2552181527491676 0
0.3000000000043624 0.6535898384866923 0
0.4600000000070652 0.1339745962180763 0
0.4700000000065866 0.289859168899566 0
0.520000000006948 0.1339745962184202 0
0.4900000000028578 0.8441154273195598 0
0.9628879712619561 0.5827259608241667 0
0.6500000000047007 0.532346281959571 0
0.09000000000578867 0.5669872981074837 0
0.7800000000044716 0.480384757733064 0
0.8400000000050678 0.3418206931277508 0
0.4800000000039216 0.6535898384877254 0
0.8900000000057036 0.2205771365984991 0
0.9827481246401593 0.369776453612597 0
0.8500000000047369 0.3937822173547466 0
0.3299912609898871 0.08202093691452217 0
0.6400000000053004 0.4457437415813643 0
0.4800000000062707 0.341820693126574 0
0.510000000004811 0.4977052658072952 0
0.9100000000043856 0.4284232335063881 0
0.6400000000050721 0.4803847577326375 0
0.7100000000051844 0.3937822173544321 0
0.3600000000064734 0.2725386608230191 0
0.08000991448245656 0.3764656851962103 0
0.53000000000454 0.5323462819586675 0
0.9600000000041548 0.4457437415823163 0
0.1600000000048623 0.6535898384859367 0
0.480000000003606 0.7228718707902161 0
0.370000000006159 0.32450018505005 0
0.5300000000039292 0.6362693304124092 0
0.4800000000046168 0.5496667900340052 0
0.3500000000074087 0.1166540881418154 0
0.7100000000030876 0.7401923788673378 0
0.5200000000042662 0.5843078061854818 0
0.470000000003367 0.7748333950170053 0
0.2700000000051551 0.5323462819571994 0
0.2600000000060868 0.3764617092763934 0
0.2500000000075403 0.116654088141302 0
0.4000000000071993 0.1339745962177424 0
0.830000000005193 0.3245001850520461 0
0.6300000000025557 0.8787564434718631 0
0.3900000000045256 0.5669872981090539 0
0.5900000000062681 0.2898591689001661 0
0.8400000000046595 0.411102725430334 0
0.9297366093144783 0.5321853077826929 0
0.5300000000062612 0.3245001850512063 0
0.4700000000046963 0.5323462819583111 0
0.2300000000058757 0.4284232335031887 0
0.4100000000044548 0.5669872981091616 0
0.9826794919243618 0.2299999999994705 0
0.0173205080755681 0.6300000000011797 0
0.2800000000048191 0.5843078061841154 0
0.2699999999993539 0.01732050807563806 0
0.9801551983101954 0.2707715972352112 0
0.3800000000052695 0.4803847577309338 0
0.3700000000050957 0.497705265806497 0
0.3700000000053529 0.463064249655263 0
0.1100000000044306 0.7055513627127722 0
0.5200000000036648 0.6882308546392146 0
0.7800028096828446 0.1686184992729553 0
0.7200000000040125 0.5843078061866542 0
0.14000000000383 0.7921539030909934 0
0.450000000005394 0.4284232335044227 0
0.6300000000012302 0.9826794919248489 0
0.3200000000063491 0.3071796769741152 0
0.2299999999994705 0.01732050807563829 0
0.6200000000053458 0.4457437415812434 0
0.1000167215435974 0.8960672973587038 0
0.7500000000063256 0.1859361204467243 0
0.5800000000039724 0.6189488223372023 0
0.4300000000044095 0.5669872981092796 0
0.8000000000040408 0.5496667900357886 0
0.420000000007154 0.1339745962178529 0
0.3900000000059269 0.3591412012014669 0
0.7300000000040932 0.5669872981110684 0
0.9000000000035431 0.5843078061872411 0
0.2400000000063179 0.3418206931249607 0
0.1300000000041559 0.7401923788640787 0
0.4300000000060335 0.3245001850503915 0
0.05000000000637027 0.4977052658048681 0
0.1899999999995871 0.01732050807563818 0
0.8500099053038319 0.1166598845445878 0
0.860005753785469 0.09933742851803057 0
0.6000000000055938 0.4111027254298448 0
0.7300000000004871 0.9826794919245554 0
0.2300000000071874 0.1859361204438289 0
0.810000000005241 0.3245001850519312 0
0.7300000000027932 0.7748333950187146 0
0.5299290061973859 0.01723687320624794 0
0.5500000000066237 0.1859361204456232 0
0.4600000000036529 0.7228718707901034 0
0.8700000000053106 0.2898591689009878 0
0.5400000000035885 0.6882308546393323 0
0.2700000000041931 0.705551362713404 0
0.01732050807556773 0.7300000000004851 0
0.8100113574315382 0.151302926242319 0
0.1400000000059355 0.4803847577296724 0
0.8500000000045353 0.4284232335060421 0
0.6600000000061723 0.2378976446732514 0
0.5200000000032539 0.7575128869416883 0
0.5400000000041927 0.5843078061855961 0
0.9199589525085426 0.4457200427993889 0
0.2500000000069668 0.2205771365952747 0
0.1499813095871974 0.01684806235253291 0
0.09000000000478166 0.6709103465614505 0
0.8499999997024696 0.2205771367739185 0
0.4200000000061554 0.3071796769746836 0
0.7900000000041654 0.5323462819600797 0
0.2600000000054893 0.4803847577302585 0
0.3400000000038605 0.7228718707894092 0
0.7500000000027879 0.7748333950188706 0
0.8099999999999296 0.9826794919244322 0
0.7700000000002065 0.9826794919245507 0
0.4400000000032141 0.8267949192436572 0
0.7700000000042048 0.5323462819599651 0
0.6200000000066506 0.1686156123703564 0
0.520000000006372 0.3071796769755036 0
0.4900000000026428 0.8787564434707573 0
0.1400000000054291 0.5843078061833642 0
0.08001620921304343 0.8267860666626232 0
0.6900000000064376 0.1859361204464219 0
0.8000000000053666 0.3071796769762259 0
0.350000000004296 0.6362693304113403 0
0.869653038675793 0.04801986708897022 0
0.01764695558250767 0.7695547596870733 0
0.5400000000037898 0.6535898384880883 0
0.5300000000024228 0.8787564434709954 0
0.5400000000024783 0.861435935395463 0
0.5900000000023313 0.8441154273202367 0
0.1800000000039353 0.7575128869399378 0
0.9199859121679523 0.7921620367105009 0
0.840000000004465 0.4457437415816485 0
0.8300000000016232 0.9133974596243921 0
0.2700000000055466 0.4630642496546851 0
0.6400000000025842 0.8960769515475959 0
0.3000000000047389 0.5843078061842255 0
0.1100000000072266 0.1859361204431975 0
0.4699120802983958 0.0165396104507434 0
0.3300000000074478 0.1166540881417115 0
0.31999590421131 0.09933895405188788 0
0.3700000000065675 0.2552181527473943 0
0.7800000000038798 0.584307806186987 0
0.610000000006949 0.1166540881432655 0
0.4300000000070395 0.1512951042935659 0
0.2100000000052093 0.5669872981081245 0
0.1600000000075294 0.133974596216394 0
0.5300000000033148 0.7401923788661305 0
0.2000000000035391 0.8267949192425623 0
0.4200000000067092 0.2725386608235641 0
0.900000000005811 0.2032566285229144 0
0.6900000000022606 0.9133974596235099 0
0.2500000000040763 0.740192378864571 0
0.770000000003126 0.7055513627164359 0
0.9200000047488391 0.826791522614436 0
0.2700000000045685 0.6362693304109082 0
0.5500000000042569 0.5669872981100337 0
0.1700000000076225 0.1166540881407653 0
0.3700000000034103 0.8441154273188609 0
0.679989067909459 0.09933989171743754 0
0.9000000000027587 0.7228718707926843 0
0.1000000000069108 0.2378976446702667 0
0.04981805972708067 0.567246917798365 0
0.9100000000032571 0.6362693304143319 0
0.5100000000068655 0.1512951042940272 0
0.3800000000028936 0.9307179676970352 0
0.3800000000060428 0.3418206931257584 0
0.3500000000060084 0.3591412012012417 0
0.6700000000062559 0.2205771365976493 0
0.1000016524189352 0.3764623719293108 0
0.8999953552087245 0.6882281729681194 0
0.05000000000690619 0.2205771365942788 0
0.04928252001467193 0.1863503577096546 0
0.5600000000037122 0.6535898384882286 0
0.8799999890865049 0.203256634846873 0
0.1300000000057696 0.5323462819565093 0
0.3200000000039325 0.7228718707892992 0
0.7000000000023244 0.8960769515479668 0
0.88998134645046 0.1166650018048842 0
0.09000000000616719 0.497705265805104 0
0.7500000000024944 0.8094744111700793 0
0.5800000000058527 0.3764617092784435 0
0.6200000000064372 0.2032566285216936 0
0.2900000000050734 0.5323462819573 0
0.9200000000035248 0.5843078061873535 0
0.8100000000054433 0.2898591689006328 0
0.3100000000047999 0.5669872981086548 0
0.7900000000039629 0.5669872981113887 0
0.8200000000020318 0.8614359353974821 0
0.560000000003083 0.7575128869419318 0
0.7800000000034132 0.6535898384895726 0
0.2700000000034736 0.8441154273186011 0
0.6000000000070487 0.09933358006753279 0
0.1200000000073372 0.1686156123675609 0
0.3200000000032356 0.8960769515455251 0
0.05000000000638299 0.3245001850485558 0
0.8900000000022303 0.8094744111710043 0
0.9000000007932327 0.8267943531413273 0
0.3100000000060796 0.3591412012010091 0
0.9099976520300479 0.7748347506222882 0
0.3000000000067785 0.237897644671319 0
0.2000000000053411 0.549666790032455 0
0.4500000000069926 0.1512951042936717 0
0.4300000000029591 0.8787564434704038 0
0.1100000000074318 0.1512951042918062 0
0.9500000000026683 0.740192378868669 0
0.1000000000065522 0.3071796769731062 0
0.2100000000072513 0.1859361204437137 0
0.93967335351961 0.3417983063136826 0
0.8100000000038694 0.566987298111461 0
0.5300000000018836 0.9826794919245356 0
0.1500000000052863 0.6016283142590215 0
0.3600000000060852 0.3418206931256471 0
0.6599972182666594 0.09933518610641023 0
0.170000000007245 0.1859361204435095 0
0.4500000000026544 0.9133974596217115 0
0.8500000000020684 0.844115427322049 0
0.1900000000058319 0.4630642496542499 0
0.9100000000048014 0.3591412012038154 0
0.3000000000065899 0.2725386608226639 0
0.290000000003347 0.8787564434699419 0
0.07032079851758338 0.1164834377607521 0
0.4900000000067169 0.185936120445262 0
0.3000000000039991 0.7228718707891895 0
0.5000000000026915 0.8614359353952233 0
0.3700000000029989 0.9133974596214045 0
0.6300000000063225 0.2205771365974204 0
0.2800000000044363 0.6535898384865814 0
0.4500000000068068 0.1859361204450268 0
0.4600000000068771 0.1686156123693959 0
0.4500000000032693 0.8094744111681128 0
0.3200000000073576 0.1339745962173189 0
0.3600000000070845 0.1686156123688465 0
0.7700000000022992 0.8441154273214968 0
0.8000051708664568 0.1686202840811498 0
0.8000000000055703 0.2725386608249239 0
0.5800000000031017 0.7575128869421008 0
0.2200000000032183 0.8960769515453867 0
0.909986404820341 0.8787485942921334 0
0.3100000000072753 0.1512951042929294 0
0.5100000000022924 0.9480384757733293 0
0.9403785522491149 0.583985561603926 0
0.170000000005193 0.6016283142591373 0
0.09000000000680582 0.2552181527459238 0
0.08001631503526901 0.4110933059407112 0
0.3800000000066544 0.2378976446716952 0
0.530000000002472 0.948038475773661 0
0.8300000000021149 0.8441154273219165 0
0.4400000000033833 0.7921539030924514 0
0.4100000000030538 0.8787564434703042 0
0.5200000000025856 0.8614359353953431 0
0.8600000000019402 0.8614359353977665 0
0.929547867223022 0.6360012478483534 0
0.3400000000061221 0.3418206931255344 0
0.909994581076252 0.7055482340983246 0
0.1500000000037086 0.809474411166674 0
0.8100000000056539 0.255218152749334 0
0.6900000000026548 0.8441154273210821 0
0.3100000000044126 0.63626933041113 0
0.2800000000040676 0.722871870789086 0
0.7300000000020102 0.9133974596237302 0
0.1800000000052456 0.5843078061835898 0
0.09000000000662967 0.289859168897339 0
0.3200000000061614 0.341820693125418 0
0.2100000000030866 0.9133974596210299 0
0.9199455589240216 0.3418169619924507 0
0.310000000005189 0.4977052658061308 0
0.8000000000057748 0.2378976446736093 0
0.2000000000051591 0.5843078061836964 0
0.2700000000040062 0.7401923788646618 0
0.1900000000043615 0.6709103465618528 0
0.3300000000043425 0.6362693304112365 0
0.6500000000062899 0.2205771365975364 0
0.8500001699124043 0.9133972811969948 0
0.7800000000059037 0.2378976446735604 0
0.2800000000038849 0.7575128869403557 0
0.5600000000043169 0.5496667900344803 0
0.1800000000031951 0.8960769515451628 0
0.7400000000021133 0.8960769515482023 0
0.8700009472256802 0.9133964649215042 0
0.8200000000024537 0.7921539030949583 0
0.6500000000051703 0.4630642496570606 0
0.5700000000043811 0.5323462819589511 0
0.1700000000030299 0.9133974596208252 0
0.2000000000058939 0.4457437415786737 0
0.6099900276336749 0.0820355661835093 0
0.3000000000053253 0.4803847577304649 0
0.1700000000055552 0.5323462819566802 0
0.2800000000033874 0.8614359353943103 0
0.270000000003825 0.7748333950159616 0
0.9294748552290313 0.7057720831438937 0
0.4800000000068326 0.1686156123695201 0
0.180000000007157 0.203256628519222 0
0.6800000000049369 0.4803847577328456 0
0.909997652952794 0.8094751063173251 0
0.1700000000036458 0.8094744111667828 0
0.810000000002588 0.7748333950192405 0
0.3100000000062786 0.3245001850497007 0
0.3600000000033517 0.8614359353944319 0
0.3000000000051326 0.5150257738817136 0
0.10000000000732 0.1686156123674445 0
0.2300000000077743 0.0820130719898578 0
0.6600000000063768 0.2032566285219366 0
0.7900000000046462 0.4284232335059681 0
0.2100000000077703 0.08201307198970202 0
0.4300000000027583 0.9133974596215912 0
0.5300000000026401 0.844115427319807 0
0.5500000000027712 0.8094744111687084 0
0.5000000000064608 0.2378976446726035 0
0.08000000000670024 0.272538660821582 0
0.230000000003768 0.8094744111670725 0
0.8000000000049696 0.3764617092788882 0
0.3000000000063924 0.3071796769739802 0
0.770000000005169 0.3591412012033237 0
0.6300000000071372 0.08201307199202333 0
0.2100000000059594 0.4284232335030861 0
0.1400000584557149 0.8960769177972958 0
0.5700000000027333 0.8094744111688792 0
0.2900000000054619 0.4630642496547877 0
0.6700000000064789 0.1859361204463198 0
0.2900000000065042 0.2898591688982499 0
0.7400000000053676 0.3418206931275273 0
0.7900000000045202 0.4630642496574111 0
0.4200000000029172 0.8960769515459469 0
0.7500000000054242 0.3245001850516503 0
0.8599999850928832 0.2032566371597063 0
0.07998007000750842 0.1686401366101555 0
0.07003060109578987 0.3937758665243696 0
0.8200000000026535 0.7575128869436045 0
0.2000000000047208 0.6535898384860979 0
0.1400000000057881 0.5150257738809219 0
0.5400000000027038 0.8267949192442552 0
0.6499985766596275 0.08201389376219193 0
0.3100000000037366 0.8094744111673562 0
0.1800000000035737 0.826794919242469 0
0.5300000000063849 0.2898591688998888 0
0.6800000000065759 0.1686156123707009 0
0.6900000000066911 0.15129510429506 0
0.7200000000056004 0.3071796769762157 0
0.06008249601224526 0.2725862899125068 0
0.460000000002268 0.9653589838485925 0
0.3000000000055293 0.4457437415791761 0
0.2200000000060289 0.4111027254275011 0
0.8500000000043952 0.463064249657391 0
0.6699875705326245 0.04769591321422237 0
0.7100000000066544 0.1512951042951743 0
0.2900000000066985 0.255218152746911 0
0.7199914522580496 0.1339795312645875 0
0.7300000000056595 0.2898591689002684 0
0.06968837767956196 0.1859548162915399 0
0.7900000000028476 0.7401923788677991 0
0.1300000000059303 0.4977052658053231 0
0.6000000000025865 0.8960769515472974 0
0.04052020490102146 0.2726416806285756 0
0.2900000000056688 0.4284232335034955 0
0.8300000000042486 0.4977052658089163 0
0.3000000000057317 0.4111027254278827 0
0.420000000003493 0.7921539030923559 0
0.1200000000044887 0.6882308546372301 0
0.8000000000028957 0.7228718707921697 0
0.1500000000070597 0.220577136594744 0
0.6599945939705839 0.06472788441733232 0
0.9299835022532125 0.809480240393873 0
0.2300000000061017 0.393782217351896 0
0.3200000000056961 0.4111027254280101 0
0.8600000000040826 0.5150257738844449 0
0.5700000000016691 0.9826794919247749 0
0.4500000000020364 0.9826794919242607 0
0.6000000000040336 0.6535898384887642 0
0.1300000000046697 0.6709103465615784 0
0.3500000000052845 0.4630642496551234 0
0.2900000000031953 0.9133974596211401 0
0.3800000000054374 0.4457437415797152 0
0.8899997891583791 0.185936242562184 0
0.8000000000031179 0.6882308546408071 0
0.8300000000035955 0.6016283142627699 0
0.7600000000023792 0.8267949192457388 0
0.8400000000036332 0.5843078061870675 0
0.2400000000061699 0.3764617092763071 0
0.6800000000027853 0.8267949192453914 0
0.9492345881058171 0.8090859276577693 0
0.7800000000046255 0.4457437415816588 0
0.6900000000027955 0.809474411169784 0
0.05000000000475761 0.7055513627123028 0
0.1600000000068768 0.2725386608218486 0
0.05000000000626053 0.3937822173514335 0
0.4200000000022827 0.9653589838484291 0
0.7900000000030462 0.7055513627164791 0
0.9201206129642607 0.1685153857568679 0
0.2300000000062855 0.359141201200594 0
0.6600000000030468 0.7921539030940578 0
0.650000000003205 0.7748333950183628 0
0.660000000003246 0.7575128869427484 0
0.1700000000071222 0.220577136594808 0
0.089693787263342 0.9823830374337899 0
0.5800000000036387 0.6535898384884079 0
0.2200000000071704 0.2032566285194097 0
0.2000000000071855 0.203256628519316 0
0.4100000000035189 0.7748333950166719 0
0.2200000000063898 0.3418206931248776 0
0.3800000000049173 0.5150257738821713 0
0.1600000000066963 0.3071796769732514 0
0.6500000000034208 0.7401923788670952 0
0.3400000000034374 0.8614359353943399 0
0.6600000000034656 0.72287187079148 0
0.4000000000048489 0.515025773882301 0
0.2300000000070599 0.2205771365951253 0
0.6500000000036322 0.7055513627158377 0
0.6600000000036718 0.6882308546402258 0
0.3900000000036206 0.774833395016572 0
0.4200000000047814 0.5150257738824126 0
0.2100000000065099 0.3245001850491321 0
0.2200000000069715 0.2378976446707478 0
0.2100000000069051 0.2552181527463522 0
0.6500000000038366 0.6709103465645769 0
0.2200000000065696 0.3071796769735102 0
0.4400000000047344 0.5150257738825189 0
0.6600000000038816 0.6535898384889502 0
0.7900000000032263 0.6709103465652178 0
0.2200000000067578 0.2725386608221159 0
0.2100000000066991 0.2898591688977508 0
0.6500000000040409 0.636269330413306 0
0.4100000000028751 0.9133974596215035 0
0.6600000000040674 0.6189488223376928 0
0.6500000000042464 0.6016283142620344 0
0.1100005531134693 0.8441151079794333 0
0.2100000000036459 0.8094744111669883 0
0.3600000000036772 0.792153903091972 0
0.6600000000042641 0.5843078061864131 0
0.1800000000063305 0.3764617092760563 0
0.7000000000048038 0.4803847577328736 0
0.650000000004437 0.5669872981107827 0
0.170000000006192 0.3937822173517005 0
0.1200000000061256 0.4457437415784489 0
0.1500000000061174 0.4284232335028817 0
0.1500000000061745 0.3937822173517028 0
0.7000000000045878 0.5150257738841113 0
0.7800000000060928 0.2032566285223001 0
0.1200000000060467 0.4803847577297103 0
0.350000000003733 0.7748333950163194 0
0.7100000000043886 0.5323462819597606 0
0.6700000000054041 0.3937822173546165 0
0.7700004682856476 0.1859366015970159 0
0.4600000000041086 0.6189488223363788 0
0.7000000000052277 0.4111027254300851 0
0.6600000000055373 0.3764617092789164 0
0.6900000000051549 0.4284232335060085 0
0.6700000000055739 0.3591412012030268 0
0.320000000003393 0.8614359353943586 0
0.7000000000050024 0.4457437415815296 0
0.3300000000038074 0.7748333950162208 0
0.4000000000028432 0.9307179676970682 0
0.6400000000058502 0.3418206931273887 0
0.6600000000059085 0.3071796769760193 0
0.6500000000060411 0.2898591689003527 0
0.2200000000046411 0.6535898384861417 0
0.3100000000033991 0.87875644346987 0
0.1200041819202697 0.9653565694160504 0
0.7600005463323153 0.1686161737130528 0
0.7100000000048534 0.4630642496571726 0
0.8400000000034049 0.6189488223384527 0
0.6600000000044729 0.5496667900352038 0
0.7500014761126275 0.1512972622468372 0
0.8000000000032688 0.6535898384896207 0
0.7100000000046316 0.4977052658084797 0
0.6800000000043471 0.5496667900353179 0
0.7000000000042792 0.5496667900354034 0
0.5400000000063426 0.2725386608242681 0
0.8100000000033478 0.6362693304140303 0
0.5100000000065001 0.2552181527483772 0
0.8300000000033143 0.6362693304140734 0
0.1400006969884391 0.965358581442653 0
0.7200000000056912 0.2725386608247912 0
0.4800000000054518 0.4111027254290915 0
0.5000000000054268 0.4111027254291964 0
0.5100000000056941 0.393782217353588 0
0.7800000000047831 0.4111027254303322 0
0.7900000000048839 0.3937822173546401 0
0.840000000004325 0.4803847577331224 0
0.5900000000044309 0.5323462819591533 0
0.3000000000032571 0.8960769515455432 0
0.8300000000037759 0.5669872981114665 0
0.1700000000013261 0.982679491924096 0
0.8400000000039151 0.5496667900358078 0
0.8500000000039953 0.5323462819601414 0
0.7399916587027107 0.1339827778252042 0
0.1300000000061645 0.428423233502908 0
0.7300000000058107 0.2552181527491846 0
0.66000000000207 0.9653589838499044 0
0.7500000000058381 0.2552181527491502 0
0.7700000000061108 0.2205771365979478 0
0.7600000000059658 0.2378976446735688 0
0.6500000000058743 0.3245001850516993 0
0.1800000000025797 0.9653589838478184 0
0.1000000000061499 0.4803847577297188 0
0.08000000000618683 0.4803847577296091 0
0.330000000002472 0.9480384757725119 0
0.05949755773495059 0.480365963562145 0
0.3600000000020778 0.9653589838484044 0
0.2100000000012986 0.9826794919243345 0
0.3900000000025887 0.9480384757726916 0
0.7495317219947188 0.1170809583575371 0
0.2200000000023786 0.9653589838481718 0
0.6200000000023516 0.8267949192450968 0
0.2500000000014619 0.9826794919243391 0
0.6000000000025362 0.8267949192447813 0
0.5400000000020533 0.9653589838492012 0
0.2700000000024693 0.9480384757724709 0
0.3000000000027557 0.9307179676967858 0
0.3800000000021667 0.9653589838484289 0
0.5600000000020279 0.965358983849317 0
0.5900000000015682 0.9826794919248358 0
0.6000000000017864 0.9653589838494697 0
0.6200000000016134 0.9653589838495306 0
0.640000000001718 0.9653589838496397 0
0.6700000000009015 0.9826794919253843 0
0.2900000000021501 0.9480384757724091 0
0.2600000000020521 0.9653589838483342 0
0.6900000000008055 0.9826794919253352 0
0.7000000000010258 0.9653589838498333 0
0.7200000000006497 0.9653589838499461 0
0.1099538434494305 0.9826272660053227 0
0.7400000000004939 0.9653589838499882 0
0.7600000000003542 0.9653589838500517 0
0.7800000000002177 0.96535898385013 0
0.8000000000001719 0.9653589838501486 0
0.8199999999999958 0.9653589838502655 0
0.8399999999998491 0.9653589838503323 0
0.8600002704703105 0.9653586998226259 0
0.8799999999994844 0.9653589838507877 0
0.9000008738269588 0.9653580662226388 0
0.909999999999359 0.9480384757752698 0
0.9300480962111114 0.9479090949699689 0
0.9301262540876509 0.8786088577458206 0
0.9509899987787367 0.5301983719939348 0
0.9822253947062447 0.30924567680486 0
0.9307375256886811 0.9126043297592177 0
0.9822770422605072 0.8290977806652795 0
0.9586487746523691 0.8611475727324442 0
0.07090329430816106 0.9475169585612268 0
0.9494603488600372 0.6703227760069963 0
0.9504794314689138 0.1155844229425856 0
0.9830883259954997 0.5905570324930401 0
0.05167511764129677 0.04924688332957151 0
0.05135707716127759 0.914770317826735 0
0.9497453082038498 0.08447472684571869 0
0.9484489412586651 0.7052467707844957 0
0.5891295542605076 0.01630315404059258 0
0.5497160643706451 0.05028530700392941 0
0.5788491801911287 0.03324460593979107 0
0.8291386954456016 0.01631144247588974 0
0.8191668653717961 0.03335334690090624 0
0.4098852643625853 0.01606698777570511 0
0.8198258497368531 0.06643082165729836 0
0.7998585624156893 0.0678062950861468 0
0.8006990845624566 0.1006309234773907 0
0.3098855155714464 0.01606529732802774 0
0.08955318983764446 0.01616982818799998 0
0.9298805796438321 0.08343810861933773 0
0.9297957574128026 0.05040698274597219 0
0.9098384633530726 0.04919373351933723 0
0.8597074141354186 0.0319039488966536 0
0.7597250040041181 0.1010009769697029 0
0.7292594711871364 0.08333855408520732 0
0.7297357387006628 0.05042740849974017 0
0.709813230411193 0.04920685467837069 0
0.6196682320286688 0.03191322399311747 0
0.4997397007032713 0.06632035877906196 0
0.469649607162193 0.04897839687525436 0
0.4396591382880652 0.03189174324035447 0
0.3397377616310535 0.03183249290314057 0
0.1197409074329784 0.03183382666900369 0
0.8798371183815699 0.03213883483317766 0
0.7800436035989137 0.1011782963216641 0
0.6799813830550638 0.0324046445341561 0
0.6599863601125879 0.03240525011725581 0
0.639834412401991 0.03222351293278776 0
0.519865217899368 0.06672024613936808 0
0.3799999999990328 0.03234628195459877 0
0.3598652588376787 0.03211418016242612 0
0.2799999999993245 0.03234628195438354 0
0.2599999999993833 0.03234628195433047 0
0.2399999999994414 0.03234628195427743 0
0.2199999999994995 0.03234628195417875 0
0.1999999999995579 0.03234628195412646 0
0.1799999999996163 0.03234628195407381 0
0.1599916899347242 0.03234119646505126 0
0.1398493964357148 0.03219513429905032 0
0.8999999999997481 0.03234070522153306 0
0.849611469782301 0.01610981320413619 0
0.7498762687803213 0.08436912039469993 0
0.699999999999201 0.03234070522143478 0
0.6095906182416565 0.01609837383823551 0
0.4897841092280509 0.04980747173378813 0
0.4597612149896544 0.03247310860164179 0
0.4297726982613828 0.01600357410338959 0
0.3297860952287888 0.01599183750778642 0
0.1097350261132158 0.01600744814879045 0
0.5695438958287083 0.04949412713726931 0
0.5398193101472307 0.06635712784921199 0
0.4000000000077475 0.03235185869913994 0
0.3000000000080095 0.03235185869885313 0
0.08067905074295274 0.03268812336036554 0
0.948246599491654 0.6357611062467013 0
0.05159211504277857 0.1160071488674329 0
0.03186028283894966 0.8797054666133453 0
0.0321415268705828 0.3600000000014935 0
0.9687690076063413 0.3560737579522432 0
0.9478350716564963 0.4964553438450321 0
0.03150954937560833 0.2201254530902444 0
0.9674998689277734 0.2200024581114779 0
0.03189638058762051 0.7401043674433652 0
0.9682137413199851 0.7399760450592141 0
0.05219117962376413 0.0832781501297776 0
0.03225449673973074 0.6003266799620369 0
0.9833783465939356 0.6113460738137768 0
0.03242214417423218 0.4991036913920496 0
0.04026564951828228 0.1358033681602685 0
0.0324139339571567 0.4616346243020637 0
0.9684565039021661 0.8769726145790502 0
0.03279960830887794 0.6382436000283112 0
0.03294497955896226 0.8420229340298659 0
0.0328353211878273 0.3222163055350332 0
0.9860895300746043 0.8499999999996036 0
0.03298313860342489 0.2575638348510284 0
0.9667298982255437 0.2572161826977921 0
0.9861625339285632 0.3299999999991788 0
0.03299460273004991 0.7773416121537058 0
0.966730191039091 0.7769766303001951 0
0.03312043283365781 0.703036113025632 0
0.9863914147195978 0.1899999999995871 0
0.03326042629155983 0.3964835375317011 0
0.9668513859211473 0.3965049042431583 0
0.966793510907846 0.5641543125728665 0
0.0134250839869684 0.5300000000018728 0
0.9865975983503782 0.1099999999997989 0
0.9866573648878075 0.9495826252653465 0
0.05000000000023332 0.9866025403783578 0
0.9866438377699647 0.05022663947287771 0
0.05026254593580727 0.01307504539276879 0
0.9866252301261523 0.4299999999988877 0
0.01347867485631054 0.1502116739155198 0
0.01357392822970209 0.670117956102958 0
0.01333793739569693 0.8099999999999294 0
0.0133336638935938 0.2900000000012068 0
0.0326175421304575 0.1835047598130315 0
0.03346891332966639 0.4251385628491378 0
0.9663776086177612 0.8073830225306584 0
0.9671754535474243 0.2882621117787613 0
0.9869183594909974 0.9107954079887461 0
0.9865112193463637 0.09037087102453484 0
0.9592728362727942 0.1001692295314616 0
0.01288373575314991 0.5700000000015961 0
0.9681984201256948 0.5358795660737929 0
0.9879349253566087 0.1499999999997036 0
0.9662883633126387 0.4611203560026984 0
0.01464101615142661 0.01464101615145901 0
0.9853589838485695 0.01464101615140729 0
0.9853589838485546 0.9853589838485628 0
0.01464101615144004 0.9853589838485609 0
0.06482121814823531 0.9619538553524956 0
0.9540045673229012 0.5123162041847822 0
0.04595514658377169 0.06972480269228039 0
0.9543970895263704 0.6499999999990738 0
0.9545894683919682 0.6899999999991477 0
0.04586026750737594 0.9304968460078329 0
0.9737485836630908 0.3394769038848206 0
0.9739466600872537 0.8590990339054345 0
0.9742918706281103 0.1002388338115151 0
0.0645068726986046 0.0355515062111742 0
$EndNodes
$Elements
5 6028 1 6028
1 1 1 50
1 1 5 
2 5 6 
3 6 7 
4 7 8 
5 8 9 
6 9 10 
7 10 11 
8 11 12 
9 12 13 
10 13 14 
11 14 15 
12 15 16 
13 16 17 
14 17 18 
15 18 19 
16 19 20 
17 20 21 
18 21 22 
19 22 23 
20 23 24 
21 24 25 
22 25 26 
23 26 27 
24 27 28 
25 28 29 
26 29 30 
27 30 31 
28 31 32 
29 32 33 
30 33 34 
31 34 35 
32 35 36 
33 36 37 
34 37 38 
35 38 39 
36 39 40 
37 40 41 
38 41 42 
39 42 43 
40 43 44 
41 44 45 
42 45 46 
43 46 47 
44 47 48 
45 48 49 
46 49 50 
47 50 51 
48 51 52 
49 52 53 
50 53 2 
1 2 1 50
51 2 54 
52 54 55 
53 55 56 
54 56 57 
55 57 58 
56 58 59 
57 59 60 
58 60 61 
59 61 62 
60 62 63 
61 63 64 
62 64 65 
63 65 66 
64 66 67 
65 67 68 
66 68 69 
67 69 70 
68 70 71 
69 71 72 
70 72 73 
71 73 74 
72 74 75 
73 75 76 
74 76 77 
75 77 78 
76 78 79 
77 79 80 
78 80 81 
79 81 82 
80 82 83 
81 83 84 
82 84 85 
83 85 86 
84 86 87 
85 87 88 
86 88 89 
87 89 90 
88 90 91 
89 91 92 
90 92 93 
91 93 94 
92 94 95 
93 95 96 
94 96 97 
95 97 98 
96 98 99 
97 99 100 
98 100 101 
99 101 102 
100 102 3 
1 3 1 50
101 3 103 
102 103 104 
103 104 105 
104 105 106 
105 106 107 
106 107 108 
107 108 109 
108 109 110 
109 110 111 
110 111 112 
111 112 113 
112 113 114 
113 114 115 
114 115 116 
115 116 117 
116 117 118 
117 118 119 
118 119 120 
119 120 121 
120 121 122 
121 122 123 
122 123 124 
123 124 125 
124 125 126 
125 126 127 
126 127 128 
127 128 129 
128 129 130 
129 130 131 
130 131 132 
131 132 133 
132 133 134 
133 134 135 
134 135 136 
135 136 137 
136 137 138 
137 138 139 
138 139 140 
139 140 141 
140 141 142 
141 142 143 
142 143 144 
143 144 145 
144 145 146 
145 146 147 
146 147 148 
147 148 149 
148 149 150 
149 150 151 
150 151 4 
1 4 1 50
151 4 152 
152 152 153 
153 153 154 
154 154 155 
155 155 156 
156 156 157 
157 157 158 
158 158 159 
159 159 160 
160 160 161 
161 161 162 
162 162 163 
163 163 164 
164 164 165 
165 165 166 
166 166 167 
167 167 168 
168 168 169 
169 169 170 
170 170 171 
171 171 172 
172 172 173 
173 173 174 
174 174 175 
175 175 176 
176 176 177 
177 177 178 
178 178 179 
179 179 180 
180 180 181 
181 181 182 
182 182 183 
183 183 184 
184 184 185 
185 185 186 
186 186 187 
187 187 188 
188 188 189 
189 189 190 
190 190 191 
191 191 192 
192 192 193 
193 193 194 
194 194 195 
195 195 196 
196 196 197 
197 197 198 
198 198 199 
199 199 200 
200 200 1 
2 1 2 5828
201 2883 1738 2993 
202 1545 1926 1957 
203 1854 235 2045 
204 226 2883 2993 
205 2881 1735 2994 
206 1762 221 2075 
207 2083 1324 2517 
208 2045 235 2992 
209 215 2881 2994 
210 1442 2056 2551 
211 2353 237 2888 
212 232 1763 2019 
213 211 1747 1912 
214 208 1740 2360 
215 214 1982 2441 
216 271 1789 2471 
217 255 1737 2058 
218 221 1762 2976 
219 260 1749 2088 
220 267 2323 2396 
221 254 1741 2043 
222 2102 1845 2345 
223 1748 229 2142 
224 205 1840 2397 
225 1823 1717 2101 
226 2035 2037 2077 
227 2426 1853 2843 
228 237 2353 2979 
229 210 1743 2961 
230 76 77 1880 
231 1853 1326 2843 
232 1299 1960 2959 
233 1742 241 2372 
234 1912 1747 2977 
235 1740 208 2978 
236 1960 1299 2950 
237 1957 1926 2951 
238 1743 210 2057 
239 1746 263 2085 
240 1982 214 2975 
241 1745 238 2963 
242 2056 1442 2892 
243 1751 272 1755 
244 1324 2083 2518 
245 1926 1545 2890 
246 2035 2077 2995 
247 2471 1789 2973 
248 1737 255 2974 
249 254 185 1761 
250 2083 2517 2955 
251 2102 2345 2998 
252 2088 1749 2970 
253 2323 267 2971 
254 1823 2101 2980 
255 1750 219 2699 
256 1877 1584 1880 
257 5 6 1952 
258 54 55 1972 
259 101 102 2140 
260 150 151 2163 
261 1741 254 2968 
262 1755 224 2103 
263 2551 2056 2958 
264 1748 2142 2967 
265 1584 1877 1878 
266 2950 1451 2963 
267 77 1877 1880 
268 241 76 1880 
269 2397 1840 2966 
270 185 186 1761 
271 214 166 1758 
272 241 1742 2986 
273 1743 1744 2961 
274 1763 1764 2019 
275 1977 2891 2904 
276 1734 2400 2994 
277 166 167 1758 
278 192 193 1759 
279 73 74 1760 
280 250 2033 2034 
281 1973 251 1975 
282 1764 1615 2018 
283 2891 1300 2904 
284 227 192 1759 
285 1733 2046 2993 
286 238 1745 2987 
287 2888 83 2961 
288 1757 244 2101 
289 5 1952 3002 
290 54 1972 3003 
291 2140 102 3004 
292 2163 151 3005 
293 232 2019 2020 
294 208 73 1760 
295 1840 205 2960 
296 266 1756 1763 
297 1975 251 1976 
298 250 2034 2035 
299 1321 1224 2887 
300 229 1748 2951 
301 263 1746 2988 
302 1960 1955 2959 
303 244 1757 2102 
304 1744 2353 2888 
305 1911 1720 2992 
306 2043 1741 2952 
307 1962 2950 2963 
308 1763 232 3000 
309 2121 2899 2900 
310 2899 1097 2900 
311 2910 1218 2911 
312 2117 2910 2911 
313 2905 1217 2906 
314 2098 2905 2906 
315 1755 272 2989 
316 1756 266 1762 
317 1749 260 2955 
318 2396 2323 2956 
319 1739 1738 2883 
320 2400 215 2994 
321 1736 1735 2881 
322 1789 271 2957 
323 2058 1737 2958 
324 238 1962 2963 
325 1756 1615 1764 
326 1321 1764 2018 
327 2046 226 2993 
328 1723 1903 2979 
329 2441 1982 2957 
330 219 1750 2990 
331 1962 1960 2950 
332 1195 1092 2882 
333 1744 2888 2961 
334 2075 221 2956 
335 1720 1911 2977 
336 2019 1321 2887 
337 1853 2426 2962 
338 224 1755 2989 
339 1747 211 2952 
340 2360 1740 2953 
341 254 1761 2968 
342 1845 2102 2508 
343 2102 1757 2508 
344 2103 224 2973 
345 2046 1733 2974 
346 2040 2032 2878 
347 2699 219 2970 
348 2400 1734 2971 
349 2345 1845 2960 
350 2518 1701 2695 
351 272 1751 2967 
352 1717 1823 2962 
353 235 1911 2992 
354 2085 263 2966 
355 1461 2039 2879 
356 1854 2045 2964 
357 2040 1195 2882 
358 2039 2038 2879 
359 1763 1756 1764 
360 2035 2034 2036 
361 2372 241 3001 
362 2893 1729 2895 
363 1729 1568 2895 
364 2896 1728 2897 
365 1728 1574 2897 
366 1903 1723 2999 
367 2038 1123 2879 
368 1195 2040 2878 
369 2034 2032 2040 
370 1324 2518 2695 
371 1726 1701 2518 
372 1092 1123 2882 
373 1224 1300 2887 
374 2894 1949 2944 
375 1000 2909 2936 
376 2230 2915 2940 
377 2182 2914 2939 
378 1586 2912 2922 
379 2470 2907 2918 
380 2260 2908 2919 
381 2901 1292 2919 
382 1626 2917 2933 
383 2188 2916 2925 
384 2180 2913 2923 
385 2903 9 2943 
386 2902 20 2942 
387 2896 46 2935 
388 2898 25 2941 
389 2893 34 2938 
390 1326 1853 2964 
391 249 2162 3006 
392 2054 2056 2892 
393 1743 2057 2949 
394 1764 1321 2019 
395 2035 2036 2037 
396 1123 2038 2882 
397 2036 2034 2040 
398 2162 249 2983 
399 2033 250 2982 
400 251 1973 2984 
401 252 1953 2985 
402 2161 1547 2885 
403 214 1758 2975 
404 2880 1320 3007 
405 2037 2036 2038 
406 1879 2880 3007 
407 2037 2038 2039 
408 148 249 2740 
409 249 1765 2740 
410 1985 1988 2842 
411 146 147 2867 
412 1983 1984 2844 
413 1988 1240 2842 
414 147 148 2740 
415 999 1769 2147 
416 1769 1771 2147 
417 999 1768 1769 
418 2087 2834 2860 
419 1984 1523 2844 
420 1775 1349 2387 
421 1349 1773 2387 
422 2061 234 2817 
423 234 2803 2817 
424 1773 680 2387 
425 680 1773 1873 
426 679 680 1873 
427 989 1057 2218 
428 2061 1595 2828 
429 2586 2143 2592 
430 1771 1772 2856 
431 1593 1935 2663 
432 2828 1595 2839 
433 684 682 2849 
434 686 688 1881 
435 1908 1910 2732 
436 225 1766 2845 
437 1595 2061 2817 
438 1778 693 1933 
439 1094 1786 1788 
440 2147 1771 2148 
441 1907 1416 2416 
442 1778 1933 2582 
443 698 697 1889 
444 1284 2147 2148 
445 2845 1766 2848 
446 709 1780 1905 
447 714 713 1900 
448 713 1781 1900 
449 1910 1469 2732 
450 225 2828 2839 
451 1329 1603 2326 
452 1776 644 1813 
453 721 718 2209 
454 644 635 1813 
455 257 1767 2850 
456 710 709 1905 
457 1127 1049 1981 
458 2285 2283 2495 
459 2282 1800 2283 
460 2283 1800 2495 
461 2218 1184 2698 
462 682 679 1873 
463 1766 225 2839 
464 646 1958 2466 
465 1598 1958 2771 
466 1768 999 2218 
467 1841 964 1842 
468 635 646 1813 
469 706 705 1906 
470 2026 1119 2779 
471 1367 1839 1840 
472 1780 709 1906 
473 1284 2148 2592 
474 2171 2172 2813 
475 658 645 2067 
476 1606 2239 2240 
477 1391 1606 2240 
478 1813 646 2466 
479 1838 1366 1841 
480 1906 1907 2416 
481 1842 964 1843 
482 1793 1649 2659 
483 717 1900 2825 
484 1302 1790 1982 
485 1984 1985 2842 
486 1790 1302 1981 
487 1619 1494 1795 
488 257 2845 2848 
489 964 1841 2124 
490 999 989 2218 
491 1619 1795 2478 
492 1057 1184 2218 
493 1184 1349 2698 
494 828 1793 2659 
495 1613 1796 2649 
496 1786 1094 2067 
497 1094 1788 1981 
498 1475 2586 2592 
499 1367 1838 1839 
500 233 1792 2713 
501 2204 2207 2389 
502 1367 1366 1838 
503 2143 1284 2592 
504 1935 1675 2663 
505 1798 1800 2310 
506 1800 2282 2310 
507 1783 575 1827 
508 575 1798 2310 
509 1958 646 2771 
510 478 1821 2342 
511 620 621 1820 
512 575 1783 1798 
513 1821 1599 2342 
514 689 1777 1933 
515 1599 2207 2342 
516 689 686 1881 
517 1777 689 1881 
518 1242 2203 2204 
519 959 965 1843 
520 2203 1242 2205 
521 2207 1599 2389 
522 1242 2204 2389 
523 1349 1775 2698 
524 1664 2026 2779 
525 1593 1881 1935 
526 709 706 1906 
527 644 1776 2067 
528 2649 1796 2727 
529 717 714 1900 
530 621 1791 1820 
531 623 620 1820 
532 693 1778 1939 
533 1881 688 1935 
534 1781 713 1905 
535 1987 1990 2862 
536 701 698 1889 
537 1779 701 1889 
538 130 233 2713 
539 1767 257 2848 
540 1889 697 2326 
541 417 420 2076 
542 2654 545 2815 
543 1933 1777 2582 
544 1843 965 2715 
545 209 1983 2844 
546 147 2740 2867 
547 1834 1062 1836 
548 1778 1594 1939 
549 1830 1070 1832 
550 1801 434 1808 
551 2126 2125 2679 
552 2714 1779 2741 
553 434 427 1808 
554 1340 1609 2093 
555 1939 1594 2326 
556 1785 1071 1828 
557 1841 1366 2124 
558 1906 705 1907 
559 682 1873 2849 
560 713 710 1905 
561 2209 717 2825 
562 1791 621 1846 
563 964 959 1843 
564 2276 2275 2755 
565 1594 1329 2326 
566 1603 1889 2326 
567 751 1992 2060 
568 1062 1834 2199 
569 718 717 2209 
570 1062 721 2209 
571 217 2850 2863 
572 1432 2285 2495 
573 1832 1070 2199 
574 1613 1795 1796 
575 2126 1342 2128 
576 1070 1830 2177 
577 1136 2298 2789 
578 1795 1494 1796 
579 1302 1127 1981 
580 1356 2171 2813 
581 1049 1094 1981 
582 1919 1166 2091 
583 1828 1071 2177 
584 1071 1785 2245 
585 1166 1919 2377 
586 1819 317 2358 
587 1818 1819 2358 
588 233 1908 2732 
589 1063 1818 2358 
590 1917 1072 2245 
591 1818 1063 2062 
592 431 1814 1964 
593 2657 1479 2823 
594 1964 1814 2476 
595 1907 2714 2741 
596 2128 1342 2130 
597 1909 209 2855 
598 311 811 1855 
599 811 1810 1855 
600 1600 1783 1827 
601 2141 785 2730 
602 1342 2126 2679 
603 2239 1606 2241 
604 478 479 2800 
605 1814 431 1815 
606 1810 811 2437 
607 701 1779 2714 
608 1078 1857 2086 
609 1281 1809 1811 
610 1857 1706 2086 
611 1194 1825 1826 
612 2026 1664 2784 
613 1499 1281 1811 
614 1094 658 2067 
615 1410 1391 2240 
616 2337 567 2762 
617 1834 1832 2199 
618 1410 2240 2246 
619 2656 1168 2772 
620 1636 1846 2662 
621 1410 2246 2247 
622 645 644 2067 
623 1830 1828 2177 
624 1825 1564 1826 
625 1499 1811 1812 
626 459 461 2654 
627 430 436 1817 
628 975 1243 2402 
629 1243 2401 2402 
630 2091 1166 2092 
631 1857 1078 1859 
632 1785 1917 2245 
633 2246 1607 2247 
634 2060 2616 2675 
635 2138 965 2373 
636 1807 2138 2373 
637 2247 1607 2281 
638 1063 1855 2062 
639 2281 1607 2425 
640 2237 2281 2425 
641 179 235 1854 
642 1992 751 2059 
643 140 257 2850 
644 1432 2236 2453 
645 2069 789 2747 
646 1063 311 1855 
647 2236 2237 2453 
648 2237 2425 2453 
649 1969 1509 2796 
650 2236 1432 2495 
651 2717 2309 2826 
652 1523 1984 2842 
653 1171 1807 2373 
654 2060 2675 2801 
655 1416 1907 2741 
656 1609 2092 2093 
657 2701 1493 2824 
658 1888 1948 1949 
659 781 1872 2261 
660 317 1819 2298 
661 2834 264 2860 
662 2027 2579 2722 
663 2313 1648 2657 
664 1872 1867 2261 
665 1807 1171 2616 
666 1649 1648 2659 
667 1919 1918 2393 
668 2377 1919 2393 
669 494 1794 2670 
670 1821 478 2800 
671 2667 494 2670 
672 1918 567 2393 
673 323 1136 2092 
674 1859 1078 2069 
675 142 225 2845 
676 1991 1992 2059 
677 1151 1336 2234 
678 2073 2070 2223 
679 2684 816 2694 
680 965 2138 2715 
681 1648 2313 2659 
682 2616 1171 2675 
683 1808 427 1964 
684 434 1801 1991 
685 667 669 2014 
686 1620 1797 2701 
687 1621 2018 2734 
688 1118 2276 2755 
689 1600 1827 2654 
690 420 751 2076 
691 1772 2712 2856 
692 415 417 2076 
693 1793 828 2667 
694 434 1991 2059 
695 1815 431 1817 
696 1793 2667 2670 
697 2798 2306 2838 
698 2234 1810 2437 
699 1809 1281 2234 
700 431 430 1817 
701 1372 1340 2093 
702 1863 2141 2730 
703 921 975 2402 
704 1794 494 2684 
705 501 2649 2727 
706 1794 2684 2694 
707 1619 2478 2689 
708 1166 323 2092 
709 1827 459 2654 
710 1432 1431 2285 
711 1969 1337 2131 
712 1081 2721 2723 
713 81 237 1903 
714 1808 1964 2476 
715 144 2061 2828 
716 2401 1243 2403 
717 1776 1786 2067 
718 1066 1669 2205 
719 1242 1066 2205 
720 1597 1838 1841 
721 1342 1182 2130 
722 1182 1690 2130 
723 1930 2174 2719 
724 1232 1230 1844 
725 1797 1620 2711 
726 1788 1790 1981 
727 1792 233 2732 
728 1119 1008 2779 
729 1846 621 2662 
730 1820 1598 2771 
731 1856 1237 2451 
732 1847 591 1849 
733 2076 2060 2801 
734 1923 1901 1926 
735 445 447 1850 
736 567 1918 2762 
737 359 627 2710 
738 575 457 1827 
739 2298 1819 2789 
740 457 459 1827 
741 651 1005 1892 
742 1005 1876 1892 
743 1156 2011 2013 
744 1812 2300 2594 
745 1812 1811 2300 
746 433 441 2546 
747 2267 1072 2821 
748 1363 1561 1968 
749 1846 2063 2414 
750 1008 800 2832 
751 1194 1826 2625 
752 1367 1840 1844 
753 2011 1156 2016 
754 2494 1358 2680 
755 1380 2227 2793 
756 1780 1906 2416 
757 977 2775 2778 
758 127 128 201 
759 1350 1590 1916 
760 1948 1888 2435 
761 176 177 202 
762 906 1928 1930 
763 2125 2131 2679 
764 1590 1913 1916 
765 2243 2244 2787 
766 1512 2790 2792 
767 1512 2244 2790 
768 2721 1627 2723 
769 906 905 1928 
770 2243 2787 2791 
771 1965 627 2071 
772 1842 1843 1856 
773 441 1946 2546 
774 2791 1380 2793 
775 793 790 2069 
776 448 446 2278 
777 1145 2073 2223 
778 441 443 1946 
779 1842 1856 2451 
780 901 903 1932 
781 1700 1965 2071 
782 2078 1175 2633 
783 1791 1846 2414 
784 1476 2854 2862 
785 1597 1841 1842 
786 669 1156 2014 
787 1875 1904 2175 
788 1904 1591 2175 
789 176 202 1823 
790 1894 556 2277 
791 127 201 277 
792 556 1894 1896 
793 1081 2220 2806 
794 2131 1337 2679 
795 1623 1894 2277 
796 1712 1694 2808 
797 1230 1367 1844 
798 1105 1310 2211 
799 2638 976 2743 
800 977 2778 2781 
801 906 1930 1931 
802 1107 1875 2175 
803 1609 2091 2092 
804 2214 2301 2585 
805 812 1914 2578 
806 1849 591 1850 
807 1232 1844 1845 
808 1336 1810 2234 
809 1281 1151 2234 
810 2012 2016 2603 
811 2023 2022 2674 
812 2071 2070 2073 
813 1002 1944 1979 
814 2829 1516 2830 
815 2568 555 2637 
816 591 1847 1946 
817 2172 2203 2813 
818 1431 1438 2285 
819 591 445 1850 
820 821 1042 2196 
821 1806 2704 2715 
822 1438 2284 2285 
823 1846 1636 2063 
824 545 2171 2815 
825 456 454 2574 
826 461 545 2654 
827 1141 2193 2194 
828 705 702 2714 
829 128 129 1837 
830 1817 436 2656 
831 547 2023 2674 
832 2042 643 2629 
833 1875 1107 1890 
834 2227 2226 2793 
835 2096 2829 2830 
836 1337 1969 2796 
837 1302 1982 2729 
838 2092 1136 2093 
839 2579 2014 2722 
840 725 723 2199 
841 2012 2011 2016 
842 556 1896 1897 
843 1851 1364 1967 
844 2485 1624 2486 
845 1817 2656 2772 
846 133 209 1909 
847 1936 1396 2279 
848 178 179 1854 
849 1191 1824 2780 
850 651 1892 2597 
851 2148 1771 2856 
852 1874 909 1929 
853 1902 80 1903 
854 730 728 2177 
855 2060 1992 2616 
856 1364 1851 1944 
857 454 452 1897 
858 667 2014 2579 
859 2018 1615 2734 
860 1907 705 2714 
861 1625 1875 1890 
862 2284 1438 2487 
863 182 211 1912 
864 2042 1636 2662 
865 1891 1936 2279 
866 454 1897 2574 
867 760 762 1927 
868 31 1948 2435 
869 2244 2368 2790 
870 390 394 2692 
871 905 909 1928 
872 80 81 1903 
873 1915 557 2214 
874 734 732 2245 
875 1145 2340 2718 
876 2403 1243 2716 
877 1944 1851 1979 
878 443 591 1946 
879 1809 2234 2437 
880 555 2575 2637 
881 559 2028 2131 
882 1465 2078 2633 
883 277 201 278 
884 1859 2069 2747 
885 627 1965 2710 
886 2145 2005 2728 
887 772 1891 2279 
888 909 1874 1928 
889 1872 781 2706 
890 2072 2403 2716 
891 977 2086 2775 
892 1927 762 1934 
893 1625 1890 1956 
894 444 442 2216 
895 634 651 2597 
896 2403 2072 2718 
897 2174 1318 2719 
898 1364 1363 1968 
899 1935 688 2851 
900 1891 772 1927 
901 762 764 1934 
902 238 1961 1962 
903 1826 2619 2625 
904 2028 1969 2131 
905 2313 2657 2823 
906 2275 1500 2755 
907 2284 2487 2591 
908 1915 2214 2585 
909 452 556 1897 
910 2487 1850 2591 
911 1078 793 2069 
912 1816 2494 2680 
913 1091 1194 2625 
914 138 217 1989 
915 78 79 204 
916 29 30 203 
917 1780 1601 1905 
918 1914 812 2216 
919 772 760 1927 
920 901 1932 2137 
921 1852 178 1854 
922 2252 554 2253 
923 903 906 1932 
924 1204 1302 2729 
925 130 131 233 
926 1601 1781 1905 
927 2072 2073 2718 
928 1850 447 2591 
929 790 789 2069 
930 2277 448 2278 
931 179 180 235 
932 751 2060 2076 
933 688 684 2849 
934 688 2849 2851 
935 446 812 2278 
936 394 433 2546 
937 78 204 1877 
938 108 230 1899 
939 1731 2195 2211 
940 1929 2017 2524 
941 2154 1143 2666 
942 1796 1494 2668 
943 1694 2406 2804 
944 2066 1631 2547 
945 129 130 2713 
946 1310 1731 2211 
947 557 1915 2216 
948 1989 217 1990 
949 2278 812 2578 
950 2093 1136 2789 
951 29 203 1882 
952 32 239 1948 
953 785 2261 2730 
954 157 229 1901 
955 2064 552 2526 
956 238 195 1961 
957 1455 2066 2547 
958 789 2141 2747 
959 2251 1420 2436 
960 2064 2009 2457 
961 1938 969 2610 
962 2619 1005 2625 
963 2251 554 2252 
964 202 1852 1853 
965 1387 2293 2627 
966 697 1939 2326 
967 1141 1105 2211 
968 1141 2194 2196 
969 1042 1141 2196 
970 89 218 2055 
971 1642 1963 2554 
972 1948 239 1949 
973 1624 821 2196 
974 1623 2277 2278 
975 1824 1483 2780 
976 1600 2654 2815 
977 2193 1141 2211 
978 1529 1938 2610 
979 79 80 1902 
980 2024 1360 2049 
981 1987 1989 1990 
982 1360 2024 2048 
983 1624 2196 2486 
984 1533 2042 2629 
985 1350 1916 2650 
986 1836 1062 2209 
987 671 673 2016 
988 1156 2013 2014 
989 1874 1929 2524 
990 1945 1232 2508 
991 1232 1845 2508 
992 723 1062 2199 
993 1070 725 2199 
994 728 1070 2177 
995 1072 1917 2821 
996 107 108 1899 
997 233 131 1908 
998 2054 2055 2056 
999 1156 671 2016 
1000 156 157 1901 
1001 781 776 2706 
1002 1934 764 2492 
1003 814 2145 2728 
1004 1071 730 2177 
1005 554 2251 2436 
1006 1824 1191 2781 
1007 2254 2319 2510 
1008 1963 1716 2554 
1009 1074 1937 1940 
1010 1265 1074 1940 
1011 235 180 1911 
1012 2353 1471 2587 
1013 732 1071 2245 
1014 1950 274 1951 
1015 2244 1512 2787 
1016 1768 2218 2698 
1017 690 689 1933 
1018 2790 2265 2792 
1019 2696 978 2705 
1020 693 690 1933 
1021 2292 1265 2532 
1022 1951 274 1952 
1023 1546 1545 1957 
1024 1877 204 1878 
1025 623 1820 2771 
1026 199 274 1950 
1027 2055 218 2056 
1028 1072 734 2245 
1029 1932 1931 2671 
1030 628 578 2210 
1031 552 2027 2722 
1032 641 638 2200 
1033 1924 1923 1926 
1034 1544 1545 1546 
1035 1797 1287 2701 
1036 1882 203 1883 
1037 195 196 1961 
1038 107 1899 1920 
1039 838 1271 2021 
1040 2021 1271 2022 
1041 541 2015 2271 
1042 984 1998 2321 
1043 2249 1420 2251 
1044 535 984 2321 
1045 697 694 1939 
1046 2243 2791 2793 
1047 852 849 2220 
1048 1494 1394 2668 
1049 694 693 1939 
1050 2227 1380 2798 
1051 883 910 2152 
1052 1942 2074 2371 
1053 812 444 2216 
1054 1950 1951 1954 
1055 555 456 2574 
1056 442 557 2216 
1057 2370 2133 2515 
1058 108 109 230 
1059 1624 2485 2577 
1060 2469 2286 2617 
1061 1908 1909 1910 
1062 88 89 2055 
1063 2773 1245 2785 
1064 1144 1624 2577 
1065 2010 2145 2736 
1066 2074 1662 2371 
1067 1941 2363 2413 
1068 882 883 2152 
1069 882 2152 2153 
1070 910 2151 2152 
1071 1279 1700 2716 
1072 2363 727 2413 
1073 1409 2401 2403 
1074 157 158 229 
1075 1011 1956 2280 
1076 643 2623 2629 
1077 1265 1940 2532 
1078 2009 2434 2457 
1079 637 1943 2200 
1080 1970 273 1971 
1081 132 133 1909 
1082 668 1002 2624 
1083 2566 1188 2634 
1084 1978 2156 2430 
1085 2301 1144 2585 
1086 1453 2263 2292 
1087 2029 2136 2365 
1088 106 107 1920 
1089 2434 541 2457 
1090 2265 2225 2795 
1091 156 1901 1923 
1092 2737 691 2738 
1093 1144 2577 2585 
1094 81 82 237 
1095 1254 1350 2650 
1096 1942 332 2136 
1097 2010 2736 2737 
1098 1544 1543 1545 
1099 52 273 1970 
1100 332 1942 2371 
1101 554 462 2253 
1102 1635 1945 2508 
1103 1549 1550 1551 
1104 2009 2064 2526 
1105 39 40 2118 
1106 1794 1653 2670 
1107 1667 2022 2023 
1108 155 156 1923 
1109 1971 273 1972 
1110 32 33 239 
1111 1931 2520 2671 
1112 1343 1637 2756 
1113 2065 1631 2066 
1114 2252 2254 2510 
1115 247 1920 1921 
1116 1614 1343 2751 
1117 1549 1551 1958 
1118 1111 1314 1956 
1119 1549 1546 1550 
1120 2402 1614 2746 
1121 181 182 1912 
1122 2017 1929 2429 
1123 2778 1824 2781 
1124 1620 2701 2824 
1125 1871 2752 2758 
1126 462 460 2253 
1127 1937 1074 2200 
1128 2073 1145 2718 
1129 1916 2647 2650 
1130 137 138 1989 
1131 39 2118 2119 
1132 247 106 1920 
1133 1908 132 1909 
1134 1420 2249 2255 
1135 1941 923 2156 
1136 1855 1608 2062 
1137 1637 2337 2762 
1138 923 1941 2413 
1139 1551 1550 1581 
1140 2835 2305 2837 
1141 559 440 2635 
1142 1209 2017 2429 
1143 275 2030 2031 
1144 1175 2066 2633 
1145 1951 1952 1953 
1146 1002 1979 2624 
1147 1945 1635 2104 
1148 1970 1971 2097 
1149 2756 1637 2762 
1150 1548 1546 1549 
1151 1053 2370 2515 
1152 1876 1005 2619 
1153 1849 1850 2487 
1154 2104 971 2355 
1155 1505 2511 2571 
1156 1884 203 2435 
1157 1453 2292 2532 
1158 1051 1947 2176 
1159 248 155 1923 
1160 2151 910 2173 
1161 906 1931 1932 
1162 1314 1625 1956 
1163 2706 1425 2739 
1164 2746 1614 2751 
1165 1606 1392 2819 
1166 1971 1974 2097 
1167 2254 2568 2637 
1168 1917 2820 2821 
1169 209 134 1983 
1170 1722 2353 2587 
1171 1684 2078 2676 
1172 882 2153 2269 
1173 2079 655 2105 
1174 1631 2065 2198 
1175 1667 2021 2022 
1176 2136 332 2365 
1177 275 2031 2140 
1178 31 32 1948 
1179 1911 181 1912 
1180 2015 541 2434 
1181 1168 580 2047 
1182 2751 1343 2756 
1183 1375 1980 2105 
1184 145 234 2061 
1185 2156 923 2430 
1186 983 1994 2256 
1187 1464 2717 2826 
1188 555 2574 2575 
1189 1700 2071 2072 
1190 578 572 2210 
1191 1081 852 2220 
1192 1801 1802 1991 
1193 240 48 2100 
1194 248 1923 1924 
1195 1947 1051 2404 
1196 1802 1805 1991 
1197 1542 1543 1544 
1198 764 766 2492 
1199 643 2042 2662 
1200 2786 995 2812 
1201 230 109 2089 
1202 1915 1914 2216 
1203 1101 2134 2232 
1204 1194 1552 1825 
1205 1956 1890 2280 
1206 580 593 2047 
1207 1959 1955 1960 
1208 2047 1358 2494 
1209 1648 1257 2657 
1210 246 1950 1954 
1211 2050 2051 2057 
1212 1944 1002 2095 
1213 2053 88 2055 
1214 1608 1980 2062 
1215 1897 1896 1898 
1216 2819 1392 2820 
1217 2406 1677 2580 
1218 638 637 2200 
1219 1998 984 2379 
1220 839 838 2273 
1221 984 2271 2379 
1222 2187 2186 2810 
1223 2511 1239 2571 
1224 1598 1549 1958 
1225 2725 814 2728 
1226 877 879 2269 
1227 87 88 2053 
1228 136 137 1986 
1229 255 92 2046 
1230 1011 1111 1956 
1231 1971 1972 1973 
1232 741 1978 2430 
1233 838 2021 2273 
1234 2231 2135 2233 
1235 1978 741 2274 
1236 843 991 2149 
1237 1074 641 2200 
1238 1993 995 2421 
1239 1548 1791 2414 
1240 1544 1548 2414 
1241 2271 2015 2379 
1242 199 200 274 
1243 630 1360 2048 
1244 817 2029 2365 
1245 1535 1636 2042 
1246 229 158 2142 
1247 211 183 2043 
1248 1943 637 2469 
1249 2293 1678 2627 
1250 2028 559 2635 
1251 2184 983 2256 
1252 1980 2079 2105 
1253 983 535 2321 
1254 1980 1375 2062 
1255 1544 1546 1548 
1256 1001 2041 2523 
1257 1847 1848 1946 
1258 2050 256 2051 
1259 1945 2104 2355 
1260 1636 1537 2063 
1261 1051 2176 2424 
1262 394 2546 2692 
1263 91 255 2058 
1264 1560 1851 1967 
1265 277 278 1475 
1266 2135 2231 2232 
1267 1249 1362 2095 
1268 552 551 2027 
1269 2029 817 2217 
1270 2176 1422 2424 
1271 109 110 2089 
1272 1551 1581 1582 
1273 1581 1550 1748 
1274 1582 1581 1751 
1275 2623 1938 2629 
1276 1983 253 1984 
1277 246 198 1950 
1278 86 256 2050 
1279 246 1955 1959 
1280 158 159 2142 
1281 428 431 1964 
1282 1638 2274 2527 
1283 220 2116 2117 
1284 2443 1684 2697 
1285 849 848 2220 
1286 220 2115 2116 
1287 1360 628 2210 
1288 1888 1884 2435 
1289 1091 1193 1194 
1290 778 1011 2280 
1291 427 428 1964 
1292 2252 2253 2254 
1293 2134 2135 2232 
1294 751 422 2059 
1295 2030 1922 2031 
1296 2063 1542 2414 
1297 2082 227 2083 
1298 1611 2091 2417 
1299 960 964 2124 
1300 848 2149 2150 
1301 2110 2107 2120 
1302 2704 1856 2715 
1303 2129 2566 2634 
1304 1958 1551 2466 
1305 2348 561 2573 
1306 2369 1849 2487 
1307 2031 1922 2032 
1308 1632 2173 2197 
1309 1641 1642 2554 
1310 2205 1669 2681 
1311 258 38 2119 
1312 543 2064 2457 
1313 2091 1609 2417 
1314 1715 1393 2370 
1315 632 630 2048 
1316 1314 1570 1577 
1317 848 2150 2220 
1318 460 458 2568 
1319 907 913 2428 
1320 1233 1286 1326 
1321 1931 1930 2719 
1322 1111 1313 1314 
1323 651 1003 1005 
1324 617 620 622 
1325 802 2132 2133 
1326 1500 1499 2744 
1327 1472 1455 2547 
1328 622 620 623 
1329 1233 1120 1286 
1330 622 1069 2208 
1331 617 622 2208 
1332 52 53 273 
1333 2107 2106 2120 
1334 350 348 2223 
1335 1643 1641 2611 
1336 2720 1666 2733 
1337 603 634 2597 
1338 2024 1271 2048 
1339 1839 1596 2085 
1340 1645 2173 2438 
1341 991 1361 2149 
1342 1358 615 2208 
1343 634 650 651 
1344 1233 1326 2045 
1345 651 650 1003 
1346 806 1170 2080 
1347 1566 1316 2075 
1348 191 227 2082 
1349 613 615 1358 
1350 2263 1453 2529 
1351 245 51 1970 
1352 842 839 2273 
1353 2253 460 2568 
1354 40 220 2118 
1355 1539 1542 2063 
1356 1986 137 1989 
1357 1548 1549 1598 
1358 624 623 625 
1359 672 1001 2523 
1360 275 104 2030 
1361 145 146 234 
1362 931 929 2255 
1363 1967 1364 1968 
1364 530 533 2184 
1365 2065 808 2198 
1366 809 2241 2409 
1367 1985 1987 1988 
1368 615 616 617 
1369 1752 1755 2103 
1370 2109 2112 2122 
1371 1314 1313 1570 
1372 259 2106 2107 
1373 1782 2622 2628 
1374 2491 1472 2547 
1375 1994 983 2321 
1376 247 1922 2030 
1377 2125 559 2131 
1378 1929 909 2428 
1379 900 2406 2580 
1380 1684 2676 2697 
1381 1529 1531 1938 
1382 245 2098 2099 
1383 1362 1944 2095 
1384 1752 1751 1755 
1385 210 2050 2057 
1386 2110 2120 2121 
1387 538 541 2271 
1388 622 623 624 
1389 1052 1119 1120 
1390 626 625 635 
1391 1553 1295 2087 
1392 196 1959 1961 
1393 929 1420 2255 
1394 1870 2638 2743 
1395 2172 2202 2203 
1396 2165 2289 2462 
1397 2204 2206 2207 
1398 1449 2477 2545 
1399 135 253 1983 
1400 1625 1577 1626 
1401 1770 1332 2090 
1402 470 471 2206 
1403 276 2160 2163 
1404 1715 2370 2673 
1405 1013 971 2104 
1406 950 2328 2329 
1407 2022 1271 2024 
1408 1991 1805 1992 
1409 2668 507 2727 
1410 219 188 2088 
1411 665 1249 2095 
1412 995 516 2421 
1413 1120 1119 2025 
1414 1597 1842 2451 
1415 236 97 2077 
1416 636 635 644 
1417 755 804 2215 
1418 1533 1535 2042 
1419 1943 2469 2617 
1420 1577 1570 1732 
1421 879 882 2269 
1422 2173 1645 2197 
1423 2025 1119 2026 
1424 1211 1213 1214 
1425 37 258 2094 
1426 617 618 620 
1427 276 2159 2160 
1428 799 798 800 
1429 737 742 2344 
1430 96 97 236 
1431 2105 655 2266 
1432 1214 1213 1215 
1433 1984 253 1985 
1434 336 334 2337 
1435 361 359 2710 
1436 2274 741 2527 
1437 202 177 1852 
1438 1898 2548 2575 
1439 1411 858 2212 
1440 1542 1541 1543 
1441 259 43 2106 
1442 2108 2109 2122 
1443 2497 746 2523 
1444 471 474 2206 
1445 655 2079 2168 
1446 38 39 2119 
1447 2122 2112 2123 
1448 197 246 1959 
1449 198 199 1950 
1450 558 559 2125 
1451 1582 1751 1752 
1452 1898 1896 2490 
1453 845 843 2149 
1454 855 992 2096 
1455 2172 2201 2202 
1456 348 1145 2223 
1457 1194 1193 1552 
1458 1216 1215 1224 
1459 548 552 2064 
1460 797 796 798 
1461 1143 2565 2666 
1462 909 907 2428 
1463 803 1040 1041 
1464 1712 2808 2831 
1465 773 777 803 
1466 220 41 2115 
1467 794 795 796 
1468 133 134 209 
1469 1007 800 1008 
1470 1535 1537 1636 
1471 916 877 2269 
1472 1052 1008 1119 
1473 197 198 246 
1474 1632 2151 2173 
1475 570 581 662 
1476 110 270 2089 
1477 2173 910 2438 
1478 1974 1973 1975 
1479 613 614 615 
1480 796 795 977 
1481 2115 2108 2116 
1482 2214 2215 2301 
1483 533 983 2184 
1484 624 625 626 
1485 2336 336 2337 
1486 2477 1009 2545 
1487 2241 1408 2409 
1488 144 145 2061 
1489 2134 1101 2297 
1490 803 777 1040 
1491 908 904 2442 
1492 604 373 2155 
1493 1178 1513 2084 
1494 422 424 2059 
1495 1214 1215 1216 
1496 2023 2696 2705 
1497 51 52 1970 
1498 593 613 2047 
1499 93 226 2046 
1500 184 254 2043 
1501 1225 1224 1321 
1502 2049 1360 2210 
1503 800 798 1191 
1504 2029 1831 2136 
1505 1943 1937 2200 
1506 2164 1079 2166 
1507 1882 1883 1885 
1508 142 143 225 
1509 2133 2132 2515 
1510 1519 2217 2315 
1511 354 350 2223 
1512 753 755 2215 
1513 135 136 253 
1514 1399 2259 2448 
1515 832 1175 2078 
1516 2229 2228 2270 
1517 527 528 2144 
1518 938 2164 2165 
1519 626 635 636 
1520 246 1954 1955 
1521 655 609 2266 
1522 1621 1225 2018 
1523 159 272 2142 
1524 794 793 795 
1525 1875 1626 1904 
1526 662 581 663 
1527 2170 465 2201 
1528 1578 1757 2101 
1529 635 625 646 
1530 2051 256 2052 
1531 897 901 2137 
1532 276 153 2159 
1533 50 245 2099 
1534 1539 1541 1542 
1535 182 183 211 
1536 210 85 2050 
1537 1314 1577 1625 
1538 1362 1352 1363 
1539 399 402 2198 
1540 245 1970 2097 
1541 1209 1211 2017 
1542 1249 1352 1362 
1543 2289 1421 2462 
1544 1537 1539 2063 
1545 1041 1040 1107 
1546 194 195 238 
1547 259 2108 2115 
1548 1211 1212 1213 
1549 662 663 664 
1550 388 1143 2154 
1551 1673 2348 2573 
1552 366 363 367 
1553 1020 937 2248 
1554 93 94 226 
1555 636 644 645 
1556 1362 1363 1364 
1557 950 2327 2328 
1558 140 141 257 
1559 1645 1159 2197 
1560 334 567 2337 
1561 2217 817 2315 
1562 2033 2032 2034 
1563 247 1921 1922 
1564 1395 1196 2221 
1565 680 677 2139 
1566 218 90 2058 
1567 2647 1936 2650 
1568 49 2099 2100 
1569 1788 1787 1789 
1570 1393 1121 2133 
1571 1202 1162 2322 
1572 938 939 2164 
1573 2116 2108 2122 
1574 2247 1113 2364 
1575 2172 2170 2201 
1576 1178 1116 1255 
1577 1188 619 2169 
1578 1583 1399 2295 
1579 105 247 2030 
1580 548 551 552 
1581 1216 1224 1225 
1582 2066 1455 2633 
1583 1898 2490 2548 
1584 1019 937 1020 
1585 50 51 245 
1586 1363 1365 1561 
1587 1041 1107 1108 
1588 1786 1754 1787 
1589 1286 1120 2025 
1590 664 663 665 
1591 619 592 2169 
1592 2492 803 2503 
1593 742 2178 2344 
1594 551 570 2027 
1595 836 632 2048 
1596 131 132 1908 
1597 1754 1752 2103 
1598 809 2239 2241 
1599 1027 1100 2181 
1600 838 836 1271 
1601 2108 2107 2109 
1602 576 558 2125 
1603 2302 2303 2305 
1604 962 960 2124 
1605 603 633 634 
1606 1787 1754 2103 
1607 657 645 658 
1608 2235 1114 2237 
1609 1050 1049 1127 
1610 405 408 2157 
1611 895 897 2137 
1612 2266 609 2299 
1613 1178 1255 1513 
1614 934 931 2255 
1615 48 49 2100 
1616 338 336 2336 
1617 528 530 2184 
1618 1596 1565 2085 
1619 792 793 794 
1620 256 87 2053 
1621 1128 1127 1204 
1622 799 800 1007 
1623 2109 2110 2111 
1624 792 790 793 
1625 2144 2184 2256 
1626 402 1631 2198 
1627 424 434 2059 
1628 1240 1988 2854 
1629 847 845 848 
1630 1714 1393 1715 
1631 2106 228 2120 
1632 634 649 650 
1633 2387 2139 2481 
1634 939 942 2164 
1635 993 1684 2443 
1636 1258 1020 2248 
1637 184 185 254 
1638 138 139 217 
1639 359 356 627 
1640 2023 547 2696 
1641 1892 1893 2597 
1642 1605 1422 2176 
1643 424 427 434 
1644 592 579 2169 
1645 92 93 2046 
1646 1255 1359 1666 
1647 84 85 210 
1648 260 190 2082 
1649 543 548 2064 
1650 1410 2247 2364 
1651 91 92 255 
1652 2003 2005 2145 
1653 134 135 1983 
1654 1295 1294 2087 
1655 832 830 1175 
1656 659 658 1049 
1657 1565 1725 1746 
1658 511 508 2356 
1659 1049 658 1094 
1660 1625 1626 1875 
1661 1254 1312 1350 
1662 809 2238 2239 
1663 991 1116 1178 
1664 2049 2210 2626 
1665 1305 1223 1578 
1666 175 176 1823 
1667 2112 2111 2113 
1668 1124 1013 1223 
1669 1717 1578 2101 
1670 2031 2033 2140 
1671 509 510 2186 
1672 1209 1210 1211 
1673 1445 1047 2530 
1674 2491 2158 2614 
1675 991 842 1116 
1676 536 538 2271 
1677 664 665 666 
1678 1804 1803 1806 
1679 1978 1381 2156 
1680 425 423 2498 
1681 797 798 799 
1682 2149 1361 2150 
1683 47 48 240 
1684 1018 937 1019 
1685 742 747 2178 
1686 1316 1579 2075 
1687 1204 1127 1302 
1688 2181 1100 2182 
1689 356 354 2070 
1690 86 87 256 
1691 1108 1107 2175 
1692 509 2186 2187 
1693 370 367 371 
1694 1425 768 2560 
1695 259 2107 2108 
1696 1579 1756 1762 
1697 1205 1204 1206 
1698 986 1284 2143 
1699 2180 1025 2181 
1700 2157 408 2158 
1701 1578 1635 1757 
1702 750 746 1088 
1703 90 91 2058 
1704 601 806 2080 
1705 1361 1178 2084 
1706 189 260 2088 
1707 1684 832 2078 
1708 1802 1605 1803 
1709 2261 1867 2730 
1710 382 383 384 
1711 2144 528 2184 
1712 1093 1054 1230 
1713 1807 1804 2138 
1714 212 36 2094 
1715 666 665 2095 
1716 376 377 382 
1717 447 449 2591 
1718 830 808 2065 
1719 1350 1312 1573 
1720 2158 408 2222 
1721 2158 2222 2288 
1722 672 670 1001 
1723 104 105 2030 
1724 668 666 1002 
1725 936 934 937 
1726 280 281 282 
1727 1249 1351 1352 
1728 653 619 1188 
1729 958 959 960 
1730 370 371 376 
1731 1225 1321 2018 
1732 1746 1725 1758 
1733 1111 1226 1313 
1734 813 1440 2334 
1735 652 1090 2341 
1736 89 90 218 
1737 735 737 2344 
1738 904 902 2442 
1739 786 785 2141 
1740 376 371 377 
1741 558 440 559 
1742 794 796 797 
1743 1893 2562 2597 
1744 1025 1027 2181 
1745 2206 474 2207 
1746 191 192 227 
1747 382 377 383 
1748 1495 1554 1713 
1749 1101 1035 2297 
1750 1089 1088 1294 
1751 1350 1573 1590 
1752 1007 1008 1052 
1753 2109 2107 2110 
1754 293 295 2352 
1755 1869 1870 1871 
1756 373 379 2155 
1757 2113 2111 2114 
1758 956 957 958 
1759 1207 1206 1565 
1760 1529 1530 1531 
1761 2235 1784 2350 
1762 2237 1114 2281 
1763 420 422 751 
1764 1254 1108 1312 
1765 44 228 2106 
1766 2332 1665 2493 
1767 1786 1787 1788 
1768 1101 2232 2270 
1769 2007 2011 2012 
1770 887 889 2179 
1771 1332 1298 2090 
1772 381 388 2154 
1773 2407 1993 2421 
1774 278 280 2586 
1775 851 852 853 
1776 788 786 789 
1777 366 367 370 
1778 785 782 2261 
1779 1775 2387 2481 
1780 2160 2162 2163 
1781 676 674 746 
1782 1019 1020 1021 
1783 1253 1108 1254 
1784 653 1188 2309 
1785 2263 2262 2292 
1786 570 662 2027 
1787 997 996 2302 
1788 1565 1206 1725 
1789 2249 2248 2255 
1790 988 999 2147 
1791 788 789 790 
1792 858 857 859 
1793 1023 1025 2180 
1794 1294 1296 1495 
1795 2165 2166 2167 
1796 189 190 260 
1797 285 980 2307 
1798 402 403 810 
1799 1934 2492 2503 
1800 344 342 1147 
1801 1578 1223 1635 
1802 85 86 2050 
1803 750 1088 1089 
1804 1788 1789 1790 
1805 183 184 2043 
1806 2109 2111 2112 
1807 396 397 808 
1808 2185 868 2259 
1809 657 658 659 
1810 280 282 2307 
1811 851 849 852 
1812 2612 1261 2645 
1813 1224 1215 1300 
1814 35 36 212 
1815 351 1519 2315 
1816 676 746 750 
1817 747 1134 2178 
1818 1804 1806 2138 
1819 942 1079 2164 
1820 966 962 1054 
1821 997 2302 2305 
1822 1397 2185 2259 
1823 1695 1404 2257 
1824 1527 1528 1529 
1825 2228 1031 2270 
1826 369 604 2146 
1827 1298 1295 1553 
1828 794 797 2132 
1829 758 772 2219 
1830 665 1248 1249 
1831 1294 1495 2087 
1832 1806 1803 1947 
1833 384 385 396 
1834 782 781 2261 
1835 1802 1803 1804 
1836 103 104 275 
1837 1271 836 2048 
1838 937 934 2248 
1839 557 2213 2214 
1840 903 905 906 
1841 2151 1643 2152 
1842 1979 2606 2624 
1843 42 259 2115 
1844 2232 2229 2270 
1845 1002 666 2095 
1846 789 786 2141 
1847 1561 1365 1562 
1848 1221 1120 1233 
1849 585 588 2287 
1850 960 959 964 
1851 615 617 2208 
1852 773 774 777 
1853 573 2562 2593 
1854 306 304 2374 
1855 1721 1202 2322 
1856 1090 1291 2341 
1857 521 2407 2421 
1858 1011 1110 1111 
1859 2070 354 2223 
1860 1093 1230 1232 
1861 1114 2235 2350 
1862 1666 1359 1667 
1863 1417 1502 2395 
1864 1531 1532 1533 
1865 44 45 228 
1866 1305 1578 1717 
1867 857 855 2096 
1868 1128 1204 1205 
1869 2174 1621 2734 
1870 942 944 1079 
1871 1866 1868 1869 
1872 297 299 2327 
1873 435 429 1075 
1874 1829 2029 2217 
1875 510 513 2186 
1876 2183 1100 2228 
1877 1683 940 2489 
1878 954 955 956 
1879 1089 1294 1295 
1880 557 438 2213 
1881 1631 810 2547 
1882 843 842 991 
1883 253 136 1986 
1884 1771 1770 1772 
1885 187 188 219 
1886 282 284 285 
1887 538 540 541 
1888 1255 1116 1359 
1889 1433 1435 2369 
1890 609 610 2299 
1891 853 854 855 
1892 518 520 521 
1893 615 614 616 
1894 535 534 536 
1895 2279 1396 2384 
1896 2219 2279 2384 
1897 858 859 2212 
1898 1891 1345 1936 
1899 384 383 385 
1900 966 1054 1093 
1901 196 197 1959 
1902 282 283 284 
1903 1041 1108 1253 
1904 593 612 613 
1905 613 1358 2047 
1906 1475 278 2586 
1907 2325 293 2352 
1908 2202 470 2206 
1909 126 127 277 
1910 347 349 2238 
1911 958 957 959 
1912 588 597 2168 
1913 1124 1223 1305 
1914 508 507 2356 
1915 570 571 581 
1916 1293 1172 1677 
1917 872 2343 2366 
1918 1633 1643 2151 
1919 659 1049 1050 
1920 2295 1399 2448 
1921 1050 1127 1128 
1922 738 736 2267 
1923 597 655 2168 
1924 535 536 984 
1925 77 78 1877 
1926 1298 1553 2090 
1927 1769 1332 1770 
1928 810 403 2157 
1929 809 347 2238 
1930 950 297 2327 
1931 588 2168 2287 
1932 37 38 258 
1933 403 405 2157 
1934 1205 1206 1207 
1935 1974 1975 1977 
1936 402 401 403 
1937 986 988 1284 
1938 831 830 832 
1939 766 773 2492 
1940 795 1078 2086 
1941 1230 1366 1367 
1942 180 181 1911 
1943 1155 368 2383 
1944 667 666 668 
1945 2041 2497 2523 
1946 2183 2228 2229 
1947 509 2187 2224 
1948 522 524 525 
1949 850 849 851 
1950 1502 1611 2417 
1951 1672 1778 2582 
1952 2203 2202 2204 
1953 379 381 2154 
1954 865 868 2185 
1955 1399 1397 2259 
1956 491 505 2242 
1957 1344 1225 1621 
1958 1883 203 1884 
1959 1021 1022 1023 
1960 889 892 2179 
1961 1565 1746 2085 
1962 43 44 2106 
1963 530 532 533 
1964 1838 1596 1839 
1965 1579 1762 2075 
1966 42 43 259 
1967 533 532 534 
1968 527 526 528 
1969 1294 1088 1296 
1970 525 524 526 
1971 1721 2322 2323 
1972 1747 1715 2731 
1973 379 2154 2155 
1974 1113 2247 2281 
1975 1685 1173 2505 
1976 1396 1936 2647 
1977 282 285 2307 
1978 1099 1023 2180 
1979 956 955 957 
1980 853 852 854 
1981 784 785 786 
1982 1253 1254 1345 
1983 648 632 836 
1984 2168 2079 2316 
1985 669 668 670 
1986 2215 804 2301 
1987 2262 920 2291 
1988 381 387 388 
1989 1227 1316 1566 
1990 487 489 2226 
1991 2182 1100 2183 
1992 1293 1677 1694 
1993 521 520 522 
1994 533 534 535 
1995 784 782 785 
1996 1533 1534 1535 
1997 1003 1004 1091 
1998 1411 2212 2391 
1999 190 191 2082 
2000 525 526 527 
2001 856 857 858 
2002 859 861 862 
2003 1521 1829 2217 
2004 1831 1833 2136 
2005 105 106 247 
2006 2165 2164 2166 
2007 795 793 1078 
2008 2160 1925 2161 
2009 837 836 838 
2010 971 967 2355 
2011 1095 1320 2391 
2012 399 401 402 
2013 847 848 849 
2014 1047 851 2422 
2015 862 861 863 
2016 1098 1208 1209 
2017 2017 1214 2524 
2018 1930 1622 2174 
2019 2072 2071 2073 
2020 397 399 2198 
2021 736 1072 2267 
2022 859 860 861 
2023 848 845 2149 
2024 506 497 2312 
2025 872 873 2343 
2026 780 776 781 
2027 2289 2290 2528 
2028 388 389 390 
2029 1363 1352 1365 
2030 49 50 2099 
2031 2289 2167 2290 
2032 1223 1013 2104 
2033 627 2070 2071 
2034 40 41 220 
2035 543 544 548 
2036 2007 2008 2011 
2037 1084 982 2540 
2038 1021 1020 1022 
2039 1407 1220 2335 
2040 1207 1565 1596 
2041 438 437 2213 
2042 2000 1999 2001 
2043 938 2165 2462 
2044 1583 2295 2372 
2045 1082 527 2144 
2046 1023 1024 1025 
2047 2005 2006 2007 
2048 396 385 397 
2049 1211 1214 2017 
2050 369 373 604 
2051 1869 1868 1870 
2052 1961 1960 1962 
2053 465 467 2201 
2054 1198 1397 1398 
2055 1121 802 2133 
2056 41 42 2115 
2057 1301 1121 1393 
2058 977 795 2086 
2059 497 495 2312 
2060 548 549 551 
2061 892 912 1157 
2062 862 863 1012 
2063 2010 2003 2145 
2064 627 356 2070 
2065 856 855 857 
2066 515 516 995 
2067 1862 1864 1865 
2068 489 491 2242 
2069 1025 1026 1027 
2070 278 201 279 
2071 551 553 570 
2072 1692 1995 1996 
2073 1157 1158 1159 
2074 808 397 2198 
2075 855 854 992 
2076 153 154 2159 
2077 2226 489 2242 
2078 441 438 442 
2079 388 390 1143 
2080 463 465 2170 
2081 1284 988 2147 
2082 377 371 584 
2083 925 997 2347 
2084 342 338 2336 
2085 656 645 657 
2086 1100 1029 2228 
2087 2287 2168 2316 
2088 1021 1023 1099 
2089 513 515 1083 
2090 2016 673 2603 
2091 993 832 1684 
2092 1495 1296 1554 
2093 479 481 482 
2094 582 599 601 
2095 859 857 860 
2096 1291 1526 1527 
2097 985 527 1082 
2098 397 398 399 
2099 1283 1368 1503 
2100 1928 1622 1930 
2101 467 469 470 
2102 582 601 2068 
2103 804 757 818 
2104 980 986 2143 
2105 1997 1999 2000 
2106 375 1059 1473 
2107 390 393 394 
2108 576 2125 2126 
2109 2213 753 2215 
2110 36 37 2094 
2111 1060 2332 2493 
2112 360 359 361 
2113 671 670 672 
2114 1283 1082 1368 
2115 1829 1830 1831 
2116 657 659 2424 
2117 991 1178 1361 
2118 443 442 444 
2119 475 477 478 
2120 1691 1504 1692 
2121 482 483 484 
2122 1157 1159 1645 
2123 1322 1734 2308 
2124 1573 1312 1591 
2125 540 542 543 
2126 441 442 443 
2127 471 473 474 
2128 1175 2065 2066 
2129 1370 1308 1572 
2130 961 960 962 
2131 188 189 2088 
2132 2230 2229 2231 
2133 846 845 847 
2134 2242 505 2243 
2135 1027 1028 1029 
2136 1187 1082 1283 
2137 1429 1432 2453 
2138 675 674 676 
2139 1503 1368 1504 
2140 2183 2229 2230 
2141 390 389 393 
2142 673 672 674 
2143 344 1147 1341 
2144 1503 1504 1691 
2145 1162 1227 2322 
2146 1213 1212 1217 
2147 804 818 819 
2148 2548 2320 2575 
2149 770 768 1425 
2150 1378 1978 2274 
2151 2165 2167 2289 
2152 405 407 408 
2153 1306 1196 1395 
2154 365 369 2146 
2155 755 757 804 
2156 869 872 2258 
2157 437 753 2213 
2158 1268 1077 1394 
2159 423 1423 2498 
2160 1230 1054 1366 
2161 177 178 1852 
2162 28 29 1882 
2163 388 387 389 
2164 1341 1147 1343 
2165 829 808 830 
2166 1161 1202 1203 
2167 841 839 842 
2168 2562 1893 2593 
2169 1023 1022 1024 
2170 1370 1572 1589 
2171 1829 1831 2029 
2172 819 818 820 
2173 403 404 405 
2174 1438 1433 2369 
2175 484 486 487 
2176 594 585 2287 
2177 1159 1160 1161 
2178 821 820 1042 
2179 1519 1521 2217 
2180 2700 367 2702 
2181 791 790 792 
2182 1029 1030 1031 
2183 819 820 821 
2184 2003 2004 2005 
2185 630 628 1360 
2186 304 1400 2374 
2187 1266 1267 1376 
2188 461 463 545 
2189 2068 601 2080 
2190 513 1083 2186 
2191 357 356 359 
2192 394 393 432 
2193 1805 1804 1807 
2194 394 432 433 
2195 1291 1527 2341 
2196 1027 1029 1100 
2197 969 1938 2623 
2198 1159 1158 1160 
2199 433 432 437 
2200 2001 2003 2010 
2201 1261 2262 2263 
2202 1391 1390 1392 
2203 1833 1835 1942 
2204 1161 1162 1202 
2205 1727 1407 2335 
2206 399 400 401 
2207 664 666 667 
2208 996 1180 2302 
2209 1376 1378 2274 
2210 1381 1383 2156 
2211 1404 1187 2257 
2212 442 438 557 
2213 1116 842 2273 
2214 1493 1394 1494 
2215 2152 1643 2153 
2216 1368 2144 2256 
2217 589 574 2286 
2218 1370 2134 2297 
2219 933 931 934 
2220 408 407 409 
2221 1103 1370 2297 
2222 299 375 2327 
2223 1521 1828 1829 
2224 97 98 2077 
2225 1753 1752 1754 
2226 1996 1995 1997 
2227 1025 1024 1026 
2228 2031 2032 2033 
2229 409 411 412 
2230 1203 1202 1322 
2231 433 437 438 
2232 1042 1105 1141 
2233 1258 2248 2249 
2234 1261 922 2262 
2235 1033 1035 1101 
2236 500 503 2264 
2237 755 756 757 
2238 412 414 827 
2239 2201 470 2202 
2240 408 409 2222 
2241 1029 1031 2228 
2242 1203 1322 1323 
2243 2327 1473 2328 
2244 1322 1721 1734 
2245 1831 1832 1833 
2246 1420 927 2436 
2247 954 953 955 
2248 1198 1012 1397 
2249 1161 1160 1162 
2250 2179 1645 2438 
2251 863 864 865 
2252 1413 1411 2391 
2253 521 522 2272 
2254 1105 1106 1310 
2255 402 810 1631 
2256 443 444 445 
2257 1310 1311 1730 
2258 1438 2369 2487 
2259 1997 1998 1999 
2260 349 374 2238 
2261 569 580 1168 
2262 1103 1308 1370 
2263 1095 1012 1198 
2264 2219 772 2279 
2265 1103 1104 1308 
2266 753 754 755 
2267 869 870 871 
2268 1157 912 1158 
2269 952 953 954 
2270 865 866 867 
2271 865 867 868 
2272 2363 1387 2627 
2273 1145 346 2340 
2274 587 602 603 
2275 433 438 441 
2276 498 500 2264 
2277 595 594 607 
2278 220 2117 2118 
2279 399 398 400 
2280 474 473 475 
2281 980 2143 2307 
2282 362 361 363 
2283 1398 1399 1583 
2284 516 518 2421 
2285 1579 1615 1756 
2286 1622 1621 2174 
2287 862 1012 1095 
2288 1159 1161 2197 
2289 445 444 446 
2290 2207 474 2342 
2291 1234 1593 2663 
2292 482 481 483 
2293 1246 1607 2246 
2294 1611 1919 2091 
2295 1692 1994 1995 
2296 1742 1727 1760 
2297 1175 830 2065 
2298 1310 1730 1731 
2299 467 470 2201 
2300 487 486 488 
2301 1114 1113 2281 
2302 680 2139 2387 
2303 484 483 486 
2304 1776 1754 1786 
2305 667 668 669 
2306 985 1082 1187 
2307 1073 743 1390 
2308 854 852 1081 
2309 1037 1039 1103 
2310 758 760 772 
2311 1769 1770 1771 
2312 868 869 2258 
2313 1398 1397 1399 
2314 1801 1605 1802 
2315 487 488 489 
2316 403 401 404 
2317 1376 1377 1378 
2318 1616 1847 1849 
2319 984 536 2271 
2320 1042 1043 1105 
2321 1297 1295 1298 
2322 478 477 479 
2323 1258 2249 2250 
2324 2189 2191 2192 
2325 792 794 2132 
2326 922 920 2262 
2327 1829 1828 1830 
2328 2212 1095 2391 
2329 1268 1394 1493 
2330 920 749 2291 
2331 1633 1634 1641 
2332 963 962 966 
2333 1784 1357 2350 
2334 1027 1026 1028 
2335 1280 1151 1281 
2336 1341 1343 1614 
2337 869 871 872 
2338 374 1389 2238 
2339 1134 1252 1266 
2340 865 864 866 
2341 1985 1986 1987 
2342 470 469 471 
2343 2188 1309 2189 
2344 1492 1404 1695 
2345 245 2097 2098 
2346 540 543 2457 
2347 574 565 2286 
2348 607 594 1148 
2349 355 354 356 
2350 1077 511 2356 
2351 810 2157 2491 
2352 1149 1280 2268 
2353 300 298 2381 
2354 1378 1377 1379 
2355 766 771 773 
2356 958 960 961 
2357 1219 1173 1685 
2358 973 2300 2381 
2359 1031 1032 1033 
2360 2238 1389 2239 
2361 426 418 561 
2362 1021 1099 2221 
2363 1343 1147 1637 
2364 607 1148 1149 
2365 1642 1735 1736 
2366 1402 858 1411 
2367 496 822 2368 
2368 2395 1502 2417 
2369 538 539 540 
2370 2222 827 2288 
2371 1331 1298 1332 
2372 1381 1382 1383 
2373 2262 2291 2292 
2374 1149 1150 1151 
2375 1211 1210 1212 
2376 748 641 1074 
2377 868 867 869 
2378 1144 821 1624 
2379 1628 1345 1891 
2380 1266 1376 1638 
2381 503 2224 2225 
2382 679 677 680 
2383 412 827 2222 
2384 659 1051 2424 
2385 429 425 2498 
2386 1303 1716 1740 
2387 345 809 2409 
2388 489 490 491 
2389 743 738 2267 
2390 1029 1028 1030 
2391 1865 1864 1866 
2392 489 488 490 
2393 530 531 532 
2394 850 851 1047 
2395 677 676 2139 
2396 1154 1646 2357 
2397 1604 1422 1605 
2398 1149 1148 1150 
2399 1376 1267 1377 
2400 610 639 2299 
2401 1642 1736 1963 
2402 2243 505 2244 
2403 562 561 563 
2404 525 527 985 
2405 863 861 864 
2406 546 487 2226 
2407 1203 1632 2197 
2408 1378 1379 1381 
2409 1308 1309 2188 
2410 1391 1392 1606 
2411 1506 2275 2276 
2412 503 2225 2264 
2413 748 1074 1265 
2414 872 871 873 
2415 536 537 538 
2416 2339 1330 2439 
2417 802 792 2132 
2418 1267 1252 2306 
2419 1833 1942 2136 
2420 1878 204 1879 
2421 622 624 1069 
2422 2052 2053 2054 
2423 1073 1390 1391 
2424 723 721 1062 
2425 1280 1281 1499 
2426 1383 1385 1941 
2427 988 989 999 
2428 2001 2002 2003 
2429 564 565 566 
2430 665 663 1248 
2431 1435 1616 2369 
2432 1942 1835 2074 
2433 2452 2137 2671 
2434 445 446 447 
2435 343 342 344 
2436 404 401 2382 
2437 1283 1503 1708 
2438 1641 1634 1642 
2439 364 363 366 
2440 1383 1384 1385 
2441 309 306 2374 
2442 1362 1364 1944 
2443 409 412 2222 
2444 148 149 249 
2445 1572 1308 2188 
2446 506 2312 2313 
2447 1378 1381 1978 
2448 986 987 988 
2449 1266 1252 1267 
2450 841 842 843 
2451 778 1010 1011 
2452 952 954 1152 
2453 311 309 811 
2454 447 446 448 
2455 522 523 524 
2456 1031 1030 1032 
2457 1371 1340 1372 
2458 1642 1634 1735 
2459 1310 1106 1311 
2460 474 475 2342 
2461 1280 1500 2268 
2462 1833 1834 1835 
2463 154 155 248 
2464 349 352 374 
2465 2343 1406 2366 
2466 1831 1830 1832 
2467 374 1246 1389 
2468 1035 1037 2297 
2469 1390 743 2267 
2470 475 478 2342 
2471 1398 1583 1584 
2472 372 1155 2423 
2473 405 406 407 
2474 513 514 515 
2475 757 758 2219 
2476 1633 1323 1634 
2477 515 514 516 
2478 1323 1322 2308 
2479 1493 1494 1619 
2480 545 2170 2171 
2481 947 949 998 
2482 1151 1150 1336 
2483 295 950 2352 
2484 518 519 520 
2485 345 347 809 
2486 1220 1303 2335 
2487 757 756 758 
2488 1368 1082 2144 
2489 566 574 585 
2490 617 616 618 
2491 970 967 971 
2492 1336 1608 1810 
2493 1054 962 2124 
2494 913 1016 2428 
2495 588 589 597 
2496 755 754 756 
2497 2250 2251 2252 
2498 437 439 753 
2499 528 529 530 
2500 1103 1039 1104 
2501 1640 1727 1742 
2502 1157 1645 2179 
2503 1322 1202 1721 
2504 1381 1379 1382 
2505 491 490 492 
2506 1373 1372 1374 
2507 1045 1122 1220 
2508 1045 916 1122 
2509 533 535 983 
2510 2357 1646 2386 
2511 491 492 493 
2512 2264 2225 2265 
2513 2236 2235 2237 
2514 565 1153 2286 
2515 2258 872 2366 
2516 873 875 876 
2517 1105 1043 1106 
2518 1134 1266 2178 
2519 491 493 505 
2520 728 725 1070 
2521 405 404 406 
2522 1514 1492 1710 
2523 1611 1918 1919 
2524 562 563 564 
2525 686 684 688 
2526 1638 1376 2274 
2527 564 563 565 
2528 1220 1122 1303 
2529 1768 1332 1769 
2530 1308 1104 1309 
2531 1375 1374 1818 
2532 1997 1995 1998 
2533 1554 1555 1556 
2534 2214 2213 2215 
2535 805 1135 1340 
2536 1373 1374 1375 
2537 1999 1998 2379 
2538 1080 922 1261 
2539 1065 1244 1245 
2540 869 867 870 
2541 876 916 1045 
2542 1149 1151 1280 
2543 397 385 398 
2544 484 487 546 
2545 597 609 655 
2546 1161 1203 2197 
2547 844 843 845 
2548 985 1403 2272 
2549 493 495 496 
2550 2231 2229 2232 
2551 819 821 1144 
2552 1235 1594 1672 
2553 1180 1289 2302 
2554 780 781 782 
2555 712 710 713 
2556 1338 1822 2306 
2557 2007 2006 2008 
2558 337 351 2315 
2559 639 654 805 
2560 545 463 2170 
2561 467 468 469 
2562 1031 1033 2270 
2563 23 24 207 
2564 1241 1112 1422 
2565 1042 820 1043 
2566 375 833 1059 
2567 1799 1784 2235 
2568 1115 404 2382 
2569 546 2226 2227 
2570 595 607 1259 
2571 556 450 2277 
2572 1316 1317 1579 
2573 2001 1999 2002 
2574 2259 2258 2448 
2575 351 1518 1519 
2576 1095 1198 1320 
2577 1168 2494 2772 
2578 1371 1372 1373 
2579 493 492 495 
2580 716 714 717 
2581 1172 908 2442 
2582 1292 1172 1293 
2583 1640 1407 1727 
2584 452 450 556 
2585 853 855 856 
2586 720 718 721 
2587 805 1340 1371 
2588 1471 1445 2587 
2589 1810 1608 1855 
2590 308 306 309 
2591 451 453 2282 
2592 818 757 2219 
2593 1971 1973 1974 
2594 493 496 2368 
2595 409 410 411 
2596 806 1118 1170 
2597 769 775 2483 
2598 375 1473 2327 
2599 1033 1034 1035 
2600 732 730 1071 
2601 876 875 877 
2602 1216 1225 1344 
2603 479 482 2800 
2604 1098 1209 2429 
2605 2300 1401 2381 
2606 566 565 574 
2607 876 877 916 
2608 1644 2339 2439 
2609 458 555 2568 
2610 1252 1338 2306 
2611 1730 1311 1913 
2612 944 945 946 
2613 1556 1557 1558 
2614 504 509 2224 
2615 1502 1610 1611 
2616 310 309 311 
2617 1632 1323 1633 
2618 1148 2287 2316 
2619 1818 1374 1819 
2620 465 466 467 
2621 1375 1818 2062 
2622 1521 1785 1828 
2623 980 981 986 
2624 1085 1077 1268 
2625 455 457 575 
2626 1203 1323 1632 
2627 2322 1566 2323 
2628 446 444 812 
2629 1184 1327 1349 
2630 1783 1357 1784 
2631 918 1417 2388 
2632 1134 1251 1252 
2633 1373 2105 2266 
2634 1833 1832 1834 
2635 1037 1103 2297 
2636 2003 2002 2004 
2637 365 2146 2544 
2638 23 207 2296 
2639 1694 2804 2808 
2640 516 517 518 
2641 2239 1389 2240 
2642 302 300 303 
2643 868 2258 2259 
2644 463 464 465 
2645 1672 1594 1778 
2646 1504 1368 2256 
2647 1593 1777 1881 
2648 1633 1641 1643 
2649 749 748 2291 
2650 787 786 788 
2651 1858 1860 1861 
2652 1340 1135 1609 
2653 1187 1283 2257 
2654 1383 1941 2156 
2655 1519 1520 1521 
2656 1791 1598 1820 
2657 588 574 589 
2658 1033 1101 2270 
2659 1059 1130 1234 
2660 1107 1040 1890 
2661 673 674 675 
2662 322 321 323 
2663 669 670 671 
2664 822 2264 2265 
2665 1417 1501 1502 
2666 1651 1649 1793 
2667 2005 2004 2006 
2668 447 448 449 
2669 525 985 2272 
2670 1338 1821 1822 
2671 2068 2080 2081 
2672 443 445 591 
2673 1303 1304 1716 
2674 753 439 754 
2675 805 654 1135 
2676 898 896 911 
2677 607 1149 2268 
2678 1385 1386 1387 
2679 1632 1633 2151 
2680 1400 1809 2437 
2681 496 495 497 
2682 1663 1282 1664 
2683 71 72 2360 
2684 450 448 2277 
2685 1506 1259 2275 
2686 2022 2024 2674 
2687 642 641 748 
2688 1180 1274 1289 
2689 1692 1504 1994 
2690 2528 2290 2572 
2691 827 951 952 
2692 2282 453 2310 
2693 1035 1036 1037 
2694 498 499 500 
2695 1406 1220 1407 
2696 1799 2235 2236 
2697 1383 1382 1384 
2698 409 407 410 
2699 942 943 944 
2700 1371 1373 2266 
2701 565 563 1153 
2702 1057 1183 1184 
2703 490 488 494 
2704 873 874 875 
2705 586 594 595 
2706 1148 594 2287 
2707 873 871 874 
2708 744 743 1073 
2709 1387 1388 2293 
2710 1798 1784 1799 
2711 337 340 351 
2712 585 574 588 
2713 451 450 452 
2714 835 511 1077 
2715 1597 1596 1838 
2716 2171 2170 2172 
2717 1516 1287 1797 
2718 449 448 450 
2719 929 927 1420 
2720 2374 1400 2437 
2721 449 450 451 
2722 496 497 498 
2723 878 875 2361 
2724 1894 1348 1895 
2725 2134 1589 2135 
2726 461 462 463 
2727 827 952 2288 
2728 590 451 2282 
2729 1249 1248 1351 
2730 676 750 2139 
2731 708 706 709 
2732 736 734 1072 
2733 1336 1150 1369 
2734 1371 2266 2299 
2735 426 561 562 
2736 1113 824 2364 
2737 59 60 232 
2738 875 874 2361 
2739 1282 993 2443 
2740 318 317 2298 
2741 1168 2047 2494 
2742 152 153 276 
2743 675 676 677 
2744 1033 1032 1034 
2745 1385 1384 1386 
2746 1209 1208 1210 
2747 1959 1960 1961 
2748 613 612 614 
2749 1150 1148 2316 
2750 1946 1848 2546 
2751 722 721 723 
2752 819 1144 2301 
2753 1234 1328 1593 
2754 2250 2249 2251 
2755 2405 1644 2439 
2756 379 380 381 
2757 479 480 481 
2758 1405 1404 1492 
2759 822 498 2264 
2760 1068 824 1113 
2761 918 1064 1417 
2762 1655 1653 1794 
2763 2318 2319 2320 
2764 747 1133 1134 
2765 952 951 953 
2766 1022 1020 1258 
2767 320 318 321 
2768 323 321 1136 
2769 1019 1021 2221 
2770 498 497 499 
2771 503 504 2224 
2772 1061 1236 1415 
2773 1370 1589 2134 
2774 499 497 506 
2775 316 314 317 
2776 879 881 882 
2777 2204 2202 2206 
2778 437 432 439 
2779 455 575 2310 
2780 1373 1375 2105 
2781 1344 1621 1622 
2782 1270 1454 1682 
2783 1429 1431 1432 
2784 1558 1559 1560 
2785 648 836 837 
2786 451 452 453 
2787 1812 2594 2703 
2788 314 312 2358 
2789 475 476 477 
2790 740 738 743 
2791 2302 1289 2303 
2792 1259 607 2268 
2793 859 862 2212 
2794 1256 1076 1414 
2795 716 717 718 
2796 863 865 2185 
2797 712 713 714 
2798 278 279 280 
2799 2401 1614 2402 
2800 471 472 473 
2801 826 2405 2439 
2802 1634 1323 2308 
2803 827 414 951 
2804 1635 1223 2104 
2805 1783 1784 1798 
2806 321 318 2298 
2807 381 386 387 
2808 449 451 590 
2809 500 499 501 
2810 586 585 594 
2811 1162 1163 1227 
2812 871 870 2444 
2813 1397 1012 2185 
2814 1336 1369 1608 
2815 597 598 609 
2816 936 937 1018 
2817 972 971 1013 
2818 1449 1585 1703 
2819 636 645 656 
2820 1089 1295 1297 
2821 312 1063 2358 
2822 495 828 2312 
2823 892 1157 2179 
2824 2284 2283 2285 
2825 597 589 598 
2826 1037 1038 1039 
2827 1227 1228 1316 
2828 1387 1386 1388 
2829 333 335 817 
2830 818 2219 2384 
2831 2011 2008 2013 
2832 496 498 822 
2833 1798 1799 1800 
2834 1256 1414 1479 
2835 1535 1536 1537 
2836 303 300 2381 
2837 377 584 2480 
2838 671 672 673 
2839 847 849 850 
2840 1227 1566 2322 
2841 860 857 2096 
2842 1196 1019 2221 
2843 1045 1220 1406 
2844 400 1176 1443 
2845 495 492 828 
2846 1895 1348 2385 
2847 2318 2320 2349 
2848 1400 303 1401 
2849 704 702 705 
2850 1389 1246 2246 
2851 372 368 1155 
2852 879 880 881 
2853 1379 1377 1380 
2854 1647 1648 1649 
2855 1303 1740 2335 
2856 610 637 638 
2857 901 902 903 
2858 925 996 997 
2859 563 561 2348 
2860 1060 1131 1235 
2861 882 881 883 
2862 1616 1617 1847 
2863 837 838 839 
2864 1479 1480 1612 
2865 2248 934 2255 
2866 640 638 641 
2867 877 878 879 
2868 1403 1187 1404 
2869 1647 1257 1648 
2870 1280 1499 1500 
2871 700 698 701 
2872 877 875 878 
2873 880 878 1076 
2874 353 350 354 
2875 610 598 637 
2876 903 904 905 
2877 1303 1122 1304 
2878 505 493 2368 
2879 639 805 2299 
2880 285 284 286 
2881 879 878 880 
2882 804 819 2301 
2883 1835 1834 1836 
2884 880 1076 1154 
2885 1154 1076 1256 
2886 1076 878 2361 
2887 1068 1113 1114 
2888 285 577 980 
2889 1441 1056 2506 
2890 1018 1019 1196 
2891 1369 1150 2316 
2892 1405 1492 1514 
2893 316 317 318 
2894 374 917 1246 
2895 720 721 722 
2896 1623 1348 1894 
2897 1611 1610 1918 
2898 510 512 513 
2899 1085 1268 1287 
2900 22 23 2296 
2901 375 301 833 
2902 522 525 2272 
2903 1266 1638 2178 
2904 348 346 1145 
2905 590 2282 2283 
2906 1043 820 2384 
2907 1802 1804 1805 
2908 373 378 379 
2909 2291 1265 2292 
2910 610 638 639 
2911 2189 2190 2191 
2912 320 321 322 
2913 952 1152 2288 
2914 961 962 963 
2915 1600 1357 1783 
2916 601 608 806 
2917 1017 940 1683 
2918 1035 1034 1036 
2919 1134 1133 1251 
2920 1252 1251 1338 
2921 740 743 744 
2922 639 640 654 
2923 396 808 829 
2924 72 208 2360 
2925 310 311 312 
2926 2455 383 2480 
2927 1346 1139 1348 
2928 1735 1634 2308 
2929 590 2283 2284 
2930 1026 1024 1142 
2931 322 323 324 
2932 298 973 2381 
2933 424 425 427 
2934 459 460 461 
2935 72 73 208 
2936 1616 1849 2369 
2937 2027 662 2579 
2938 1431 1433 1438 
2939 2344 1638 2527 
2940 1435 1437 1616 
2941 317 314 2358 
2942 2079 1369 2316 
2943 888 886 915 
2944 1022 1258 2351 
2945 1246 1247 1607 
2946 304 303 1400 
2947 1073 1391 1410 
2948 1527 1529 2610 
2949 422 423 424 
2950 748 1265 2291 
2951 1236 1333 2416 
2952 696 694 697 
2953 1406 1407 1639 
2954 333 817 2365 
2955 866 864 1620 
2956 950 2329 2352 
2957 453 455 2310 
2958 2191 2193 2195 
2959 312 311 1063 
2960 1140 1347 1418 
2961 1179 1181 2467 
2962 1562 1563 1564 
2963 21 22 261 
2964 1136 321 2298 
2965 566 585 586 
2966 724 723 725 
2967 1329 1131 1330 
2968 1479 1414 1480 
2969 813 1190 1440 
2970 1608 1369 1980 
2971 959 957 965 
2972 1283 1708 2257 
2973 1803 1605 2176 
2974 1937 1629 1940 
2975 883 881 884 
2976 2160 2161 2162 
2977 341 338 342 
2978 1355 1146 1357 
2979 261 22 2296 
2980 1866 1867 1868 
2981 486 483 816 
2982 1386 1384 1512 
2983 1406 1639 2366 
2984 400 1443 2382 
2985 1603 1779 1889 
2986 1415 1236 1416 
2987 1270 1682 2465 
2988 374 352 917 
2989 640 641 642 
2990 1036 1034 2385 
2991 1612 1480 1613 
2992 335 337 2315 
2993 642 748 749 
2994 921 920 922 
2995 1637 2336 2337 
2996 1154 1256 1257 
2997 308 309 310 
2998 302 303 304 
2999 1429 1430 1431 
3000 292 291 339 
3001 887 2179 2438 
3002 412 413 414 
3003 1646 1257 1647 
3004 1639 1407 1640 
3005 328 330 332 
3006 883 885 910 
3007 170 171 205 
3008 349 350 352 
3009 914 908 1172 
3010 1427 1428 1429 
3011 325 324 326 
3012 2244 505 2368 
3013 963 966 967 
3014 1259 2268 2275 
3015 315 314 316 
3016 401 400 2382 
3017 1067 824 1068 
3018 1235 1329 1594 
3019 1293 1694 1712 
3020 1694 1677 2406 
3021 1012 863 2185 
3022 1028 1026 2318 
3023 436 435 440 
3024 562 564 815 
3025 1654 1657 2338 
3026 715 714 716 
3027 1639 1640 2295 
3028 933 934 936 
3029 1502 1501 1610 
3030 1894 1895 1896 
3031 805 1371 2299 
3032 1861 1860 1862 
3033 1297 1298 1331 
3034 1253 1345 1628 
3035 1147 342 2336 
3036 458 456 555 
3037 1093 1232 1945 
3038 1519 1518 1520 
3039 564 566 2317 
3040 1032 1030 1138 
3041 1258 2250 2351 
3042 1346 1348 1623 
3043 835 1077 1085 
3044 1396 1043 2384 
3045 1192 825 1678 
3046 2190 1309 2362 
3047 985 1187 1403 
3048 430 429 435 
3049 369 372 373 
3050 589 2286 2469 
3051 453 452 454 
3052 639 638 640 
3053 708 709 710 
3054 1980 1369 2079 
3055 327 328 2371 
3056 1811 1401 2300 
3057 719 718 720 
3058 1401 303 2381 
3059 325 326 327 
3060 327 326 328 
3061 1128 1205 1237 
3062 485 925 2347 
3063 1601 1334 1602 
3064 729 728 730 
3065 739 738 740 
3066 1060 826 1131 
3067 10 11 231 
3068 324 323 1166 
3069 884 2357 2386 
3070 1417 1064 1501 
3071 969 2583 2610 
3072 1385 1387 2363 
3073 892 893 912 
3074 1403 1404 1405 
3075 2268 1500 2275 
3076 457 458 459 
3077 726 725 728 
3078 420 421 422 
3079 880 1154 2357 
3080 955 953 1171 
3081 1676 1330 2339 
3082 2002 1999 2379 
3083 939 941 942 
3084 1431 1430 1433 
3085 811 309 2374 
3086 513 512 514 
3087 1603 1330 1676 
3088 1331 1332 1768 
3089 2240 1389 2246 
3090 339 582 2068 
3091 1037 1036 1038 
3092 1637 1147 2336 
3093 1579 1317 1615 
3094 919 749 920 
3095 1521 1520 1785 
3096 609 598 610 
3097 325 327 1661 
3098 400 398 1176 
3099 1154 1257 1646 
3100 288 290 2325 
3101 1014 1013 1124 
3102 2293 1388 2294 
3103 406 404 1115 
3104 722 723 724 
3105 1542 1544 2414 
3106 2052 256 2053 
3107 313 315 1644 
3108 316 318 319 
3109 344 1341 1409 
3110 1293 1712 2260 
3111 692 690 693 
3112 1246 917 1247 
3113 295 297 950 
3114 1613 1480 1660 
3115 70 71 262 
3116 299 301 375 
3117 370 376 752 
3118 642 749 918 
3119 700 701 702 
3120 1059 833 1130 
3121 1941 1385 2363 
3122 823 744 824 
3123 1235 1131 1329 
3124 1061 1415 2376 
3125 406 1115 1419 
3126 453 454 455 
3127 1104 1039 1250 
3128 1429 1428 1430 
3129 704 705 706 
3130 905 907 909 
3131 1809 1401 1811 
3132 656 657 1112 
3133 1357 1146 2350 
3134 347 348 349 
3135 2189 1309 2190 
3136 1604 1605 1801 
3137 986 981 987 
3138 28 1882 2484 
3139 2178 1638 2344 
3140 322 324 325 
3141 2346 485 2347 
3142 518 521 2421 
3143 1139 1036 2385 
3144 1529 1528 1530 
3145 319 318 320 
3146 504 508 509 
3147 528 526 529 
3148 406 1419 2398 
3149 1414 1076 2361 
3150 1628 1891 1927 
3151 2194 2190 2362 
3152 1066 745 1669 
3153 918 919 1064 
3154 1006 1126 1693 
3155 1162 1160 1163 
3156 319 834 1061 
3157 1660 1480 2390 
3158 642 918 2388 
3159 1570 1313 2044 
3160 262 71 2360 
3161 1995 1994 2321 
3162 1106 1043 1396 
3163 1355 1357 1600 
3164 328 326 329 
3165 522 520 523 
3166 1329 1330 1603 
3167 481 485 2346 
3168 1496 1189 1497 
3169 365 368 369 
3170 883 884 885 
3171 1660 2390 2444 
3172 1883 1884 1886 
3173 1640 1742 2372 
3174 966 1093 2355 
3175 1436 1434 1450 
3176 856 858 1402 
3177 1309 1104 2362 
3178 724 725 726 
3179 1067 1146 1164 
3180 1531 1530 1532 
3181 504 502 507 
3182 1394 1077 2356 
3183 410 407 2398 
3184 536 534 537 
3185 820 818 2384 
3186 1418 1347 1439 
3187 980 577 981 
3188 788 790 791 
3189 988 987 989 
3190 1234 1130 1328 
3191 328 329 330 
3192 696 697 698 
3193 313 312 314 
3194 654 640 2388 
3195 731 730 732 
3196 897 899 901 
3197 1338 1599 1821 
3198 66 67 2400 
3199 2703 1170 2744 
3200 1781 1602 1782 
3201 455 456 457 
3202 1365 1352 2479 
3203 393 389 2324 
3204 1186 1490 1491 
3205 1630 1937 1943 
3206 1947 1803 2176 
3207 1582 1752 1753 
3208 2621 2028 2635 
3209 1273 1179 2467 
3210 2388 1417 2395 
3211 464 462 554 
3212 500 502 503 
3213 307 826 1060 
3214 831 832 993 
3215 885 884 886 
3216 1067 1068 1146 
3217 1338 1251 1599 
3218 1430 1428 2375 
3219 1647 1649 1650 
3220 634 633 649 
3221 687 686 689 
3222 918 749 919 
3223 1068 1114 2350 
3224 873 876 2343 
3225 1650 1649 1651 
3226 1028 2318 2349 
3227 2332 1672 2535 
3228 566 586 2317 
3229 740 823 2392 
3230 1264 410 2398 
3231 716 718 719 
3232 330 333 2365 
3233 2127 2126 2128 
3234 823 824 1067 
3235 2390 874 2444 
3236 1093 1945 2355 
3237 722 724 727 
3238 1247 1426 1427 
3239 1341 1614 2401 
3240 479 477 480 
3241 1393 2133 2370 
3242 742 745 747 
3243 2444 870 2478 
3244 1030 1028 2349 
3245 1241 1422 1604 
3246 1433 1430 1434 
3247 325 1661 2380 
3248 737 739 742 
3249 316 319 2376 
3250 731 733 741 
3251 1662 327 2371 
3252 1153 563 2348 
3253 740 744 823 
3254 315 316 2376 
3255 313 314 315 
3256 550 440 558 
3257 1533 1532 1534 
3258 1164 1355 1356 
3259 640 642 2388 
3260 1061 1132 1236 
3261 1603 1676 1779 
3262 791 792 802 
3263 1312 1108 2175 
3264 1400 1401 1809 
3265 1714 1715 1747 
3266 411 410 1263 
3267 1140 1418 2378 
3268 1349 1327 1773 
3269 2195 2193 2211 
3270 319 320 834 
3271 1671 2455 2480 
3272 1087 1240 1464 
3273 1333 1132 1334 
3274 509 508 510 
3275 1527 1526 1528 
3276 1593 1328 1777 
3277 862 1095 2212 
3278 824 744 2364 
3279 1026 1142 2318 
3280 2191 2190 2193 
3281 1847 1617 1848 
3282 915 886 2386 
3283 895 2137 2452 
3284 1348 1139 2385 
3285 1184 1183 1327 
3286 328 332 2371 
3287 1613 1660 1795 
3288 744 1073 2364 
3289 1186 1491 2354 
3290 685 684 686 
3291 337 338 340 
3292 919 920 921 
3293 1994 1504 2256 
3294 481 480 485 
3295 1427 1429 2453 
3296 829 830 831 
3297 298 296 973 
3298 345 346 347 
3299 747 1066 1133 
3300 1164 1146 1355 
3301 1641 2554 2611 
3302 659 1050 1051 
3303 777 778 2280 
3304 975 922 1080 
3305 1039 1038 2378 
3306 169 170 2397 
3307 910 885 2438 
3308 928 930 1421 
3309 428 430 431 
3310 1661 327 1662 
3311 512 511 835 
3312 711 710 712 
3313 407 406 2398 
3314 806 807 1118 
3315 1427 1426 1428 
3316 1024 1022 2351 
3317 1652 1651 1653 
3318 1133 1066 1242 
3319 1288 1287 1516 
3320 1616 1437 1617 
3321 737 736 738 
3322 660 605 1498 
3323 851 853 2422 
3324 1140 1139 1346 
3325 1038 1036 1139 
3326 2196 2194 2486 
3327 334 331 567 
3328 1038 1139 1140 
3329 1667 1359 2021 
3330 946 945 947 
3331 1167 653 2309 
3332 739 740 2392 
3333 351 1408 1518 
3334 1439 1347 1914 
3335 475 473 476 
3336 568 558 576 
3337 681 679 682 
3338 1158 912 1262 
3339 2419 1138 2490 
3340 310 312 313 
3341 503 502 504 
3342 1630 1629 1937 
3343 1895 2419 2490 
3344 928 1421 2331 
3345 1753 1754 1776 
3346 121 122 206 
3347 1454 1455 1472 
3348 742 739 745 
3349 290 291 292 
3350 726 728 729 
3351 1330 1131 2439 
3352 99 100 250 
3353 171 172 2345 
3354 319 1061 2376 
3355 1654 1656 1657 
3356 170 205 2397 
3357 335 336 337 
3358 595 1259 1260 
3359 1073 1410 2364 
3360 726 729 923 
3361 1700 2072 2716 
3362 290 292 293 
3363 1140 1346 1347 
3364 692 694 695 
3365 737 738 739 
3366 1088 746 2497 
3367 1117 1080 1278 
3368 1305 1717 2426 
3369 1412 1411 1413 
3370 1424 1264 1629 
3371 1292 1293 2260 
3372 2054 2053 2055 
3373 288 289 290 
3374 2318 1142 2319 
3375 1554 1296 1555 
3376 886 884 2386 
3377 998 949 1000 
3378 1433 1434 1435 
3379 307 306 308 
3380 297 296 298 
3381 719 720 825 
3382 1247 917 1426 
3383 1207 1596 1597 
3384 353 358 2420 
3385 524 813 2334 
3386 703 702 704 
3387 1061 834 1132 
3388 735 734 736 
3389 773 771 774 
3390 887 886 888 
3391 472 2528 2572 
3392 687 689 690 
3393 1647 1650 2433 
3394 1085 1287 1288 
3395 1439 1914 1915 
3396 729 730 731 
3397 471 469 472 
3398 2303 1289 2304 
3399 603 602 633 
3400 1609 1135 2417 
3401 301 300 302 
3402 692 693 694 
3403 1250 1039 2378 
3404 2380 1661 2447 
3405 2293 2294 2639 
3406 817 335 2315 
3407 483 481 2346 
3408 733 732 734 
3409 1333 1780 2416 
3410 1496 1497 1627 
3411 1601 1602 1781 
3412 384 396 2311 
3413 1366 1054 2124 
3414 26 27 242 
3415 885 886 887 
3416 1146 1068 2350 
3417 1436 1450 1458 
3418 720 722 2367 
3419 712 714 715 
3420 722 727 2367 
3421 1235 1672 2332 
3422 285 286 577 
3423 967 966 2355 
3424 1416 1236 2416 
3425 299 298 300 
3426 1104 1250 2362 
3427 548 544 549 
3428 735 736 737 
3429 803 1041 2503 
3430 1251 1133 2389 
3431 1405 1514 1993 
3432 1657 1658 1687 
3433 120 121 2410 
3434 467 466 468 
3435 695 694 696 
3436 775 1006 2483 
3437 532 1474 2499 
3438 700 702 703 
3439 747 745 1066 
3440 521 2272 2407 
3441 975 1117 1243 
3442 366 370 2314 
3443 921 922 975 
3444 1236 1132 1333 
3445 516 514 517 
3446 1260 1259 1506 
3447 707 706 708 
3448 1279 1278 1698 
3449 1138 1030 2349 
3450 457 456 458 
3451 912 893 2452 
3452 1447 1446 1448 
3453 2193 2190 2194 
3454 326 324 2377 
3455 678 677 679 
3456 168 169 263 
3457 332 330 2365 
3458 784 786 787 
3459 2361 874 2390 
3460 955 1171 2373 
3461 1443 1176 1670 
3462 1491 1490 1711 
3463 834 2380 2447 
3464 1263 410 1264 
3465 783 782 784 
3466 518 517 519 
3467 67 68 215 
3468 733 734 735 
3469 1334 1132 2447 
3470 889 891 892 
3471 1895 2385 2419 
3472 956 2557 2588 
3473 1333 1601 1780 
3474 333 334 335 
3475 351 340 1408 
3476 699 698 700 
3477 932 935 938 
3478 815 564 2317 
3479 696 698 699 
3480 731 732 733 
3481 465 464 466 
3482 683 682 684 
3483 463 462 464 
3484 885 887 2438 
3485 2004 2002 2015 
3486 2258 2366 2448 
3487 75 76 241 
3488 412 411 413 
3489 1316 1228 1317 
3490 1602 1334 2502 
3491 1874 1622 1928 
3492 510 511 512 
3493 1435 1436 1437 
3494 687 690 691 
3495 1434 1430 2375 
3496 1510 1511 1686 
3497 1652 1654 2338 
3498 1160 1158 2359 
3499 1913 1311 1916 
3500 1940 1629 2482 
3501 307 308 826 
3502 330 331 333 
3503 2295 1640 2372 
3504 1227 1163 1228 
3505 1998 1995 2321 
3506 1052 1120 1221 
3507 1333 1334 1601 
3508 389 387 391 
3509 1424 1629 1630 
3510 1435 1434 1436 
3511 205 171 2345 
3512 2386 1646 2433 
3513 455 454 456 
3514 480 477 2445 
3515 1142 1024 2351 
3516 826 308 2405 
3517 1781 1782 1900 
3518 1862 1863 1864 
3519 944 943 945 
3520 305 304 306 
3521 532 531 1474 
3522 853 856 2422 
3523 1245 1244 1337 
3524 1034 1032 2419 
3525 313 1644 2405 
3526 543 542 544 
3527 874 871 2444 
3528 295 294 296 
3529 322 325 2380 
3530 704 706 707 
3531 282 281 283 
3532 708 710 711 
3533 1450 1434 2375 
3534 1038 1140 2378 
3535 1247 1427 2425 
3536 1617 1437 1618 
3537 2385 1034 2419 
3538 691 690 692 
3539 1650 1651 1652 
3540 504 507 508 
3541 1185 1674 1675 
3542 1288 1516 1517 
3543 1313 1319 2044 
3544 432 393 2449 
3545 551 549 553 
3546 468 927 928 
3547 1646 1647 2433 
3548 353 354 355 
3549 1454 1354 1455 
3550 834 320 2380 
3551 500 501 502 
3552 439 432 2449 
3553 833 301 2446 
3554 2534 581 2593 
3555 1523 1239 1524 
3556 510 508 511 
3557 1607 1247 2425 
3558 1359 1116 2273 
3559 1488 1489 1704 
3560 1130 833 1665 
3561 1129 1325 1449 
3562 1490 1192 1522 
3563 2159 1925 2160 
3564 719 825 1186 
3565 1419 1115 1453 
3566 1016 1098 2429 
3567 1301 1393 1714 
3568 293 292 294 
3569 18 19 216 
3570 1185 1058 1275 
3571 1677 1172 2442 
3572 928 927 929 
3573 1785 1520 1917 
3574 119 120 264 
3575 341 342 343 
3576 1133 1242 2389 
3577 1511 1509 1969 
3578 324 1166 2377 
3579 1563 1365 2479 
3580 65 66 267 
3581 461 460 462 
3582 1678 825 2367 
3583 914 1172 1292 
3584 1472 2491 2614 
3585 1556 1555 1557 
3586 1477 1273 1702 
3587 419 418 426 
3588 1186 825 1192 
3589 1665 833 2446 
3590 2433 1650 2468 
3591 2015 2002 2379 
3592 380 378 392 
3593 417 419 420 
3594 1263 1264 1424 
3595 538 537 539 
3596 881 880 2357 
3597 1508 1509 1510 
3598 2272 1403 2407 
3599 674 672 2523 
3600 758 759 760 
3601 1186 1192 1490 
3602 1279 1699 1700 
3603 2392 823 2463 
3604 320 322 2380 
3605 1965 1699 1966 
3606 570 553 571 
3607 1591 1312 2175 
3608 1773 1774 1873 
3609 64 65 2396 
3610 1560 1559 1851 
3611 343 344 2340 
3612 681 682 683 
3613 685 686 687 
3614 975 1080 1117 
3615 1190 1189 1496 
3616 353 355 358 
3617 2139 750 2481 
3618 913 1015 1016 
3619 779 776 780 
3620 1279 1698 1699 
3621 382 384 395 
3622 1654 1653 1655 
3623 302 304 305 
3624 519 517 1668 
3625 989 990 1057 
3626 777 774 778 
3627 1405 1993 2407 
3628 385 383 2455 
3629 1882 1885 2484 
3630 530 529 531 
3631 675 677 678 
3632 847 850 2509 
3633 1718 1233 2045 
3634 1176 398 2455 
3635 459 458 460 
3636 1032 1138 2419 
3637 1422 1112 2424 
3638 1263 1424 1673 
3639 290 293 2325 
3640 1270 1354 1454 
3641 469 468 2331 
3642 485 924 925 
3643 601 599 608 
3644 63 64 221 
3645 683 684 685 
3646 884 881 2357 
3647 2607 1472 2614 
3648 524 523 813 
3649 970 971 972 
3650 2366 1639 2448 
3651 1117 1278 1279 
3652 1664 1282 2443 
3653 341 343 345 
3654 1057 1058 1183 
3655 930 929 931 
3656 825 720 2367 
3657 1048 1222 1688 
3658 715 716 2354 
3659 1067 1164 2463 
3660 719 1186 2354 
3661 647 632 648 
3662 1128 1237 2404 
3663 637 598 2469 
3664 968 967 970 
3665 17 18 2399 
3666 349 348 350 
3667 567 331 2393 
3668 816 483 2346 
3669 716 719 2354 
3670 1354 1137 1465 
3671 352 350 353 
3672 468 466 927 
3673 2008 2006 2009 
3674 835 2454 2461 
3675 2339 1644 2472 
3676 1599 1251 2389 
3677 330 329 331 
3678 1135 2395 2417 
3679 724 726 2413 
3680 942 941 943 
3681 1185 1275 1674 
3682 1558 1557 1559 
3683 1313 1226 1319 
3684 915 2386 2433 
3685 417 416 418 
3686 1700 1699 1965 
3687 1644 315 2472 
3688 1016 1096 1098 
3689 540 539 542 
3690 928 929 930 
3691 681 683 814 
3692 16 17 265 
3693 1799 2236 2495 
3694 428 425 429 
3695 1866 1864 1867 
3696 477 476 2445 
3697 727 724 2413 
3698 1111 1110 1226 
3699 1409 1341 2401 
3700 1656 1655 1659 
3701 1985 253 1986 
3702 1260 1507 1508 
3703 379 378 380 
3704 426 562 2333 
3705 1158 1262 2359 
3706 1408 340 2409 
3707 1231 1055 1446 
3708 1060 1235 2332 
3709 856 1402 2422 
3710 1480 1414 2390 
3711 981 577 1269 
3712 1190 1496 1515 
3713 1179 926 1181 
3714 1112 657 2424 
3715 1669 745 2392 
3716 290 289 291 
3717 844 845 846 
3718 1045 1406 2343 
3719 562 815 2333 
3720 1436 1458 2411 
3721 1664 2443 2784 
3722 758 756 759 
3723 901 899 902 
3724 293 294 295 
3725 1075 429 2498 
3726 745 739 2392 
3727 297 298 299 
3728 595 1260 2456 
3729 1510 1509 1511 
3730 678 679 681 
3731 1639 2295 2448 
3732 355 356 357 
3733 15 16 2412 
3734 305 306 307 
3735 393 2324 2449 
3736 299 300 301 
3737 392 378 2423 
3738 337 336 338 
3739 340 338 341 
3740 381 380 386 
3741 398 385 2455 
3742 989 987 990 
3743 968 1137 1270 
3744 996 1179 1180 
3745 376 382 2394 
3746 346 343 2340 
3747 840 839 841 
3748 1486 1487 1488 
3749 329 326 2377 
3750 1437 1436 2411 
3751 345 343 346 
3752 876 1045 2343 
3753 1057 990 1058 
3754 1654 1655 1656 
3755 121 206 2410 
3756 1665 2332 2535 
3757 27 28 2484 
3758 754 439 1174 
3759 1131 826 2439 
3760 1003 1091 2625 
3761 620 618 621 
3762 1132 834 2447 
3763 2194 2362 2486 
3764 1403 1405 2407 
3765 1535 1534 1536 
3766 347 346 348 
3767 1050 1128 2404 
3768 1089 1297 2481 
3769 1652 1653 1654 
3770 669 671 1156 
3771 806 608 807 
3772 903 902 904 
3773 1508 1507 1509 
3774 373 372 378 
3775 1180 1273 1274 
3776 329 2377 2393 
3777 916 2269 2564 
3778 938 935 939 
3779 1085 1288 2454 
3780 586 595 2456 
3781 893 895 2452 
3782 1537 1538 1539 
3783 1670 1176 1671 
3784 154 248 2159 
3785 813 1189 1190 
3786 369 368 372 
3787 14 15 222 
3788 1185 1675 2475 
3789 1288 2418 2454 
3790 957 955 2373 
3791 301 302 2446 
3792 526 524 2334 
3793 1327 1183 2475 
3794 61 62 266 
3795 1135 654 2395 
3796 1773 1327 1774 
3797 295 296 297 
3798 1229 1056 1441 
3799 731 741 2430 
3800 915 2433 2468 
3801 1456 1457 1696 
3802 294 292 2460 
3803 1098 1199 1208 
3804 1102 948 1173 
3805 979 982 1084 
3806 1183 1058 1185 
3807 631 630 632 
3808 1660 2444 2478 
3809 2157 2158 2491 
3810 512 835 2461 
3811 887 888 889 
3812 1868 1867 1872 
3813 357 359 360 
3814 1657 1656 1658 
3815 340 341 2409 
3816 726 923 2413 
3817 248 1924 1925 
3818 541 540 2457 
3819 1200 1173 1219 
3820 280 279 281 
3821 775 770 776 
3822 378 372 2423 
3823 1288 1517 2418 
3824 419 426 2440 
3825 423 421 1423 
3826 925 926 996 
3827 288 2325 2464 
3828 333 331 334 
3829 308 310 2405 
3830 116 117 213 
3831 335 334 336 
3832 370 752 2314 
3833 1003 650 1004 
3834 485 480 924 
3835 1163 1160 2359 
3836 1260 1506 1507 
3837 67 215 2400 
3838 947 948 949 
3839 982 1087 2540 
3840 1665 2446 2493 
3841 341 345 2409 
3842 835 1085 2454 
3843 286 287 288 
3844 126 277 2556 
3845 841 843 844 
3846 2418 1668 2454 
3847 1011 1010 1110 
3848 895 894 896 
3849 389 391 2324 
3850 561 418 2573 
3851 1270 1137 1354 
3852 2446 305 2493 
3853 927 466 2436 
3854 923 729 2430 
3855 1264 2398 2482 
3856 1289 1274 2415 
3857 1550 1546 1957 
3858 1702 1273 2467 
3859 1445 2530 2587 
3860 302 305 2446 
3861 1668 517 2461 
3862 1929 2428 2429 
3863 464 554 2436 
3864 924 480 2445 
3865 773 803 2492 
3866 2398 1419 2482 
3867 1618 1437 2411 
3868 472 469 2331 
3869 468 928 2331 
3870 897 896 898 
3871 899 898 900 
3872 1274 1477 1478 
3873 889 888 890 
3874 1421 930 2462 
3875 1795 1660 2478 
3876 963 967 968 
3877 893 891 894 
3878 1484 1485 1486 
3879 1297 1331 1775 
3880 383 377 2480 
3881 2304 1289 2415 
3882 1940 2482 2532 
3883 514 512 2461 
3884 1681 1339 1814 
3885 1317 1228 1318 
3886 1414 2361 2390 
3887 1576 1586 1587 
3888 1351 1353 1876 
3889 1444 1047 1445 
3890 286 284 287 
3891 307 1060 2493 
3892 823 1067 2463 
3893 654 2388 2395 
3894 811 2374 2437 
3895 13 14 2427 
3896 917 352 2420 
3897 1470 1445 1471 
3898 352 353 2420 
3899 517 514 2461 
3900 611 592 619 
3901 1698 1278 2632 
3902 1402 1411 1412 
3903 263 169 2397 
3904 729 731 2430 
3905 756 754 2432 
3906 165 166 214 
3907 892 891 893 
3908 1862 1860 1863 
3909 1498 605 2595 
3910 956 958 2557 
3911 1262 912 2452 
3912 1669 2392 2463 
3913 2642 547 2674 
3914 924 2445 2514 
3915 1344 1622 1874 
3916 1703 1585 1733 
3917 1237 1205 2451 
3918 1511 1969 2028 
3919 114 115 269 
3920 115 116 2431 
3921 2454 1668 2461 
3922 1473 2653 2677 
3923 267 66 2400 
3924 598 589 2469 
3925 750 1089 2481 
3926 968 970 1137 
3927 1704 1489 1705 
3928 2317 586 2456 
3929 288 287 289 
3930 760 761 762 
3931 310 313 2405 
3932 420 419 421 
3933 2425 1427 2453 
3934 344 1409 2340 
3935 996 926 1179 
3936 331 329 2393 
3937 2472 1415 2519 
3938 2339 2472 2519 
3939 1629 1264 2482 
3940 1180 1179 1273 
3941 783 784 2330 
3942 1153 2348 2604 
3943 2352 2329 2570 
3944 315 2376 2472 
3945 365 364 368 
3946 780 782 783 
3947 926 924 2514 
3948 1571 1199 1574 
3949 1671 1176 2455 
3950 1858 1859 1860 
3951 1478 1477 1679 
3952 769 768 770 
3953 12 13 268 
3954 965 957 2373 
3955 784 787 2330 
3956 1006 1693 2483 
3957 415 413 416 
3958 1260 1508 2456 
3959 1047 2422 2530 
3960 286 288 2464 
3961 925 924 926 
3962 2006 2004 2434 
3963 813 523 1189 
3964 664 667 2579 
3965 1129 1449 2545 
3966 1016 1015 1096 
3967 1449 1703 2477 
3968 587 603 2562 
3969 1987 1986 1989 
3970 1274 1273 1477 
3971 1683 2489 2538 
3972 428 429 430 
3973 1253 1628 2503 
3974 242 27 2484 
3975 426 2333 2440 
3976 1197 1196 1306 
3977 1604 1801 1808 
3978 1562 1365 1563 
3979 939 935 940 
3980 576 2126 2127 
3981 905 904 907 
3982 1102 1200 1218 
3983 939 940 941 
3984 1851 1559 1979 
3985 893 894 895 
3986 1896 1895 2490 
3987 1183 1185 2475 
3988 523 520 2488 
3989 930 931 932 
3990 2376 1415 2472 
3991 1065 1182 1244 
3992 1174 439 2449 
3993 396 829 2311 
3994 292 339 2460 
3995 357 360 1165 
3996 1142 2351 2510 
3997 163 164 271 
3998 1122 916 2564 
3999 11 12 2450 
4000 414 413 415 
4001 1423 421 2440 
4002 1497 1189 2488 
4003 264 120 2410 
4004 1524 1239 2511 
4005 2382 1443 2529 
4006 2664 584 2687 
4007 1250 2378 2485 
4008 1652 2338 2468 
4009 2375 1428 2512 
4010 1886 1884 1887 
4011 112 113 223 
4012 1452 1277 1701 
4013 534 532 2499 
4014 577 286 2464 
4015 1189 523 2488 
4016 1274 1478 2415 
4017 1297 1775 2481 
4018 629 628 630 
4019 746 674 2523 
4020 2362 1250 2486 
4021 1482 1483 1484 
4022 360 361 362 
4023 2622 2074 2628 
4024 65 267 2396 
4025 652 619 653 
4026 897 898 899 
4027 1488 1487 1489 
4028 1757 1635 2508 
4029 1334 2447 2502 
4030 837 839 840 
4031 582 583 599 
4032 614 612 969 
4033 889 890 891 
4034 606 661 979 
4035 1058 990 2474 
4036 164 165 2441 
4037 947 945 948 
4038 752 376 2394 
4039 913 908 914 
4040 1688 1222 1689 
4041 1447 1448 1580 
4042 2286 1153 2617 
4043 1096 1015 1097 
4044 1800 1799 2495 
4045 1426 917 2420 
4046 733 735 2527 
4047 987 981 2473 
4048 1250 2485 2486 
4049 895 896 897 
4050 1169 1112 1241 
4051 1041 1253 2503 
4052 1814 1339 2476 
4053 411 1263 2501 
4054 767 765 768 
4055 990 2473 2474 
4056 2021 1359 2273 
4057 2420 358 2512 
4058 1539 1540 1541 
4059 2009 2006 2434 
4060 113 114 2459 
4061 422 421 423 
4062 1109 801 1276 
4063 18 216 2399 
4064 1774 1327 2475 
4065 1051 1050 2404 
4066 424 423 425 
4067 1557 1555 2041 
4068 596 578 628 
4069 932 938 2462 
4070 961 963 2465 
4071 520 519 2488 
4072 1102 1173 1200 
4073 1040 777 2280 
4074 972 1013 1014 
4075 1412 1413 1722 
4076 221 64 2396 
4077 1090 653 1167 
4078 519 1668 2533 
4079 2334 1440 2536 
4080 1044 1201 1456 
4081 1449 1325 1585 
4082 56 57 251 
4083 1587 1586 1588 
4084 1269 577 2464 
4085 2378 1418 2485 
4086 1212 1210 1569 
4087 932 931 933 
4088 1551 1582 2466 
4089 427 425 428 
4090 430 435 436 
4091 1650 1652 2468 
4092 1130 1665 2535 
4093 173 174 244 
4094 2004 2015 2434 
4095 161 162 224 
4096 990 987 2473 
4097 415 416 417 
4098 417 418 419 
4099 735 2344 2527 
4100 1531 1533 2629 
4101 1124 1305 1709 
4102 473 472 2572 
4103 2068 2081 2460 
4104 1275 1058 2474 
4105 1231 1446 1447 
4106 2447 1661 2502 
4107 1208 1199 1571 
4108 2319 1142 2510 
4109 1707 1857 1858 
4110 779 780 2507 
4111 1448 1446 2589 
4112 124 125 243 
4113 593 611 612 
4114 1200 1219 1567 
4115 1458 2599 2609 
4116 1628 1927 1934 
4117 1098 1096 1199 
4118 1657 1687 2581 
4119 949 948 1102 
4120 265 17 2399 
4121 362 363 364 
4122 204 79 1902 
4123 413 411 2501 
4124 111 112 2458 
4125 941 940 1017 
4126 2141 1863 2747 
4127 913 914 1015 
4128 421 419 2440 
4129 1661 1662 2502 
4130 915 2468 2531 
4131 1462 1460 1463 
4132 647 648 1056 
4133 775 776 779 
4134 569 579 580 
4135 1048 1688 2516 
4136 1290 1167 1476 
4137 1705 1489 1706 
4138 110 111 270 
4139 466 464 2436 
4140 1497 2488 2533 
4141 2488 519 2533 
4142 1509 1507 2796 
4143 368 364 2383 
4144 305 307 2493 
4145 994 1481 1482 
4146 907 904 908 
4147 1014 1124 2525 
4148 1214 1216 2524 
4149 1352 1351 2479 
4150 810 2491 2547 
4151 362 364 365 
4152 1548 1598 1791 
4153 1858 1857 1859 
4154 294 2460 2576 
4155 762 763 764 
4156 907 908 913 
4157 2375 2512 2558 
4158 760 759 761 
4159 1681 1814 1815 
4160 580 592 593 
4161 231 11 2450 
4162 1744 1471 2353 
4163 1205 1207 2451 
4164 763 761 976 
4165 1351 1876 2479 
4166 894 2602 2613 
4167 1153 2604 2617 
4168 631 632 647 
4169 2428 1016 2429 
4170 2482 1419 2532 
4171 636 656 2408 
4172 16 265 2412 
4173 1537 1536 1538 
4174 994 993 1282 
4175 1696 1457 1697 
4176 932 933 935 
4177 1623 2278 2578 
4178 162 163 2471 
4179 2606 1001 2624 
4180 339 560 582 
4181 1428 1426 2512 
4182 850 1047 1444 
4183 2464 2325 2570 
4184 981 1269 2473 
4185 1152 954 2588 
4186 663 581 2534 
4187 364 366 2383 
4188 754 1174 2432 
4189 1677 2442 2580 
4190 2317 2456 2522 
4191 1705 1706 1707 
4192 1237 1856 2704 
4193 436 440 550 
4194 2127 2128 2129 
4195 395 384 2311 
4196 2049 2626 2642 
4197 741 733 2527 
4198 1228 1163 2496 
4199 1358 2208 2680 
4200 1229 1441 1442 
4201 775 779 1006 
4202 1753 1776 1813 
4203 656 1112 1169 
4204 1221 1233 1718 
4205 769 770 775 
4206 807 974 1065 
4207 1048 846 1125 
4208 537 534 2499 
4209 539 537 978 
4210 1486 1485 1487 
4211 759 756 2432 
4212 1263 1673 2501 
4213 1668 2418 2533 
4214 1351 1248 1353 
4215 850 1444 2509 
4216 611 619 652 
4217 1685 2505 2559 
4218 222 15 2412 
4219 277 1475 2556 
4220 1346 1623 2578 
4221 972 1014 1272 
4222 764 765 766 
4223 963 968 2465 
4224 529 526 2334 
4225 968 1270 2465 
4226 930 932 2462 
4227 1571 1574 1728 
4228 416 413 2501 
4229 1207 1597 2451 
4230 1447 1580 1749 
4231 1426 2420 2512 
4232 1222 1125 1315 
4233 1485 1483 1824 
4234 846 847 2509 
4235 660 1498 1505 
4236 1617 1618 2565 
4237 159 160 272 
4238 2485 1418 2577 
4239 1138 2349 2548 
4240 358 355 2513 
4241 767 768 769 
4242 1006 1055 1126 
4243 1109 1277 1451 
4244 766 767 771 
4245 1126 1231 1324 
4246 1018 1196 1197 
4247 1291 1525 1526 
4248 1169 1241 1339 
4249 1460 1046 2500 
4250 357 1165 2513 
4251 1456 1201 1457 
4252 1169 1339 1680 
4253 1697 1457 1724 
4254 2351 2250 2510 
4255 890 888 2531 
4256 1681 1815 1816 
4257 550 568 569 
4258 970 972 2521 
4259 2250 2252 2510 
4260 1415 1416 2519 
4261 1163 2359 2496 
4262 940 935 2489 
4263 1056 648 2506 
4264 1893 2534 2593 
4265 339 2068 2460 
4266 1044 802 1121 
4267 1181 926 2514 
4268 1318 1228 2496 
4269 1452 1701 1726 
4270 1806 1947 2704 
4271 550 558 568 
4272 1126 1055 1231 
4273 1876 1353 1892 
4274 888 915 2531 
4275 1676 2339 2519 
4276 1474 2720 2733 
4277 2557 1682 2588 
4278 1481 1282 1663 
4279 1006 779 1055 
4280 1497 2533 2555 
4281 629 630 631 
4282 1914 1347 2578 
4283 1421 2289 2528 
4284 1465 1137 2521 
4285 780 783 2507 
4286 30 31 2435 
4287 1173 948 2505 
4288 1484 1483 1485 
4289 815 2317 2522 
4290 1048 1125 1222 
4291 1707 1706 1857 
4292 571 572 573 
4293 626 636 2408 
4294 1446 1055 2507 
4295 831 993 994 
4296 1075 2621 2635 
4297 382 395 2394 
4298 1452 1726 1745 
4299 14 222 2427 
4300 573 578 587 
4301 629 631 1009 
4302 1241 1604 2476 
4303 647 1056 1129 
4304 841 844 2516 
4305 544 542 547 
4306 2465 1682 2557 
4307 1582 1753 2466 
4308 1627 1497 2555 
4309 1201 1121 1301 
4310 1210 1208 2470 
4311 1137 970 2521 
4312 1307 1306 1568 
4313 1109 1276 1277 
4314 1569 1210 2470 
4315 844 846 1048 
4316 1628 1934 2503 
4317 2468 2338 2531 
4318 2269 2153 2564 
4319 1564 1563 1826 
4320 2533 2418 2555 
4321 762 761 763 
4322 791 802 1044 
4323 1543 1541 1547 
4324 2132 797 2515 
4325 1750 1724 1761 
4326 1890 1040 2280 
4327 649 1046 1459 
4328 1339 1241 2476 
4329 125 126 2556 
4330 787 788 2552 
4331 1508 1510 2522 
4332 799 1007 1053 
4333 269 115 2431 
4334 973 2576 2594 
4335 1782 1602 2622 
4336 1091 1004 1092 
4337 1892 1353 1893 
4338 116 213 2431 
4339 1129 1229 1325 
4340 945 943 2505 
4341 472 2331 2528 
4342 1307 1575 1576 
4343 1115 2382 2529 
4344 2331 1421 2528 
4345 1090 1290 1291 
4346 2254 2253 2568 
4347 1697 1724 1750 
4348 815 2522 2569 
4349 449 590 2591 
4350 2490 1138 2548 
4351 1585 1325 1737 
4352 366 2314 2383 
4353 596 628 629 
4354 1328 1130 2535 
4355 840 841 2516 
4356 1269 2464 2570 
4357 1244 1182 1342 
4358 7 8 252 
4359 2535 1672 2582 
4360 2456 1508 2522 
4361 1419 1453 2532 
4362 569 568 579 
4363 1165 360 2544 
4364 978 537 2499 
4365 571 553 572 
4366 1463 1460 2500 
4367 1897 1898 2574 
4368 1129 1056 1229 
4369 1482 1481 1483 
4370 587 596 602 
4371 656 1169 2408 
4372 268 13 2427 
4373 2512 358 2558 
4374 1887 1884 1888 
4375 933 936 2489 
4376 2529 1443 2645 
4377 223 113 2459 
4378 670 668 2624 
4379 2041 1001 2606 
4380 1272 1014 1285 
4381 766 765 767 
4382 778 801 1010 
4383 2749 1084 2794 
4384 1143 390 2692 
4385 1680 1339 1681 
4386 1296 1088 2497 
4387 1238 1086 1239 
4388 807 608 974 
4389 1087 1464 2540 
4390 1837 129 2713 
4391 1539 1538 1540 
4392 604 2155 2658 
4393 1576 1575 1586 
4394 973 296 2576 
4395 2349 2320 2548 
4396 1451 1277 1452 
4397 764 763 765 
4398 1065 974 1182 
4399 339 291 560 
4400 1716 1304 2554 
4401 593 592 611 
4402 580 579 592 
4403 972 1272 2521 
4404 2309 1188 2566 
4405 1745 1726 1759 
4406 284 283 2561 
4407 587 578 596 
4408 1444 1445 1470 
4409 1748 1550 1957 
4410 1462 1463 1738 
4411 2013 2008 2526 
4412 958 961 2557 
4413 271 164 2441 
4414 911 896 2613 
4415 573 572 578 
4416 648 837 2506 
4417 994 1282 1481 
4418 2501 1673 2573 
4419 1530 1528 1766 
4420 1604 1808 2476 
4421 165 214 2441 
4422 12 268 2450 
4423 203 30 2435 
4424 1055 779 2507 
4425 362 365 2544 
4426 1453 1115 2529 
4427 2169 579 2537 
4428 961 2465 2557 
4429 649 633 1046 
4430 778 774 801 
4431 1090 1167 1290 
4432 797 799 2515 
4433 673 675 2603 
4434 2008 2009 2526 
4435 287 284 2561 
4436 1459 1460 1461 
4437 1152 2607 2614 
4438 1301 1714 1741 
4439 2460 2081 2576 
4440 1709 1305 2426 
4441 2307 2143 2586 
4442 248 1925 2159 
4443 1069 624 2601 
4444 979 661 982 
4445 2041 1555 2497 
4446 1722 1413 1723 
4447 1458 1450 2599 
4448 618 616 643 
4449 1010 801 1109 
4450 2153 1643 2611 
4451 948 945 2505 
4452 1182 974 1690 
4453 994 1482 2563 
4454 844 1048 2516 
4455 652 653 1090 
4456 1304 1122 2564 
4457 1462 1738 1739 
4458 1534 1532 1595 
4459 2325 2352 2570 
4460 1540 1538 1592 
4461 1197 1306 1307 
4462 1044 1121 1201 
4463 355 357 2513 
4464 531 529 2536 
4465 416 2501 2573 
4466 576 2127 2537 
4467 935 933 2489 
4468 1848 1617 2565 
4469 943 941 2559 
4470 1526 1525 1767 
4471 2359 1262 2520 
4472 224 162 2471 
4473 1753 1813 2466 
4474 1555 1296 2497 
4475 2442 902 2580 
4476 1226 1110 1299 
4477 1124 1709 2525 
4478 1743 1471 1744 
4479 902 899 2580 
4480 1075 2498 2615 
4481 1216 1344 2524 
4482 1470 1471 1743 
4483 969 612 2583 
4484 941 1017 2559 
4485 2422 1402 2530 
4486 1540 1592 1765 
4487 568 576 2537 
4488 1670 2612 2645 
4489 890 2531 2581 
4490 1291 1290 1525 
4491 936 1018 2538 
4492 2522 1510 2569 
4493 602 596 2542 
4494 2418 1517 2555 
4495 289 287 1177 
4496 662 664 2579 
4497 1208 1571 2470 
4498 1315 1125 2598 
4499 1091 1092 1193 
4500 114 269 2459 
4501 1450 2375 2558 
4502 1109 1451 2567 
4503 2348 1673 2604 
4504 296 294 2576 
4505 727 2363 2627 
4506 2155 2154 2666 
4507 2086 1706 2775 
4508 358 2513 2558 
4509 2496 2359 2520 
4510 1461 1460 1462 
4511 1459 1046 1460 
4512 2583 2341 2610 
4513 1125 846 2509 
4514 112 223 2458 
4515 1979 1559 2606 
4516 2158 2288 2614 
4517 270 111 2458 
4518 1278 1080 2612 
4519 1231 1447 2517 
4520 2602 1687 2613 
4521 2146 604 2643 
4522 1510 1686 2569 
4523 1324 1231 2517 
4524 1188 2169 2634 
4525 608 599 2504 
4526 1673 1424 2604 
4527 1454 1472 2607 
4528 418 416 2573 
4529 476 473 2572 
4530 529 2334 2536 
4531 599 583 600 
4532 1662 2074 2622 
4533 1307 1568 1575 
4534 2333 815 2569 
4535 2531 2338 2581 
4536 788 791 2552 
4537 2489 936 2538 
4538 596 629 2542 
4539 768 765 2560 
4540 582 560 583 
4541 1276 801 2550 
4542 774 771 2550 
4543 2581 1687 2602 
4544 1447 1749 2517 
4545 1679 2691 2693 
4546 440 435 2635 
4547 2505 943 2559 
4548 1402 1412 2530 
4549 360 362 2544 
4550 2129 2128 2794 
4551 1018 1197 2538 
4552 243 125 2556 
4553 1344 1874 2524 
4554 1575 1568 1729 
4555 1418 1439 2577 
4556 769 2483 2539 
4557 163 271 2471 
4558 2500 1046 2543 
4559 573 587 2562 
4560 2263 2529 2645 
4561 1285 1014 2525 
4562 1009 631 2545 
4563 976 761 2553 
4564 1044 1456 2552 
4565 2137 1932 2671 
4566 1347 1346 2578 
4567 771 767 2539 
4568 2574 1898 2575 
4569 201 128 1837 
4570 837 840 2506 
4571 787 2552 2608 
4572 1169 1680 2408 
4573 1724 1457 2541 
4574 2276 1118 2773 
4575 2752 2324 2758 
4576 1087 1238 1240 
4577 1326 1286 2843 
4578 702 701 2714 
4579 1670 1671 2632 
4580 652 2341 2583 
4581 1239 1086 2571 
4582 763 976 2560 
4583 767 769 2539 
4584 2171 1356 2815 
4585 1201 1301 2541 
4586 631 647 2545 
4587 626 2408 2601 
4588 954 956 2588 
4589 1658 2835 2837 
4590 2658 2155 2666 
4591 899 900 2580 
4592 1301 1741 2541 
4593 1893 1353 2534 
4594 569 1168 2656 
4595 2313 2312 2659 
4596 2570 2329 2596 
4597 829 831 2563 
4598 2338 1657 2581 
4599 1248 663 2534 
4600 2599 1165 2609 
4601 759 2432 2553 
4602 2530 1412 2587 
4603 1678 2293 2639 
4604 1457 1201 2541 
4605 1007 1052 2590 
4606 2576 2081 2594 
4607 1423 2605 2615 
4608 2577 1439 2585 
4609 650 649 2584 
4610 982 1086 1087 
4611 647 1129 2545 
4612 1052 1221 2590 
4613 1835 1836 2628 
4614 291 289 2549 
4615 2300 973 2594 
4616 1345 1254 2650 
4617 2474 2473 2596 
4618 894 891 2602 
4619 2544 2146 2609 
4620 982 661 1086 
4621 761 759 2553 
4622 831 994 2563 
4623 1238 1239 1523 
4624 633 602 2543 
4625 1439 1915 2585 
4626 801 774 2550 
4627 280 2307 2586 
4628 1110 1010 2567 
4629 2078 1465 2676 
4630 2012 2603 2725 
4631 1229 1442 2551 
4632 1456 1696 2608 
4633 771 2539 2550 
4634 649 1459 2584 
4635 612 611 2583 
4636 1010 1109 2567 
4637 590 2284 2591 
4638 1455 1354 2633 
4639 2304 2415 2788 
4640 571 573 2593 
4641 1192 1678 2639 
4642 1059 1234 2653 
4643 1092 1004 1123 
4644 974 608 2504 
4645 283 281 1335 
4646 1325 1229 2551 
4647 1412 1722 2587 
4648 629 1009 2542 
4649 1004 650 2584 
4650 799 1053 2515 
4651 2311 829 2563 
4652 2775 1487 2778 
4653 2507 783 2589 
4654 1467 1335 1792 
4655 600 605 606 
4656 791 1044 2552 
4657 600 583 605 
4658 606 660 661 
4659 1777 1328 2582 
4660 1261 2263 2645 
4661 765 763 2560 
4662 783 2330 2589 
4663 1087 1086 1238 
4664 1046 633 2543 
4665 1328 2535 2582 
4666 283 1335 1466 
4667 581 571 2593 
4668 579 568 2537 
4669 1304 2564 2611 
4670 2564 2153 2611 
4671 611 652 2583 
4672 1221 1718 1719 
4673 2367 727 2627 
4674 614 969 2623 
4675 624 626 2601 
4676 606 605 660 
4677 1423 2440 2605 
4678 2408 1680 2601 
4679 1299 1110 2567 
4680 1690 974 2504 
4681 1106 1396 2647 
4682 1257 1256 2657 
4683 1353 1248 2534 
4684 2566 2129 2802 
4685 1152 2588 2607 
4686 1466 1467 1468 
4687 2608 1696 2655 
4688 1441 2506 2600 
4689 2319 2254 2637 
4690 1557 2041 2606 
4691 1737 1325 2551 
4692 1916 1311 2647 
4693 2552 1456 2608 
4694 2514 2445 2618 
4695 2516 1688 2600 
4696 1682 1454 2607 
4697 599 600 2504 
4698 2605 1686 2615 
4699 1446 2507 2589 
4700 2080 1170 2703 
4701 2600 1688 2636 
4702 602 2542 2543 
4703 1805 1807 2616 
4704 1053 1007 2590 
4705 2562 603 2597 
4706 2010 2737 2738 
4707 1424 1630 2604 
4708 1394 2356 2668 
4709 1177 287 2561 
4710 1441 2600 2636 
4711 1482 1484 2630 
4712 1869 1871 2758 
4713 890 2581 2602 
4714 2473 1269 2596 
4715 1123 1004 2584 
4716 490 494 2667 
4717 1511 2028 2621 
4718 2569 1686 2605 
4719 840 2516 2600 
4720 283 1466 2561 
4721 2333 2569 2605 
4722 1559 1557 2606 
4723 675 678 2603 
4724 660 1505 2571 
4725 2049 2642 2674 
4726 1681 1816 2641 
4727 1865 2765 2766 
4728 891 890 2602 
4729 1675 1674 2663 
4730 2210 572 2626 
4731 1269 2570 2596 
4732 2513 1165 2599 
4733 2330 787 2608 
4734 2765 386 2766 
4735 2653 1674 2677 
4736 560 291 2549 
4737 1698 2664 2687 
4738 2604 1630 2617 
4739 1221 1719 2590 
4740 2643 604 2658 
4741 1653 1651 2670 
4742 2288 1152 2614 
4743 643 616 2623 
4744 1792 2686 2713 
4745 1425 2560 2638 
4746 1563 2479 2619 
4747 1666 1667 2705 
4748 1080 1261 2612 
4749 1992 1805 2616 
4750 2558 2513 2599 
4751 2440 2333 2605 
4752 2012 2725 2728 
4753 2502 1662 2622 
4754 1872 2706 2739 
4755 661 660 2571 
4756 363 361 2702 
4757 544 547 2642 
4758 289 1177 2549 
4759 476 2572 2618 
4760 828 492 2667 
4761 2479 1876 2619 
4762 2227 2798 2838 
4763 2341 1527 2610 
4764 2474 2596 2652 
4765 944 946 2683 
4766 1630 1943 2617 
4767 2612 1670 2632 
4768 1719 1718 1720 
4769 2691 946 2693 
4770 1687 1658 2620 
4771 896 894 2613 
4772 2406 900 2788 
4773 2480 584 2664 
4774 1075 2615 2621 
4775 572 553 2626 
4776 1450 2558 2599 
4777 2563 1482 2630 
4778 606 979 2644 
4779 1307 1576 2631 
4780 2537 2127 2634 
4781 616 614 2623 
4782 1005 1003 2625 
4783 1686 1511 2621 
4784 2340 1409 2718 
4785 1484 1486 2661 
4786 1466 1335 1467 
4787 953 951 2675 
4788 2506 840 2600 
4789 436 550 2656 
4790 1177 2561 2651 
4791 1165 2544 2609 
4792 1164 1356 2681 
4793 1337 1244 2679 
4794 1086 661 2571 
4795 2538 1197 2631 
4796 1468 1467 1469 
4797 2509 1444 2598 
4798 2554 1304 2611 
4799 947 998 2693 
4800 1602 2502 2622 
4801 2646 1693 2672 
4802 921 2402 2746 
4803 2445 476 2618 
4804 2311 2563 2630 
4805 2483 1693 2646 
4806 2641 1816 2680 
4807 2588 1682 2607 
4808 2514 2618 2648 
4809 2498 1423 2615 
4810 1001 670 2624 
4811 911 2613 2620 
4812 1683 2538 2631 
4813 1826 1563 2619 
4814 1193 1092 1195 
4815 486 816 2684 
4816 2329 2328 2652 
4817 2145 814 2736 
4818 1966 2700 2702 
4819 2074 1835 2628 
4820 1938 1531 2629 
4821 1125 2509 2598 
4822 2572 2290 2618 
4823 1879 204 1902 
4824 2690 1219 2707 
4825 2721 1081 2806 
4826 494 488 2684 
4827 867 866 2689 
4828 1444 1470 2598 
4829 1262 2452 2671 
4830 1678 2367 2627 
4831 553 549 2626 
4832 1181 2648 2665 
4833 435 1075 2635 
4834 583 560 2595 
4835 2478 870 2689 
4836 560 2549 2595 
4837 1486 1488 2688 
4838 2831 998 2847 
4839 2631 1576 2660 
4840 1701 1277 2672 
4841 976 2553 2743 
4842 2561 1466 2651 
4843 1354 1465 2633 
4844 2596 2329 2652 
4845 605 583 2595 
4846 1278 2612 2632 
4847 1796 2668 2727 
4848 2276 2773 2785 
4849 1966 1699 2687 
4850 2320 2319 2637 
4851 2330 2608 2655 
4852 395 2311 2630 
4853 1181 2514 2648 
4854 1698 2632 2664 
4855 861 860 2711 
4856 371 367 2700 
4857 2127 2129 2634 
4858 1286 2025 2841 
4859 2328 1473 2677 
4860 2169 2537 2634 
4861 1287 1268 2701 
4862 1522 1192 2639 
4863 1458 2609 2643 
4864 1576 1587 2660 
4865 1659 1655 2694 
4866 2526 552 2722 
4867 2630 1484 2661 
4868 2504 600 2644 
4869 2609 2146 2643 
4870 1513 1255 2720 
4871 1197 1307 2631 
4872 1311 1106 2647 
4873 2613 1687 2620 
4874 1442 1441 2636 
4875 1443 1670 2645 
4876 1069 2601 2641 
4877 1669 2463 2681 
4878 2411 1458 2643 
4879 1683 2631 2660 
4880 1009 2477 2640 
4881 549 544 2642 
4882 1690 2504 2644 
4883 1688 1689 2636 
4884 2575 2320 2637 
4885 2760 703 2763 
4886 2290 2167 2648 
4887 2615 1686 2621 
4888 2753 699 2754 
4889 1612 1613 2649 
4890 1488 1704 2709 
4891 776 770 2706 
4892 2618 2290 2648 
4893 2543 2542 2640 
4894 1936 1345 2650 
4895 618 643 2662 
4896 1479 1612 2823 
4897 1126 1324 2695 
4898 2550 2539 2646 
4899 1620 864 2711 
4900 2500 2543 2640 
4901 1473 1059 2653 
4902 1848 2565 2692 
4903 1775 1331 2698 
4904 979 1084 2749 
4905 2748 695 2750 
4906 1680 1681 2641 
4907 547 542 2696 
4908 2648 2167 2665 
4909 2005 2007 2728 
4910 1448 2589 2655 
4911 1612 2822 2823 
4912 2560 976 2638 
4913 2655 1696 2685 
4914 2225 2224 2805 
4915 2025 2026 2840 
4916 2626 549 2642 
4917 2682 1079 2683 
4918 1275 2474 2652 
4919 854 1081 2723 
4920 1674 2653 2663 
4921 600 606 2644 
4922 1812 2703 2744 
4923 1276 2646 2672 
4924 2411 2643 2658 
4925 2565 1143 2692 
4926 1618 2658 2666 
4927 1256 1479 2657 
4928 1702 2682 2683 
4929 2661 1486 2688 
4930 2652 2328 2677 
4931 539 978 2696 
4932 1465 2521 2676 
4933 1476 1167 2717 
4934 1671 2480 2664 
4935 2653 1234 2663 
4936 1069 2641 2680 
4937 2542 1009 2640 
4938 2312 828 2659 
4939 2688 1488 2709 
4940 395 2630 2661 
4941 2539 2483 2646 
4942 1276 2550 2646 
4943 550 569 2656 
4944 1618 2411 2658 
4945 2024 2049 2674 
4946 124 243 2712 
4947 2601 1680 2641 
4948 2660 1587 2678 
4949 1580 1448 2685 
4950 1117 1279 2716 
4951 1017 1683 2660 
4952 2467 1181 2665 
4953 1477 1702 2691 
4954 681 814 2725 
4955 2167 2166 2665 
4956 1206 1204 2729 
4957 1155 2383 2724 
4958 1715 2673 2731 
4959 2767 707 2769 
4960 492 490 2667 
4961 1466 1468 2651 
4962 2356 507 2668 
4963 2565 1618 2666 
4964 2014 2013 2722 
4965 2166 1079 2682 
4966 1515 1496 2721 
4967 2394 395 2661 
4968 2589 2330 2655 
4969 281 279 2686 
4970 1500 2744 2755 
4971 2792 2265 2795 
4972 2709 1704 2724 
4973 2467 2665 2682 
4974 1588 2690 2707 
4975 621 618 2662 
4976 507 502 2727 
4977 1701 2672 2695 
4978 2208 1069 2680 
4979 1448 2655 2685 
4980 1275 2652 2677 
4981 1651 1793 2670 
4982 1679 1477 2691 
4983 386 2761 2766 
4984 1867 1864 2730 
4985 2665 2166 2682 
4986 1580 2685 2699 
4987 1870 1868 2739 
4988 1318 2174 2734 
4989 2549 1177 2669 
4990 1469 1910 2846 
4991 1171 953 2675 
4992 2776 2294 2805 
4993 1219 1685 2707 
4994 2496 2520 2719 
4995 1083 515 2786 
4996 1017 2660 2678 
4997 2130 1690 2749 
4998 2520 1262 2671 
4999 1155 2724 2735 
5000 1409 2403 2718 
5001 2404 1237 2704 
5002 2187 2776 2805 
5003 1277 1276 2672 
5004 1498 2595 2669 
5005 2566 2802 2826 
5006 2000 2001 2738 
5007 1317 1318 2734 
5008 2370 1053 2673 
5009 1792 1335 2686 
5010 2423 1155 2735 
5011 1996 1997 2750 
5012 1674 1275 2677 
5013 1286 2841 2843 
5014 2632 1671 2664 
5015 488 486 2684 
5016 1079 944 2683 
5017 2477 1703 2708 
5018 1779 1676 2741 
5019 1612 2649 2822 
5020 2463 1164 2681 
5021 1244 1342 2679 
5022 687 691 2737 
5023 2559 1017 2678 
5024 2000 2748 2750 
5025 1691 1692 2754 
5026 919 921 2746 
5027 2683 946 2691 
5028 2594 2081 2703 
5029 2025 2840 2841 
5030 2394 2661 2688 
5031 2521 1272 2676 
5032 2520 1931 2719 
5033 870 867 2689 
5034 279 201 1837 
5035 814 683 2736 
5036 2708 1703 2726 
5037 1858 1861 2757 
5038 1691 2760 2763 
5039 1996 2753 2754 
5040 1862 1865 2766 
5041 1685 2559 2678 
5042 1699 1698 2687 
5043 1053 2590 2673 
5044 1702 2467 2682 
5045 752 2394 2688 
5046 2595 2549 2669 
5047 1696 1697 2685 
5048 2013 2526 2722 
5049 1863 1860 2747 
5050 1491 1711 2811 
5051 1822 1821 2800 
5052 1177 2651 2669 
5053 1335 281 2686 
5054 1708 1503 2763 
5055 1695 2257 2769 
5056 1856 1843 2715 
5057 2676 1272 2697 
5058 2686 1837 2713 
5059 2138 1806 2715 
5060 946 947 2693 
5061 1567 1219 2690 
5062 796 977 2781 
5063 2811 1711 2812 
5064 1655 1794 2694 
5065 1693 1126 2695 
5066 1493 1619 2824 
5067 1191 798 2781 
5068 2423 2735 2745 
5069 2603 678 2725 
5070 2590 1719 2673 
5071 387 386 2765 
5072 542 539 2696 
5073 625 623 2771 
5074 2449 2324 2752 
5075 978 2499 2733 
5076 1708 2767 2769 
5077 1947 2404 2704 
5078 2546 1848 2692 
5079 2309 2566 2826 
5080 1667 2023 2705 
5081 1965 1966 2710 
5082 1331 1768 2698 
5083 1703 1733 2726 
5084 367 363 2702 
5085 2500 2640 2708 
5086 2675 951 2801 
5087 392 2423 2745 
5088 2685 1697 2699 
5089 1524 2846 2855 
5090 1685 2678 2707 
5091 2640 2477 2708 
5092 584 371 2700 
5093 1065 1245 2773 
5094 1666 2705 2733 
5095 386 380 2761 
5096 1268 1493 2701 
5097 2519 1416 2741 
5098 1710 1492 2774 
5099 2672 1693 2695 
5100 2638 1870 2739 
5101 707 708 2770 
5102 2702 361 2710 
5103 1272 1285 2697 
5104 2081 2080 2703 
5105 2553 2432 2742 
5106 1966 2687 2700 
5107 1697 1750 2699 
5108 392 2745 2757 
5109 1499 1812 2744 
5110 752 2688 2709 
5111 2779 1008 2832 
5112 2806 2150 2816 
5113 1474 531 2764 
5114 711 712 2777 
5115 1118 807 2773 
5116 1702 2683 2691 
5117 770 1425 2706 
5118 2678 1587 2707 
5119 1467 1792 2732 
5120 1659 2694 2818 
5121 1711 2786 2812 
5122 123 124 2712 
5123 1372 2093 2789 
5124 864 861 2711 
5125 2757 1861 2761 
5126 1505 1498 2768 
5127 2314 752 2709 
5128 1587 1588 2707 
5129 1507 1506 2785 
5130 1425 2638 2739 
5131 1711 1490 2782 
5132 1706 1489 2775 
5133 691 692 2748 
5134 1374 1372 2789 
5135 2226 2242 2793 
5136 2096 992 2829 
5137 1512 1384 2787 
5138 1516 1797 2830 
5139 1379 1380 2791 
5140 2833 2305 2835 
5141 2368 822 2790 
5142 900 898 2783 
5143 1487 1485 2778 
5144 1463 2708 2726 
5145 2129 2794 2802 
5146 1463 2500 2708 
5147 695 696 2753 
5148 1386 1512 2792 
5149 2294 1388 2795 
5150 2130 2749 2794 
5151 1483 1481 2780 
5152 1380 1377 2798 
5153 1243 1117 2716 
5154 703 704 2767 
5155 1255 1666 2720 
5156 1267 2306 2798 
5157 699 700 2760 
5158 1318 2496 2719 
5159 482 484 2799 
5160 2314 2709 2724 
5161 1513 2720 2764 
5162 2711 860 2830 
5163 1496 1627 2721 
5164 2770 711 2774 
5165 2084 1513 2809 
5166 992 854 2723 
5167 1167 2309 2717 
5168 1659 2818 2833 
5169 1866 1869 2759 
5170 1695 2770 2774 
5171 992 2827 2829 
5172 2783 2304 2788 
5173 415 2076 2801 
5174 678 681 2725 
5175 502 501 2727 
5176 2383 2314 2724 
5177 414 415 2801 
5178 2820 1392 2821 
5179 2007 2012 2728 
5180 2673 1719 2731 
5181 1738 1463 2726 
5182 2084 2809 2814 
5183 692 695 2748 
5184 1865 1866 2759 
5185 1725 1206 2729 
5186 2724 1704 2735 
5187 2687 584 2700 
5188 2705 978 2733 
5189 1864 1863 2730 
5190 2689 866 2824 
5191 995 1993 2812 
5192 2305 2303 2837 
5193 696 699 2753 
5194 1966 2702 2710 
5195 279 1837 2686 
5196 1505 2768 2797 
5197 2499 1474 2733 
5198 2354 1491 2807 
5199 1865 2759 2765 
5200 700 703 2760 
5201 2494 1816 2772 
5202 1615 1317 2734 
5203 1816 1815 2772 
5204 1704 1705 2735 
5205 1592 1538 2803 
5206 2776 2187 2810 
5207 2736 685 2737 
5208 2814 1515 2816 
5209 685 687 2737 
5210 1190 1515 2814 
5211 683 685 2736 
5212 2220 2150 2806 
5213 1356 1355 2815 
5214 2443 2697 2784 
5215 1871 1870 2743 
5216 1815 1817 2772 
5217 1719 1720 2731 
5218 2001 2010 2738 
5219 704 707 2767 
5220 2720 1474 2764 
5221 2735 1705 2745 
5222 2769 707 2770 
5223 2150 1361 2816 
5224 1868 1872 2739 
5225 1064 919 2746 
5226 1469 1467 2732 
5227 1860 1859 2747 
5228 2000 2738 2748 
5229 2761 1861 2766 
5230 2432 1174 2742 
5231 1695 2769 2770 
5232 1676 2519 2741 
5233 1997 2000 2750 
5234 1705 1707 2745 
5235 1765 1592 2740 
5236 2241 1606 2819 
5237 1501 1064 2751 
5238 816 2346 2818 
5239 1064 2746 2751 
5240 2553 2742 2743 
5241 1390 2267 2821 
5242 1996 2750 2753 
5243 1170 1118 2755 
5244 2128 2130 2794 
5245 2742 1174 2752 
5246 1174 2449 2752 
5247 2745 1707 2757 
5248 2774 711 2777 
5249 1690 2644 2749 
5250 1692 1996 2754 
5251 1501 2751 2756 
5252 1710 2774 2777 
5253 1610 1501 2756 
5254 1408 2241 2819 
5255 1522 2639 2776 
5256 2324 391 2758 
5257 1707 1858 2757 
5258 1917 1520 2820 
5259 1610 2756 2762 
5260 2639 2294 2776 
5261 1691 2754 2760 
5262 2644 979 2749 
5263 2511 1505 2797 
5264 380 392 2761 
5265 1503 1691 2763 
5266 501 499 2822 
5267 1918 1610 2762 
5268 1871 2742 2752 
5269 1797 2711 2830 
5270 391 387 2765 
5271 1534 1595 2817 
5272 1619 2689 2824 
5273 2669 2651 2768 
5274 2759 391 2765 
5275 1476 2717 2854 
5276 1861 1862 2766 
5277 2087 1495 2834 
5278 1708 2763 2767 
5279 143 144 2828 
5280 997 2305 2833 
5281 646 625 2771 
5282 2738 691 2748 
5283 531 2536 2764 
5284 2257 1708 2769 
5285 392 2757 2761 
5286 1245 1337 2796 
5287 992 2723 2827 
5288 1498 2669 2768 
5289 2693 998 2831 
5290 708 711 2770 
5291 1492 1695 2774 
5292 2406 2788 2804 
5293 807 1065 2773 
5294 2782 1083 2786 
5295 1489 1487 2775 
5296 2415 1478 2804 
5297 2782 1522 2810 
5298 1836 2209 2825 
5299 1663 1664 2779 
5300 2750 695 2753 
5301 712 715 2777 
5302 2628 1836 2825 
5303 798 796 2781 
5304 1627 2555 2827 
5305 1658 1656 2835 
5306 1485 1824 2778 
5307 1900 1782 2825 
5308 1083 2782 2810 
5309 2649 501 2822 
5310 2026 2784 2840 
5311 800 1191 2832 
5312 1481 1663 2780 
5313 2754 699 2760 
5314 2186 1083 2810 
5315 234 146 2867 
5316 1490 1522 2782 
5317 1513 2764 2809 
5318 2763 703 2767 
5319 2694 816 2818 
5320 2799 1822 2800 
5321 515 995 2786 
5322 2303 2304 2836 
5323 2795 2225 2805 
5324 2807 1491 2811 
5325 898 911 2783 
5326 1506 2276 2785 
5327 1869 2758 2759 
5328 1712 2831 2847 
5329 206 2857 2858 
5330 2768 1468 2797 
5331 2651 1468 2768 
5332 2203 2205 2813 
5333 1384 1382 2787 
5334 822 2265 2790 
5335 1819 1374 2789 
5336 1382 1379 2791 
5337 1524 2511 2846 
5338 1711 2782 2786 
5339 2787 1382 2791 
5340 1507 2785 2796 
5341 1388 1386 2792 
5342 2242 2243 2793 
5343 900 2783 2788 
5344 1595 1532 2839 
5345 1530 1766 2839 
5346 2224 2187 2805 
5347 2742 1871 2743 
5348 1377 1267 2798 
5349 2090 1553 2859 
5350 141 142 2845 
5351 2777 715 2807 
5352 2306 1822 2838 
5353 1710 2777 2807 
5354 484 546 2799 
5355 2681 1356 2813 
5356 1515 2806 2816 
5357 2744 1170 2755 
5358 482 2799 2800 
5359 951 414 2801 
5360 2764 2536 2809 
5361 209 2844 2855 
5362 2592 2148 2852 
5363 1468 1469 2797 
5364 1238 1523 2842 
5365 2723 1627 2827 
5366 2758 391 2759 
5367 2850 1767 2863 
5368 1084 2540 2802 
5369 2697 1285 2784 
5370 1538 1536 2803 
5371 2303 2836 2837 
5372 2294 2795 2805 
5373 2783 911 2836 
5374 1515 2721 2806 
5375 715 2354 2807 
5376 1478 1679 2808 
5377 2304 2783 2836 
5378 1526 1767 2848 
5379 2809 1440 2814 
5380 1514 1710 2811 
5381 2536 1440 2809 
5382 2205 2681 2813 
5383 1514 2811 2812 
5384 1675 1935 2851 
5385 2859 1553 2860 
5386 1766 1528 2848 
5387 1993 1514 2812 
5388 2852 2148 2856 
5389 2785 1245 2796 
5390 2780 1663 2832 
5391 139 140 2850 
5392 1440 1190 2814 
5393 1553 2087 2860 
5394 1659 2833 2835 
5395 1355 1600 2815 
5396 2803 1536 2817 
5397 2084 2814 2816 
5398 2788 2415 2804 
5399 2475 1675 2851 
5400 1361 2084 2816 
5401 1191 2780 2832 
5402 1536 1534 2817 
5403 2802 2540 2826 
5404 2346 2347 2818 
5405 2799 546 2838 
5406 1822 2799 2838 
5407 1522 2776 2810 
5408 2794 1084 2802 
5409 1518 1408 2819 
5410 2784 1285 2840 
5411 1520 1518 2820 
5412 1518 2819 2820 
5413 1392 1390 2821 
5414 1388 2792 2795 
5415 1710 2807 2811 
5416 2804 1478 2808 
5417 499 506 2822 
5418 2818 2347 2833 
5419 2822 506 2823 
5420 506 2313 2823 
5421 1525 2853 2863 
5422 866 1620 2824 
5423 2827 1517 2829 
5424 225 143 2828 
5425 1517 1516 2829 
5426 860 2096 2830 
5427 2846 1910 2855 
5428 2555 1517 2827 
5429 2540 1464 2826 
5430 2347 997 2833 
5431 1495 1713 2834 
5432 1782 2628 2825 
5433 1525 1290 2853 
5434 1656 1659 2835 
5435 546 2227 2838 
5436 911 2620 2836 
5437 2556 1475 2852 
5438 2854 1988 2862 
5439 2808 1679 2831 
5440 2620 1658 2837 
5441 1679 2693 2831 
5442 1475 2592 2852 
5443 1532 1530 2839 
5444 2260 1712 2847 
5445 1990 2853 2862 
5446 1285 2525 2840 
5447 2525 1709 2841 
5448 2840 2525 2841 
5449 2836 2620 2837 
5450 1240 1238 2842 
5451 1709 2426 2843 
5452 2841 1709 2843 
5453 1523 1524 2844 
5454 2511 2797 2846 
5455 206 122 2857 
5456 1910 1909 2855 
5457 1663 2779 2832 
5458 257 141 2845 
5459 1770 2090 2858 
5460 2861 1713 2864 
5461 123 2712 2857 
5462 2797 1469 2846 
5463 2712 1772 2857 
5464 998 1000 2847 
5465 1528 1526 2848 
5466 1873 1774 2849 
5467 213 2864 2865 
5468 1556 1558 2866 
5469 2849 1774 2851 
5470 217 139 2850 
5471 1774 2475 2851 
5472 119 264 2861 
5473 2834 1713 2861 
5474 2866 1558 2868 
5475 1990 217 2863 
5476 1558 1560 2868 
5477 1592 2803 2867 
5478 213 117 2864 
5479 2857 1772 2858 
5480 1464 1240 2854 
5481 243 2556 2852 
5482 2853 1990 2863 
5483 1554 1556 2865 
5484 1560 1967 2869 
5485 2868 1560 2869 
5486 1290 1476 2853 
5487 1988 1987 2862 
5488 243 2852 2856 
5489 1968 1561 2871 
5490 2717 1464 2854 
5491 2803 234 2867 
5492 2869 1967 2870 
5493 264 2834 2861 
5494 2858 2090 2859 
5495 1967 1968 2870 
5496 2712 243 2856 
5497 122 123 2857 
5498 1561 1562 2872 
5499 2871 1561 2872 
5500 2865 1556 2866 
5501 2870 1968 2871 
5502 1772 1770 2858 
5503 1562 1564 2873 
5504 2872 1562 2873 
5505 2844 1524 2855 
5506 2873 1564 2874 
5507 1564 1825 2874 
5508 2410 206 2859 
5509 2410 2859 2860 
5510 264 2410 2860 
5511 2864 1713 2865 
5512 118 119 2861 
5513 118 2861 2864 
5514 1921 1920 2876 
5515 2877 1195 2878 
5516 117 118 2864 
5517 1825 1552 2875 
5518 1767 1525 2863 
5519 206 2858 2859 
5520 2875 1552 2876 
5521 1713 1554 2865 
5522 2874 1825 2875 
5523 2431 213 2866 
5524 2032 1922 2878 
5525 1193 1195 2877 
5526 1921 2876 2877 
5527 2431 2866 2868 
5528 269 2431 2868 
5529 2740 1592 2867 
5530 2853 1476 2862 
5531 269 2868 2869 
5532 213 2865 2866 
5533 2459 269 2869 
5534 2459 2869 2870 
5535 223 2459 2870 
5536 223 2870 2871 
5537 2458 223 2871 
5538 2458 2871 2872 
5539 270 2458 2872 
5540 270 2872 2873 
5541 2089 270 2873 
5542 2089 2873 2874 
5543 230 2089 2874 
5544 230 2874 2875 
5545 1899 230 2875 
5546 1899 2875 2876 
5547 1920 1899 2876 
5548 1921 2877 2878 
5549 1552 1193 2877 
5550 2876 1552 2877 
5551 1922 1921 2878 
5552 2965 2884 3013 
5553 1459 1461 2879 
5554 1123 2584 2879 
5555 2391 1320 2880 
5556 1723 1413 2880 
5557 2584 1459 2879 
5558 1903 237 2979 
5559 2101 244 2980 
5560 1924 1926 2890 
5561 1413 2391 2880 
5562 68 69 2881 
5563 1760 74 2986 
5564 2039 1461 2884 
5565 94 95 2883 
5566 1461 1462 2884 
5567 1977 1975 2891 
5568 2077 2037 2965 
5569 2038 2036 2882 
5570 2036 2040 2882 
5571 215 68 2881 
5572 2953 1963 3012 
5573 1759 193 2987 
5574 208 1760 2978 
5575 1540 1765 2885 
5576 1547 1541 2885 
5577 1689 1222 2886 
5578 1911 1912 2977 
5579 1728 2896 2935 
5580 1732 2903 2943 
5581 1729 2893 2938 
5582 2192 2902 2942 
5583 2233 2898 2941 
5584 2912 212 2922 
5585 2907 240 2918 
5586 2908 2113 2919 
5587 2114 2901 2919 
5588 2917 231 2933 
5589 2916 261 2925 
5590 2913 1886 2923 
5591 226 94 2883 
5592 1395 2894 2944 
5593 2909 2123 2936 
5594 2914 1885 2939 
5595 2915 242 2940 
5596 1574 2121 2897 
5597 2121 1574 2899 
5598 1097 2114 2900 
5599 2114 1097 2901 
5600 1217 1977 2904 
5601 1977 1217 2905 
5602 1218 2123 2909 
5603 2123 1218 2910 
5604 1462 1739 2884 
5605 82 83 2888 
5606 2020 2019 2887 
5607 1758 167 2988 
5608 1954 1951 2889 
5609 1543 1547 2890 
5610 227 1759 2991 
5611 1584 1878 2954 
5612 1954 2889 3008 
5613 2636 1689 2892 
5614 232 2020 2981 
5615 262 2953 3012 
5616 1888 1949 2894 
5617 33 34 2893 
5618 45 46 2896 
5619 2121 2120 2897 
5620 24 25 2898 
5621 1574 1199 2899 
5622 1096 1097 2899 
5623 2114 2111 2900 
5624 2110 2121 2900 
5625 914 1292 2901 
5626 1097 1015 2901 
5627 19 20 2902 
5628 8 9 2903 
5629 1300 1215 2904 
5630 1213 1217 2904 
5631 2098 2097 2905 
5632 1974 1977 2905 
5633 1217 1212 2906 
5634 2470 1571 2907 
5635 1102 1218 2909 
5636 1000 949 2909 
5637 2122 2123 2910 
5638 2117 2116 2910 
5639 1218 1200 2911 
5640 1586 1575 2912 
5641 2180 2181 2913 
5642 2182 2183 2914 
5643 2230 2231 2915 
5644 2188 2189 2916 
5645 1626 1577 2917 
5646 2260 2847 2908 
5647 2051 2052 2886 
5648 2099 2098 2934 
5649 2118 2117 2937 
5650 47 240 2935 
5651 2112 2113 2936 
5652 35 212 2938 
5653 1883 1886 2939 
5654 2484 1885 2940 
5655 26 242 2941 
5656 21 261 2942 
5657 10 231 2943 
5658 1568 1306 2944 
5659 1395 2221 2945 
5660 2233 2135 2946 
5661 2192 2191 2947 
5662 1732 1570 2948 
5663 1470 1743 2949 
5664 1315 2598 2949 
5665 2883 95 2969 
5666 2567 1451 2950 
5667 250 2035 2995 
5668 1976 251 2996 
5669 236 2965 3013 
5670 1765 249 3006 
5671 1748 1957 2951 
5672 1926 1901 2951 
5673 1320 1198 2954 
5674 1398 1584 2954 
5675 2082 2083 2955 
5676 2056 218 2958 
5677 1541 1540 2885 
5678 1319 1226 2959 
5679 224 2471 2973 
5680 255 2046 2974 
5681 2039 2884 2965 
5682 1844 1840 2960 
5683 2881 69 2972 
5684 1547 2161 3011 
5685 83 84 2961 
5686 1762 266 2976 
5687 244 2102 2998 
5688 1451 1452 2963 
5689 266 1763 3000 
5690 1222 1315 2886 
5691 1880 1584 3001 
5692 219 2088 2970 
5693 267 2400 2971 
5694 1840 1839 2966 
5695 1581 1748 2967 
5696 1741 1714 2952 
5697 1716 1963 2953 
5698 1739 2883 2969 
5699 1761 1724 2968 
5700 2541 1741 2968 
5701 96 236 2969 
5702 1749 1580 2970 
5703 1721 2323 2971 
5704 1736 2881 2972 
5705 70 262 2972 
5706 1789 1787 2973 
5707 1585 1737 2974 
5708 1758 1725 2975 
5709 2729 1982 2975 
5710 63 221 2976 
5711 266 62 2976 
5712 1747 2731 2977 
5713 1760 1727 2978 
5714 2335 1740 2978 
5715 1975 1976 2891 
5716 2353 1722 2979 
5717 175 1823 2980 
5718 244 174 2980 
5719 59 232 2981 
5720 249 149 2983 
5721 250 100 2982 
5722 56 251 2984 
5723 7 252 2985 
5724 75 241 2986 
5725 194 238 2987 
5726 168 263 2988 
5727 272 160 2989 
5728 161 224 2989 
5729 187 219 2990 
5730 2517 1749 2955 
5731 2323 1566 2956 
5732 1718 2045 2992 
5733 1738 2726 2993 
5734 2044 1319 2889 
5735 1735 2308 2994 
5736 2077 98 2995 
5737 99 250 2995 
5738 251 57 2996 
5739 2889 1319 3008 
5740 2142 272 2967 
5741 2345 172 2998 
5742 173 244 2998 
5743 237 82 2888 
5744 1902 1903 2999 
5745 241 1880 3001 
5746 1761 186 2990 
5747 232 60 3000 
5748 61 266 3000 
5749 1584 1583 3001 
5750 1953 252 3015 
5751 200 1 3002 
5752 1 5 3002 
5753 53 2 3003 
5754 1952 274 3002 
5755 2 54 3003 
5756 1972 273 3003 
5757 275 2140 3004 
5758 3 103 3004 
5759 102 3 3004 
5760 276 2163 3005 
5761 4 152 3005 
5762 151 4 3005 
5763 263 2397 2966 
5764 1737 2551 2958 
5765 1790 1789 2957 
5766 2161 1925 3011 
5767 1742 1760 2986 
5768 1951 1953 2889 
5769 1545 1543 2890 
5770 202 1853 2962 
5771 1745 1759 2987 
5772 1982 1790 2957 
5773 1852 1854 2964 
5774 1442 2636 2892 
5775 2051 2886 3009 
5776 2895 1568 2944 
5777 2894 1395 2945 
5778 2898 2233 2946 
5779 2902 2192 2947 
5780 2098 2906 2934 
5781 240 2907 2935 
5782 2113 2908 2936 
5783 2117 2911 2937 
5784 2903 1732 2948 
5785 212 2912 2938 
5786 1886 2913 2939 
5787 1885 2914 2940 
5788 242 2915 2941 
5789 261 2916 2942 
5790 231 2917 2943 
5791 1759 1726 2991 
5792 1566 2075 2956 
5793 239 2893 2895 
5794 239 33 2893 
5795 1949 239 2895 
5796 1887 1888 2894 
5797 228 45 2896 
5798 228 2896 2897 
5799 2120 228 2897 
5800 207 24 2898 
5801 1199 1096 2899 
5802 2111 2110 2900 
5803 1015 914 2901 
5804 216 19 2902 
5805 252 8 2903 
5806 1215 1213 2904 
5807 2097 1974 2905 
5808 1212 1569 2906 
5809 1571 1728 2907 
5810 949 1102 2909 
5811 2116 2122 2910 
5812 1200 1567 2911 
5813 2847 1000 2908 
5814 1575 1729 2912 
5815 2181 2182 2913 
5816 2183 2230 2914 
5817 2231 2233 2915 
5818 2189 2192 2916 
5819 1577 1732 2917 
5820 1746 1758 2988 
5821 1823 202 2962 
5822 1689 2886 3010 
5823 2886 1315 3009 
5824 1714 1747 2952 
5825 1740 1716 2953 
5826 2923 1887 2945 
5827 2924 207 2946 
5828 2926 216 2947 
5829 1569 2918 2934 
5830 1567 2920 2937 
5831 240 2100 2918 
5832 258 2119 2920 
5833 2094 258 2921 
5834 212 2094 2922 
5835 258 2920 2921 
5836 1099 2180 2923 
5837 2094 2921 2922 
5838 2113 2114 2919 
5839 1589 1572 2924 
5840 2924 1572 2925 
5841 1572 2188 2925 
5842 2195 1731 2926 
5843 2926 1731 2927 
5844 1731 1730 2927 
5845 2927 1730 2928 
5846 1730 1913 2928 
5847 1913 1590 2929 
5848 2928 1913 2929 
5849 2929 1590 2930 
5850 1590 1573 2930 
5851 2930 1573 2931 
5852 1573 1591 2931 
5853 1591 1904 2932 
5854 2931 1591 2932 
5855 2932 1904 2933 
5856 1904 1626 2933 
5857 1569 2470 2918 
5858 1292 2260 2919 
5859 2920 2690 2921 
5860 1567 2690 2920 
5861 2690 1588 2921 
5862 1588 1586 2922 
5863 2921 1588 2922 
5864 1886 1887 2923 
5865 2296 207 2924 
5866 2296 2924 2925 
5867 261 2296 2925 
5868 2399 216 2926 
5869 2399 2926 2927 
5870 265 2399 2927 
5871 265 2927 2928 
5872 2412 265 2928 
5873 2412 2928 2929 
5874 222 2412 2929 
5875 222 2929 2930 
5876 2427 222 2930 
5877 2427 2930 2931 
5878 268 2427 2931 
5879 268 2931 2932 
5880 2450 268 2932 
5881 2450 2932 2933 
5882 231 2450 2933 
5883 1099 2923 2945 
5884 1589 2924 2946 
5885 2195 2926 2947 
5886 2918 2100 2934 
5887 2920 2119 2937 
5888 2100 2099 2934 
5889 46 47 2935 
5890 2123 2112 2936 
5891 2119 2118 2937 
5892 34 35 2938 
5893 1885 1883 2939 
5894 242 2484 2940 
5895 25 26 2941 
5896 20 21 2942 
5897 9 10 2943 
5898 1306 1395 2944 
5899 2221 1099 2945 
5900 2135 1589 2946 
5901 2191 2195 2947 
5902 1570 2044 2948 
5903 2598 1470 2949 
5904 1853 1852 2964 
5905 1299 2567 2950 
5906 205 2345 2960 
5907 1901 229 2951 
5908 211 2043 2952 
5909 262 2360 2953 
5910 1198 1398 2954 
5911 260 2082 2955 
5912 221 2396 2956 
5913 271 2441 2957 
5914 218 2058 2958 
5915 1226 1299 2959 
5916 2887 1300 2997 
5917 1845 1844 2960 
5918 2044 2889 3015 
5919 84 210 2961 
5920 2426 1717 2962 
5921 1452 1745 2963 
5922 1750 1761 2990 
5923 2886 2052 3010 
5924 2889 1953 3015 
5925 2045 1326 2964 
5926 1952 6 2985 
5927 1972 55 2984 
5928 101 2140 2982 
5929 150 2163 2983 
5930 1300 2891 2997 
5931 236 2077 2965 
5932 2037 2039 2965 
5933 1839 2085 2966 
5934 1751 1581 2967 
5935 1723 2880 2999 
5936 1724 2541 2968 
5937 95 96 2969 
5938 1580 2699 2970 
5939 1734 1721 2971 
5940 69 70 2972 
5941 2880 1879 2999 
5942 1787 2103 2973 
5943 1733 1585 2974 
5944 1725 2729 2975 
5945 2890 1547 3011 
5946 62 63 2976 
5947 2731 1720 2977 
5948 1727 2335 2978 
5949 1726 2518 2991 
5950 2518 2083 2991 
5951 1887 2894 2945 
5952 1949 2895 2944 
5953 207 2898 2946 
5954 216 2902 2947 
5955 252 2903 2948 
5956 2906 1569 2934 
5957 2907 1728 2935 
5958 2908 1000 2936 
5959 2911 1567 2937 
5960 2912 1729 2938 
5961 2913 2182 2939 
5962 2914 2230 2940 
5963 2915 2233 2941 
5964 2916 2192 2942 
5965 2917 1732 2943 
5966 1722 1723 2979 
5967 174 175 2980 
5968 58 59 2981 
5969 6 7 2985 
5970 55 56 2984 
5971 100 101 2982 
5972 2140 2033 2982 
5973 149 150 2983 
5974 2163 2162 2983 
5975 1953 1952 2985 
5976 1973 1972 2984 
5977 74 75 2986 
5978 193 194 2987 
5979 167 168 2988 
5980 160 161 2989 
5981 186 187 2990 
5982 2083 227 2991 
5983 1720 1718 2992 
5984 58 2981 2996 
5985 2162 2161 3006 
5986 2726 1733 2993 
5987 2308 1734 2994 
5988 98 99 2995 
5989 57 58 2996 
5990 2892 1689 3010 
5991 172 173 2998 
5992 1879 1902 2999 
5993 1315 2949 3009 
5994 60 61 3000 
5995 1583 2372 3001 
5996 274 200 3002 
5997 273 53 3003 
5998 103 275 3004 
5999 152 276 3005 
6000 2972 262 3012 
6001 2969 236 3013 
6002 2885 1765 3006 
6003 2161 2885 3006 
6004 1320 2954 3007 
6005 1319 2959 3008 
6006 1924 2890 3011 
6007 1955 1954 3008 
6008 1878 1879 3007 
6009 2891 1976 2997 
6010 2057 2051 3009 
6011 2020 2887 2997 
6012 2052 2054 3010 
6013 2996 2981 3014 
6014 1925 1924 3011 
6015 1963 1736 3012 
6016 2054 2892 3010 
6017 2884 1739 3013 
6018 252 2948 3015 
6019 2949 2057 3009 
6020 2959 1955 3008 
6021 2954 1878 3007 
6022 2997 1976 3014 
6023 2948 2044 3015 
6024 2020 2997 3014 
6025 1739 2969 3013 
6026 1736 2972 3012 
6027 1976 2996 3014 
6028 2981 2020 3014 
$EndElements
